ID Race,Race,ID Year,Year,Household Income by Race,Household Income by Race Moe,Geography,ID Geography,Slug Geography
0,"Total",2023,"2023",64962,2634,"Adams County, IL","05000US17001","adams-county-il"
0,"Total",2023,"2023",43523,10035,"Alexander County, IL","05000US17003","alexander-county-il"
0,"Total",2023,"2023",61603,5186,"Bond County, IL","05000US17005","bond-county-il"
0,"Total",2023,"2023",81638,4449,"Boone County, IL","05000US17007","boone-county-il"
0,"Total",2023,"2023",72288,6017,"Brown County, IL","05000US17009","brown-county-il"
0,"Total",2023,"2023",65894,2958,"Bureau County, IL","05000US17011","bureau-county-il"
0,"Total",2023,"2023",92095,7054,"Calhoun County, IL","05000US17013","calhoun-county-il"
0,"Total",2023,"2023",60871,3145,"Carroll County, IL","05000US17015","carroll-county-il"
0,"Total",2023,"2023",64907,6467,"Cass County, IL","05000US17017","cass-county-il"
0,"Total",2023,"2023",63091,1587,"Champaign County, IL","05000US17019","champaign-county-il"
0,"Total",2023,"2023",59253,3610.9999999999995,"Christian County, IL","05000US17021","christian-county-il"
0,"Total",2023,"2023",70625,5883,"Clark County, IL","05000US17023","clark-county-il"
0,"Total",2023,"2023",57266,7107.000000000001,"Clay County, IL","05000US17025","clay-county-il"
0,"Total",2023,"2023",82314,4058.0000000000005,"Clinton County, IL","05000US17027","clinton-county-il"
0,"Total",2023,"2023",56040,3322,"Coles County, IL","05000US17029","coles-county-il"
0,"Total",2023,"2023",81797,639,"Cook County, IL","05000US17031","cook-county-il"
0,"Total",2023,"2023",67614,5199,"Crawford County, IL","05000US17033","crawford-county-il"
0,"Total",2023,"2023",69826,6971,"Cumberland County, IL","05000US17035","cumberland-county-il"
0,"Total",2023,"2023",69022,2476,"DeKalb County, IL","05000US17037","dekalb-county-il"
0,"Total",2023,"2023",64802,7326.000000000001,"De Witt County, IL","05000US17039","de-witt-county-il"
0,"Total",2023,"2023",74186,2322,"Douglas County, IL","05000US17041","douglas-county-il"
0,"Total",2023,"2023",110502,1420,"DuPage County, IL","05000US17043","dupage-county-il"
0,"Total",2023,"2023",56909,4609,"Edgar County, IL","05000US17045","edgar-county-il"
0,"Total",2023,"2023",59386,4322,"Edwards County, IL","05000US17047","edwards-county-il"
0,"Total",2023,"2023",75380,4362,"Effingham County, IL","05000US17049","effingham-county-il"
0,"Total",2023,"2023",57113,4152,"Fayette County, IL","05000US17051","fayette-county-il"
0,"Total",2023,"2023",60782,5766,"Ford County, IL","05000US17053","ford-county-il"
0,"Total",2023,"2023",53471,3499.9999999999995,"Franklin County, IL","05000US17055","franklin-county-il"
0,"Total",2023,"2023",58617,2360,"Fulton County, IL","05000US17057","fulton-county-il"
0,"Total",2023,"2023",54626,5865,"Gallatin County, IL","05000US17059","gallatin-county-il"
0,"Total",2023,"2023",60976,2756,"Greene County, IL","05000US17061","greene-county-il"
0,"Total",2023,"2023",93060,4776,"Grundy County, IL","05000US17063","grundy-county-il"
0,"Total",2023,"2023",61520,7883,"Hamilton County, IL","05000US17065","hamilton-county-il"
0,"Total",2023,"2023",65044,3235,"Hancock County, IL","05000US17067","hancock-county-il"
0,"Total",2023,"2023",57155,9459,"Hardin County, IL","05000US17069","hardin-county-il"
0,"Total",2023,"2023",65651,4272,"Henderson County, IL","05000US17071","henderson-county-il"
0,"Total",2023,"2023",69912,3045,"Henry County, IL","05000US17073","henry-county-il"
0,"Total",2023,"2023",62439,3418,"Iroquois County, IL","05000US17075","iroquois-county-il"
0,"Total",2023,"2023",45572,3777,"Jackson County, IL","05000US17077","jackson-county-il"
0,"Total",2023,"2023",71094,6014,"Jasper County, IL","05000US17079","jasper-county-il"
0,"Total",2023,"2023",61102,2397,"Jefferson County, IL","05000US17081","jefferson-county-il"
0,"Total",2023,"2023",79104,7390,"Jersey County, IL","05000US17083","jersey-county-il"
0,"Total",2023,"2023",74954,5135,"Jo Daviess County, IL","05000US17085","jo-daviess-county-il"
0,"Total",2023,"2023",65203,5953,"Johnson County, IL","05000US17087","johnson-county-il"
0,"Total",2023,"2023",100678,1878.9999999999998,"Kane County, IL","05000US17089","kane-county-il"
0,"Total",2023,"2023",68325,2842,"Kankakee County, IL","05000US17091","kankakee-county-il"
0,"Total",2023,"2023",110474,3926.0000000000005,"Kendall County, IL","05000US17093","kendall-county-il"
0,"Total",2023,"2023",53291,3808.9999999999995,"Knox County, IL","05000US17095","knox-county-il"
0,"Total",2023,"2023",108917,1556,"Lake County, IL","05000US17097","lake-county-il"
0,"Total",2023,"2023",72281,2245,"LaSalle County, IL","05000US17099","lasalle-county-il"
0,"Total",2023,"2023",53438,5743,"Lawrence County, IL","05000US17101","lawrence-county-il"
0,"Total",2023,"2023",68459,3600.9999999999995,"Lee County, IL","05000US17103","lee-county-il"
0,"Total",2023,"2023",70796,3681,"Livingston County, IL","05000US17105","livingston-county-il"
0,"Total",2023,"2023",64188,3133,"Logan County, IL","05000US17107","logan-county-il"
0,"Total",2023,"2023",50434,3371,"McDonough County, IL","05000US17109","mcdonough-county-il"
0,"Total",2023,"2023",102836,2073,"McHenry County, IL","05000US17111","mchenry-county-il"
0,"Total",2023,"2023",78329,2870,"McLean County, IL","05000US17113","mclean-county-il"
0,"Total",2023,"2023",62449,2164,"Macon County, IL","05000US17115","macon-county-il"
0,"Total",2023,"2023",68518,4261,"Macoupin County, IL","05000US17117","macoupin-county-il"
0,"Total",2023,"2023",74800,1797.9999999999998,"Madison County, IL","05000US17119","madison-county-il"
0,"Total",2023,"2023",60839,2138,"Marion County, IL","05000US17121","marion-county-il"
0,"Total",2023,"2023",69818,3580.9999999999995,"Marshall County, IL","05000US17123","marshall-county-il"
0,"Total",2023,"2023",62127,2635,"Mason County, IL","05000US17125","mason-county-il"
0,"Total",2023,"2023",62584,5759,"Massac County, IL","05000US17127","massac-county-il"
0,"Total",2023,"2023",81334,4930,"Menard County, IL","05000US17129","menard-county-il"
0,"Total",2023,"2023",71710,3328,"Mercer County, IL","05000US17131","mercer-county-il"
0,"Total",2023,"2023",101635,5124,"Monroe County, IL","05000US17133","monroe-county-il"
0,"Total",2023,"2023",61863,4570,"Montgomery County, IL","05000US17135","montgomery-county-il"
0,"Total",2023,"2023",65175,3868,"Morgan County, IL","05000US17137","morgan-county-il"
0,"Total",2023,"2023",71676,9709,"Moultrie County, IL","05000US17139","moultrie-county-il"
0,"Total",2023,"2023",79244,3185,"Ogle County, IL","05000US17141","ogle-county-il"
0,"Total",2023,"2023",64938,1963.0000000000002,"Peoria County, IL","05000US17143","peoria-county-il"
0,"Total",2023,"2023",59286,4702,"Perry County, IL","05000US17145","perry-county-il"
0,"Total",2023,"2023",87516,7301.000000000001,"Piatt County, IL","05000US17147","piatt-county-il"
0,"Total",2023,"2023",58029,3923,"Pike County, IL","05000US17149","pike-county-il"
0,"Total",2023,"2023",62500,5568,"Pope County, IL","05000US17151","pope-county-il"
0,"Total",2023,"2023",43227,4675,"Pulaski County, IL","05000US17153","pulaski-county-il"
0,"Total",2023,"2023",77526,6560,"Putnam County, IL","05000US17155","putnam-county-il"
0,"Total",2023,"2023",68870,5384,"Randolph County, IL","05000US17157","randolph-county-il"
0,"Total",2023,"2023",60404,6022,"Richland County, IL","05000US17159","richland-county-il"
0,"Total",2023,"2023",66768,2195,"Rock Island County, IL","05000US17161","rock-island-county-il"
0,"Total",2023,"2023",70178,2012.9999999999998,"St. Clair County, IL","05000US17163","st-clair-county-il"
0,"Total",2023,"2023",54945,3306,"Saline County, IL","05000US17165","saline-county-il"
0,"Total",2023,"2023",74114,1576,"Sangamon County, IL","05000US17167","sangamon-county-il"
0,"Total",2023,"2023",66059,4909,"Schuyler County, IL","05000US17169","schuyler-county-il"
0,"Total",2023,"2023",73013,6494,"Scott County, IL","05000US17171","scott-county-il"
0,"Total",2023,"2023",68457,3654,"Shelby County, IL","05000US17173","shelby-county-il"
0,"Total",2023,"2023",62284,6723,"Stark County, IL","05000US17175","stark-county-il"
0,"Total",2023,"2023",61943,3064,"Stephenson County, IL","05000US17177","stephenson-county-il"
0,"Total",2023,"2023",76704,1776,"Tazewell County, IL","05000US17179","tazewell-county-il"
0,"Total",2023,"2023",56420,4692,"Union County, IL","05000US17181","union-county-il"
0,"Total",2023,"2023",54537,1470,"Vermilion County, IL","05000US17183","vermilion-county-il"
0,"Total",2023,"2023",53650,4395,"Wabash County, IL","05000US17185","wabash-county-il"
0,"Total",2023,"2023",64650,6493,"Warren County, IL","05000US17187","warren-county-il"
0,"Total",2023,"2023",75652,4315,"Washington County, IL","05000US17189","washington-county-il"
0,"Total",2023,"2023",53107,4114,"Wayne County, IL","05000US17191","wayne-county-il"
0,"Total",2023,"2023",53097,4680,"White County, IL","05000US17193","white-county-il"
0,"Total",2023,"2023",64536,4377,"Whiteside County, IL","05000US17195","whiteside-county-il"
0,"Total",2023,"2023",107799,1286,"Will County, IL","05000US17197","will-county-il"
0,"Total",2023,"2023",65521,3734.0000000000005,"Williamson County, IL","05000US17199","williamson-county-il"
0,"Total",2023,"2023",64363,1542,"Winnebago County, IL","05000US17201","winnebago-county-il"
0,"Total",2023,"2023",85629,4904,"Woodford County, IL","05000US17203","woodford-county-il"
1,"White",2023,"2023",65489,2764,"Adams County, IL","05000US17001","adams-county-il"
1,"White",2023,"2023",51875,13290,"Alexander County, IL","05000US17003","alexander-county-il"
1,"White",2023,"2023",63708,4870,"Bond County, IL","05000US17005","bond-county-il"
1,"White",2023,"2023",84568,7603.000000000001,"Boone County, IL","05000US17007","boone-county-il"
1,"White",2023,"2023",72019,6159,"Brown County, IL","05000US17009","brown-county-il"
1,"White",2023,"2023",66113,3160,"Bureau County, IL","05000US17011","bureau-county-il"
1,"White",2023,"2023",91892,7036,"Calhoun County, IL","05000US17013","calhoun-county-il"
1,"White",2023,"2023",61440,3539,"Carroll County, IL","05000US17015","carroll-county-il"
1,"White",2023,"2023",62417,6143,"Cass County, IL","05000US17017","cass-county-il"
1,"White",2023,"2023",75487,1854.0000000000002,"Champaign County, IL","05000US17019","champaign-county-il"
1,"White",2023,"2023",59231,3623,"Christian County, IL","05000US17021","christian-county-il"
1,"White",2023,"2023",71689,6315,"Clark County, IL","05000US17023","clark-county-il"
1,"White",2023,"2023",56003,6797.999999999999,"Clay County, IL","05000US17025","clay-county-il"
1,"White",2023,"2023",82479,4352,"Clinton County, IL","05000US17027","clinton-county-il"
1,"White",2023,"2023",58590,2407,"Coles County, IL","05000US17029","coles-county-il"
1,"White",2023,"2023",99788,973,"Cook County, IL","05000US17031","cook-county-il"
1,"White",2023,"2023",67786,5548,"Crawford County, IL","05000US17033","crawford-county-il"
1,"White",2023,"2023",70078,6861,"Cumberland County, IL","05000US17035","cumberland-county-il"
1,"White",2023,"2023",75784,2833,"DeKalb County, IL","05000US17037","dekalb-county-il"
1,"White",2023,"2023",64856,7231,"De Witt County, IL","05000US17039","de-witt-county-il"
1,"White",2023,"2023",74130,2314,"Douglas County, IL","05000US17041","douglas-county-il"
1,"White",2023,"2023",115049,1779,"DuPage County, IL","05000US17043","dupage-county-il"
1,"White",2023,"2023",56865,4968,"Edgar County, IL","05000US17045","edgar-county-il"
1,"White",2023,"2023",59045,4250,"Edwards County, IL","05000US17047","edwards-county-il"
1,"White",2023,"2023",75509,4419,"Effingham County, IL","05000US17049","effingham-county-il"
1,"White",2023,"2023",55887,4950,"Fayette County, IL","05000US17051","fayette-county-il"
1,"White",2023,"2023",61106,4960,"Ford County, IL","05000US17053","ford-county-il"
1,"White",2023,"2023",54405,3578,"Franklin County, IL","05000US17055","franklin-county-il"
1,"White",2023,"2023",58911,2502,"Fulton County, IL","05000US17057","fulton-county-il"
1,"White",2023,"2023",55547,5992,"Gallatin County, IL","05000US17059","gallatin-county-il"
1,"White",2023,"2023",61136,2828,"Greene County, IL","05000US17061","greene-county-il"
1,"White",2023,"2023",93063,4922,"Grundy County, IL","05000US17063","grundy-county-il"
1,"White",2023,"2023",62561,6811,"Hamilton County, IL","05000US17065","hamilton-county-il"
1,"White",2023,"2023",66422,3168,"Hancock County, IL","05000US17067","hancock-county-il"
1,"White",2023,"2023",57371,9013,"Hardin County, IL","05000US17069","hardin-county-il"
1,"White",2023,"2023",66027,4432,"Henderson County, IL","05000US17071","henderson-county-il"
1,"White",2023,"2023",71141,3336,"Henry County, IL","05000US17073","henry-county-il"
1,"White",2023,"2023",62458,3493,"Iroquois County, IL","05000US17075","iroquois-county-il"
1,"White",2023,"2023",51609,3565.9999999999995,"Jackson County, IL","05000US17077","jackson-county-il"
1,"White",2023,"2023",71194,6558,"Jasper County, IL","05000US17079","jasper-county-il"
1,"White",2023,"2023",62371,3355,"Jefferson County, IL","05000US17081","jefferson-county-il"
1,"White",2023,"2023",80372,7288,"Jersey County, IL","05000US17083","jersey-county-il"
1,"White",2023,"2023",75857,5935,"Jo Daviess County, IL","05000US17085","jo-daviess-county-il"
1,"White",2023,"2023",65355,6333,"Johnson County, IL","05000US17087","johnson-county-il"
1,"White",2023,"2023",108132,2030.9999999999998,"Kane County, IL","05000US17089","kane-county-il"
1,"White",2023,"2023",76965,2650,"Kankakee County, IL","05000US17091","kankakee-county-il"
1,"White",2023,"2023",115105,3474.9999999999995,"Kendall County, IL","05000US17093","kendall-county-il"
1,"White",2023,"2023",56421,3598,"Knox County, IL","05000US17095","knox-county-il"
1,"White",2023,"2023",118411,1706.9999999999998,"Lake County, IL","05000US17097","lake-county-il"
1,"White",2023,"2023",72775,2332,"LaSalle County, IL","05000US17099","lasalle-county-il"
1,"White",2023,"2023",56568,7121,"Lawrence County, IL","05000US17101","lawrence-county-il"
1,"White",2023,"2023",67773,4081.9999999999995,"Lee County, IL","05000US17103","lee-county-il"
1,"White",2023,"2023",71058,4103,"Livingston County, IL","05000US17105","livingston-county-il"
1,"White",2023,"2023",64527,3278,"Logan County, IL","05000US17107","logan-county-il"
1,"White",2023,"2023",51924,3858,"McDonough County, IL","05000US17109","mcdonough-county-il"
1,"White",2023,"2023",104117,2539,"McHenry County, IL","05000US17111","mchenry-county-il"
1,"White",2023,"2023",81990,3166,"McLean County, IL","05000US17113","mclean-county-il"
1,"White",2023,"2023",69794,2208,"Macon County, IL","05000US17115","macon-county-il"
1,"White",2023,"2023",68417,4206,"Macoupin County, IL","05000US17117","macoupin-county-il"
1,"White",2023,"2023",78907,2136,"Madison County, IL","05000US17119","madison-county-il"
1,"White",2023,"2023",61209,2092,"Marion County, IL","05000US17121","marion-county-il"
1,"White",2023,"2023",69841,3876,"Marshall County, IL","05000US17123","marshall-county-il"
1,"White",2023,"2023",62750,2836,"Mason County, IL","05000US17125","mason-county-il"
1,"White",2023,"2023",64020,5180,"Massac County, IL","05000US17127","massac-county-il"
1,"White",2023,"2023",82078,5053,"Menard County, IL","05000US17129","menard-county-il"
1,"White",2023,"2023",72263,3489.9999999999995,"Mercer County, IL","05000US17131","mercer-county-il"
1,"White",2023,"2023",102090,5448,"Monroe County, IL","05000US17133","monroe-county-il"
1,"White",2023,"2023",61547,4875,"Montgomery County, IL","05000US17135","montgomery-county-il"
1,"White",2023,"2023",67831,4163,"Morgan County, IL","05000US17137","morgan-county-il"
1,"White",2023,"2023",71364,9365,"Moultrie County, IL","05000US17139","moultrie-county-il"
1,"White",2023,"2023",80252,3668.0000000000005,"Ogle County, IL","05000US17141","ogle-county-il"
1,"White",2023,"2023",70871,1834.0000000000002,"Peoria County, IL","05000US17143","peoria-county-il"
1,"White",2023,"2023",65240,7530,"Perry County, IL","05000US17145","perry-county-il"
1,"White",2023,"2023",88038,7542,"Piatt County, IL","05000US17147","piatt-county-il"
1,"White",2023,"2023",58129,3884.9999999999995,"Pike County, IL","05000US17149","pike-county-il"
1,"White",2023,"2023",63036,6359,"Pope County, IL","05000US17151","pope-county-il"
1,"White",2023,"2023",56188,7530,"Pulaski County, IL","05000US17153","pulaski-county-il"
1,"White",2023,"2023",75400,7487,"Putnam County, IL","05000US17155","putnam-county-il"
1,"White",2023,"2023",70361,4357,"Randolph County, IL","05000US17157","randolph-county-il"
1,"White",2023,"2023",60673,6003,"Richland County, IL","05000US17159","richland-county-il"
1,"White",2023,"2023",71468,2363,"Rock Island County, IL","05000US17161","rock-island-county-il"
1,"White",2023,"2023",81060,2677,"St. Clair County, IL","05000US17163","st-clair-county-il"
1,"White",2023,"2023",58007,3954,"Saline County, IL","05000US17165","saline-county-il"
1,"White",2023,"2023",79968,2563,"Sangamon County, IL","05000US17167","sangamon-county-il"
1,"White",2023,"2023",65923,5305,"Schuyler County, IL","05000US17169","schuyler-county-il"
1,"White",2023,"2023",73205,6620,"Scott County, IL","05000US17171","scott-county-il"
1,"White",2023,"2023",68644,3374.0000000000005,"Shelby County, IL","05000US17173","shelby-county-il"
1,"White",2023,"2023",63663,7330,"Stark County, IL","05000US17175","stark-county-il"
1,"White",2023,"2023",66609,2809,"Stephenson County, IL","05000US17177","stephenson-county-il"
1,"White",2023,"2023",77314,1888.9999999999998,"Tazewell County, IL","05000US17179","tazewell-county-il"
1,"White",2023,"2023",56096,4609,"Union County, IL","05000US17181","union-county-il"
1,"White",2023,"2023",58653,2219,"Vermilion County, IL","05000US17183","vermilion-county-il"
1,"White",2023,"2023",54513,5952,"Wabash County, IL","05000US17185","wabash-county-il"
1,"White",2023,"2023",65164,6763.000000000001,"Warren County, IL","05000US17187","warren-county-il"
1,"White",2023,"2023",76011,4607,"Washington County, IL","05000US17189","washington-county-il"
1,"White",2023,"2023",53314,4219,"Wayne County, IL","05000US17191","wayne-county-il"
1,"White",2023,"2023",53445,4935,"White County, IL","05000US17193","white-county-il"
1,"White",2023,"2023",67457,3529.9999999999995,"Whiteside County, IL","05000US17195","whiteside-county-il"
1,"White",2023,"2023",113991,1239,"Will County, IL","05000US17197","will-county-il"
1,"White",2023,"2023",66947,3742.9999999999995,"Williamson County, IL","05000US17199","williamson-county-il"
1,"White",2023,"2023",70511,1878,"Winnebago County, IL","05000US17201","winnebago-county-il"
1,"White",2023,"2023",85472,5046,"Woodford County, IL","05000US17203","woodford-county-il"
2,"Black",2023,"2023",34520,6299,"Adams County, IL","05000US17001","adams-county-il"
2,"Black",2023,"2023",37632,11292,"Alexander County, IL","05000US17003","alexander-county-il"
2,"Black",2023,"2023",6393,282,"Bond County, IL","05000US17005","bond-county-il"
2,"Black",2023,"2023",109643,60303,"Boone County, IL","05000US17007","boone-county-il"
2,"Black",2023,"2023",96250,65331,"Carroll County, IL","05000US17015","carroll-county-il"
2,"Black",2023,"2023",78550,6525,"Cass County, IL","05000US17017","cass-county-il"
2,"Black",2023,"2023",41278,4712,"Champaign County, IL","05000US17019","champaign-county-il"
2,"Black",2023,"2023",33194,12329,"Coles County, IL","05000US17029","coles-county-il"
2,"Black",2023,"2023",49888,1056,"Cook County, IL","05000US17031","cook-county-il"
2,"Black",2023,"2023",21270,4789,"DeKalb County, IL","05000US17037","dekalb-county-il"
2,"Black",2023,"2023",68842,4634,"DuPage County, IL","05000US17043","dupage-county-il"
2,"Black",2023,"2023",96250,81284,"Edgar County, IL","05000US17045","edgar-county-il"
2,"Black",2023,"2023",88333,43704,"Grundy County, IL","05000US17063","grundy-county-il"
2,"Black",2023,"2023",60375,11178,"Henry County, IL","05000US17073","henry-county-il"
2,"Black",2023,"2023",96726,26838,"Iroquois County, IL","05000US17075","iroquois-county-il"
2,"Black",2023,"2023",29163,4971,"Jackson County, IL","05000US17077","jackson-county-il"
2,"Black",2023,"2023",30234,15150,"Jefferson County, IL","05000US17081","jefferson-county-il"
2,"Black",2023,"2023",63587,26711,"Jo Daviess County, IL","05000US17085","jo-daviess-county-il"
2,"Black",2023,"2023",66036,8289,"Johnson County, IL","05000US17087","johnson-county-il"
2,"Black",2023,"2023",66998,9390,"Kane County, IL","05000US17089","kane-county-il"
2,"Black",2023,"2023",37815,6345,"Kankakee County, IL","05000US17091","kankakee-county-il"
2,"Black",2023,"2023",83403,15594.000000000002,"Kendall County, IL","05000US17093","kendall-county-il"
2,"Black",2023,"2023",22271,21964,"Knox County, IL","05000US17095","knox-county-il"
2,"Black",2023,"2023",63458,4741,"Lake County, IL","05000US17097","lake-county-il"
2,"Black",2023,"2023",49563,15859.000000000002,"LaSalle County, IL","05000US17099","lasalle-county-il"
2,"Black",2023,"2023",6403,343,"Logan County, IL","05000US17107","logan-county-il"
2,"Black",2023,"2023",39674,14737.000000000002,"McDonough County, IL","05000US17109","mcdonough-county-il"
2,"Black",2023,"2023",77589,44982,"McHenry County, IL","05000US17111","mchenry-county-il"
2,"Black",2023,"2023",32917,6071,"McLean County, IL","05000US17113","mclean-county-il"
2,"Black",2023,"2023",36462,2374,"Macon County, IL","05000US17115","macon-county-il"
2,"Black",2023,"2023",47534,5567,"Madison County, IL","05000US17119","madison-county-il"
2,"Black",2023,"2023",55833,13854,"Massac County, IL","05000US17127","massac-county-il"
2,"Black",2023,"2023",29112,8929,"Morgan County, IL","05000US17137","morgan-county-il"
2,"Black",2023,"2023",53164,51967,"Ogle County, IL","05000US17141","ogle-county-il"
2,"Black",2023,"2023",33934,4479,"Peoria County, IL","05000US17143","peoria-county-il"
2,"Black",2023,"2023",40739,27806,"Perry County, IL","05000US17145","perry-county-il"
2,"Black",2023,"2023",28245,5151,"Pulaski County, IL","05000US17153","pulaski-county-il"
2,"Black",2023,"2023",53667,511.00000000000006,"Richland County, IL","05000US17159","richland-county-il"
2,"Black",2023,"2023",37087,4770,"Rock Island County, IL","05000US17161","rock-island-county-il"
2,"Black",2023,"2023",43710,3767.9999999999995,"St. Clair County, IL","05000US17163","st-clair-county-il"
2,"Black",2023,"2023",43598,27972,"Saline County, IL","05000US17165","saline-county-il"
2,"Black",2023,"2023",33087,5487,"Sangamon County, IL","05000US17167","sangamon-county-il"
2,"Black",2023,"2023",88889,68394,"Stark County, IL","05000US17175","stark-county-il"
2,"Black",2023,"2023",23966,2760,"Stephenson County, IL","05000US17177","stephenson-county-il"
2,"Black",2023,"2023",44892,23738,"Tazewell County, IL","05000US17179","tazewell-county-il"
2,"Black",2023,"2023",32214,6444,"Vermilion County, IL","05000US17183","vermilion-county-il"
2,"Black",2023,"2023",71711,30996,"Warren County, IL","05000US17187","warren-county-il"
2,"Black",2023,"2023",53340,28560,"Whiteside County, IL","05000US17195","whiteside-county-il"
2,"Black",2023,"2023",76435,3492,"Will County, IL","05000US17197","will-county-il"
2,"Black",2023,"2023",33023,11576,"Williamson County, IL","05000US17199","williamson-county-il"
2,"Black",2023,"2023",34402,2074,"Winnebago County, IL","05000US17201","winnebago-county-il"
3,"Native American",2023,"2023",39167,14228.999999999998,"Cass County, IL","05000US17017","cass-county-il"
3,"Native American",2023,"2023",53269,35282,"Champaign County, IL","05000US17019","champaign-county-il"
3,"Native American",2023,"2023",71372,6539,"Cook County, IL","05000US17031","cook-county-il"
3,"Native American",2023,"2023",11283,69,"Crawford County, IL","05000US17033","crawford-county-il"
3,"Native American",2023,"2023",85724,67706,"DeKalb County, IL","05000US17037","dekalb-county-il"
3,"Native American",2023,"2023",36250,22540,"Douglas County, IL","05000US17041","douglas-county-il"
3,"Native American",2023,"2023",96458,22170,"DuPage County, IL","05000US17043","dupage-county-il"
3,"Native American",2023,"2023",98750,31114,"Effingham County, IL","05000US17049","effingham-county-il"
3,"Native American",2023,"2023",130750,61225,"Franklin County, IL","05000US17055","franklin-county-il"
3,"Native American",2023,"2023",113333,43239,"Fulton County, IL","05000US17057","fulton-county-il"
3,"Native American",2023,"2023",250001,,"Grundy County, IL","05000US17063","grundy-county-il"
3,"Native American",2023,"2023",125966,9580,"Iroquois County, IL","05000US17075","iroquois-county-il"
3,"Native American",2023,"2023",63125,14699,"Jefferson County, IL","05000US17081","jefferson-county-il"
3,"Native American",2023,"2023",80368,8276,"Kane County, IL","05000US17089","kane-county-il"
3,"Native American",2023,"2023",96875,34678,"Kankakee County, IL","05000US17091","kankakee-county-il"
3,"Native American",2023,"2023",112159,55161,"Kendall County, IL","05000US17093","kendall-county-il"
3,"Native American",2023,"2023",83770,15738,"Lake County, IL","05000US17097","lake-county-il"
3,"Native American",2023,"2023",53500,7808,"LaSalle County, IL","05000US17099","lasalle-county-il"
3,"Native American",2023,"2023",23438,2011.0000000000002,"Lee County, IL","05000US17103","lee-county-il"
3,"Native American",2023,"2023",81500,18315,"McHenry County, IL","05000US17111","mchenry-county-il"
3,"Native American",2023,"2023",98750,82513,"Marion County, IL","05000US17121","marion-county-il"
3,"Native American",2023,"2023",60571,9588,"Ogle County, IL","05000US17141","ogle-county-il"
3,"Native American",2023,"2023",2499,,"Pope County, IL","05000US17151","pope-county-il"
3,"Native American",2023,"2023",38929,10991,"Randolph County, IL","05000US17157","randolph-county-il"
3,"Native American",2023,"2023",93598,78398,"St. Clair County, IL","05000US17163","st-clair-county-il"
3,"Native American",2023,"2023",28750,22397,"Saline County, IL","05000US17165","saline-county-il"
3,"Native American",2023,"2023",31477,5378,"Sangamon County, IL","05000US17167","sangamon-county-il"
3,"Native American",2023,"2023",21957,2049,"Shelby County, IL","05000US17173","shelby-county-il"
3,"Native American",2023,"2023",33958,3569,"Stephenson County, IL","05000US17177","stephenson-county-il"
3,"Native American",2023,"2023",75500,26571,"Union County, IL","05000US17181","union-county-il"
3,"Native American",2023,"2023",11346,244.99999999999997,"Vermilion County, IL","05000US17183","vermilion-county-il"
3,"Native American",2023,"2023",123917,88478,"Whiteside County, IL","05000US17195","whiteside-county-il"
3,"Native American",2023,"2023",66354,43253,"Will County, IL","05000US17197","will-county-il"
3,"Native American",2023,"2023",52806,46662,"Williamson County, IL","05000US17199","williamson-county-il"
3,"Native American",2023,"2023",80208,30506,"Winnebago County, IL","05000US17201","winnebago-county-il"
3,"Native American",2023,"2023",2499,,"Woodford County, IL","05000US17203","woodford-county-il"
4,"Asian",2023,"2023",81638,5928,"Adams County, IL","05000US17001","adams-county-il"
4,"Asian",2023,"2023",73426,1116,"Cass County, IL","05000US17017","cass-county-il"
4,"Asian",2023,"2023",31398,3975,"Champaign County, IL","05000US17019","champaign-county-il"
4,"Asian",2023,"2023",63897,43201,"Christian County, IL","05000US17021","christian-county-il"
4,"Asian",2023,"2023",26202,982,"Coles County, IL","05000US17029","coles-county-il"
4,"Asian",2023,"2023",102080,3473,"Cook County, IL","05000US17031","cook-county-il"
4,"Asian",2023,"2023",250001,,"Crawford County, IL","05000US17033","crawford-county-il"
4,"Asian",2023,"2023",135635,3511.0000000000005,"DuPage County, IL","05000US17043","dupage-county-il"
4,"Asian",2023,"2023",65726,28867.999999999996,"Edgar County, IL","05000US17045","edgar-county-il"
4,"Asian",2023,"2023",111797,20682,"Franklin County, IL","05000US17055","franklin-county-il"
4,"Asian",2023,"2023",43846,920,"Fulton County, IL","05000US17057","fulton-county-il"
4,"Asian",2023,"2023",148625,602,"Greene County, IL","05000US17061","greene-county-il"
4,"Asian",2023,"2023",134583,64817,"Henry County, IL","05000US17073","henry-county-il"
4,"Asian",2023,"2023",8918,327,"Iroquois County, IL","05000US17075","iroquois-county-il"
4,"Asian",2023,"2023",65536,51563,"Jackson County, IL","05000US17077","jackson-county-il"
4,"Asian",2023,"2023",86316,62926,"Jefferson County, IL","05000US17081","jefferson-county-il"
4,"Asian",2023,"2023",72361,19682,"Jo Daviess County, IL","05000US17085","jo-daviess-county-il"
4,"Asian",2023,"2023",123597,9725,"Kane County, IL","05000US17089","kane-county-il"
4,"Asian",2023,"2023",162793,33791,"Kendall County, IL","05000US17093","kendall-county-il"
4,"Asian",2023,"2023",155432,5486,"Lake County, IL","05000US17097","lake-county-il"
4,"Asian",2023,"2023",107585,38709,"LaSalle County, IL","05000US17099","lasalle-county-il"
4,"Asian",2023,"2023",250001,,"Livingston County, IL","05000US17105","livingston-county-il"
4,"Asian",2023,"2023",69444,49597,"McDonough County, IL","05000US17109","mcdonough-county-il"
4,"Asian",2023,"2023",112425,15721,"McHenry County, IL","05000US17111","mchenry-county-il"
4,"Asian",2023,"2023",119356,14463.999999999998,"McLean County, IL","05000US17113","mclean-county-il"
4,"Asian",2023,"2023",72500,64573.99999999999,"Macon County, IL","05000US17115","macon-county-il"
4,"Asian",2023,"2023",85060,32495.999999999996,"Madison County, IL","05000US17119","madison-county-il"
4,"Asian",2023,"2023",106641,6514,"Montgomery County, IL","05000US17135","montgomery-county-il"
4,"Asian",2023,"2023",103613,18473,"Peoria County, IL","05000US17143","peoria-county-il"
4,"Asian",2023,"2023",33867,3090,"Perry County, IL","05000US17145","perry-county-il"
4,"Asian",2023,"2023",126667,91303,"Pike County, IL","05000US17149","pike-county-il"
4,"Asian",2023,"2023",79063,23966,"Rock Island County, IL","05000US17161","rock-island-county-il"
4,"Asian",2023,"2023",68779,15978.000000000002,"St. Clair County, IL","05000US17163","st-clair-county-il"
4,"Asian",2023,"2023",53214,45185,"Saline County, IL","05000US17165","saline-county-il"
4,"Asian",2023,"2023",121302,9131,"Sangamon County, IL","05000US17167","sangamon-county-il"
4,"Asian",2023,"2023",97701,30130,"Tazewell County, IL","05000US17179","tazewell-county-il"
4,"Asian",2023,"2023",49375,30186,"Vermilion County, IL","05000US17183","vermilion-county-il"
4,"Asian",2023,"2023",23438,20261,"Wayne County, IL","05000US17191","wayne-county-il"
4,"Asian",2023,"2023",157383,9951,"Will County, IL","05000US17197","will-county-il"
4,"Asian",2023,"2023",85943,25341,"Williamson County, IL","05000US17199","williamson-county-il"
4,"Asian",2023,"2023",89728,10919,"Winnebago County, IL","05000US17201","winnebago-county-il"
5,"Pacific Islander",2023,"2023",71480,20882,"Cook County, IL","05000US17031","cook-county-il"
5,"Pacific Islander",2023,"2023",106389,34134,"DuPage County, IL","05000US17043","dupage-county-il"
5,"Pacific Islander",2023,"2023",107697,88223,"Kane County, IL","05000US17089","kane-county-il"
5,"Pacific Islander",2023,"2023",155313,24423,"Lake County, IL","05000US17097","lake-county-il"
5,"Pacific Islander",2023,"2023",90859,66231,"Rock Island County, IL","05000US17161","rock-island-county-il"
5,"Pacific Islander",2023,"2023",140455,49727,"Sangamon County, IL","05000US17167","sangamon-county-il"
6,"Other",2023,"2023",80536,77863,"Adams County, IL","05000US17001","adams-county-il"
6,"Other",2023,"2023",57447,33421,"Boone County, IL","05000US17007","boone-county-il"
6,"Other",2023,"2023",63125,16386,"Bureau County, IL","05000US17011","bureau-county-il"
6,"Other",2023,"2023",28109,19272,"Carroll County, IL","05000US17015","carroll-county-il"
6,"Other",2023,"2023",70342,16821,"Cass County, IL","05000US17017","cass-county-il"
6,"Other",2023,"2023",51318,11369,"Champaign County, IL","05000US17019","champaign-county-il"
6,"Other",2023,"2023",250001,,"Christian County, IL","05000US17021","christian-county-il"
6,"Other",2023,"2023",21158,9999,"Coles County, IL","05000US17029","coles-county-il"
6,"Other",2023,"2023",70806,1492,"Cook County, IL","05000US17031","cook-county-il"
6,"Other",2023,"2023",65654,17113,"DeKalb County, IL","05000US17037","dekalb-county-il"
6,"Other",2023,"2023",102250,19742,"De Witt County, IL","05000US17039","de-witt-county-il"
6,"Other",2023,"2023",58958,52850,"Douglas County, IL","05000US17041","douglas-county-il"
6,"Other",2023,"2023",81538,3353,"DuPage County, IL","05000US17043","dupage-county-il"
6,"Other",2023,"2023",86471,21339,"Ford County, IL","05000US17053","ford-county-il"
6,"Other",2023,"2023",30230,12274,"Franklin County, IL","05000US17055","franklin-county-il"
6,"Other",2023,"2023",131250,40095,"Fulton County, IL","05000US17057","fulton-county-il"
6,"Other",2023,"2023",72346,53328,"Grundy County, IL","05000US17063","grundy-county-il"
6,"Other",2023,"2023",72639,58929.99999999999,"Hancock County, IL","05000US17067","hancock-county-il"
6,"Other",2023,"2023",141000,33502,"Henderson County, IL","05000US17071","henderson-county-il"
6,"Other",2023,"2023",48025,23089,"Henry County, IL","05000US17073","henry-county-il"
6,"Other",2023,"2023",63641,8299,"Iroquois County, IL","05000US17075","iroquois-county-il"
6,"Other",2023,"2023",41663,24399,"Jackson County, IL","05000US17077","jackson-county-il"
6,"Other",2023,"2023",48594,10230,"Jefferson County, IL","05000US17081","jefferson-county-il"
6,"Other",2023,"2023",81785,4712,"Kane County, IL","05000US17089","kane-county-il"
6,"Other",2023,"2023",62436,10156,"Kankakee County, IL","05000US17091","kankakee-county-il"
6,"Other",2023,"2023",95997,5691,"Kendall County, IL","05000US17093","kendall-county-il"
6,"Other",2023,"2023",47741,26247,"Knox County, IL","05000US17095","knox-county-il"
6,"Other",2023,"2023",76154,3985,"Lake County, IL","05000US17097","lake-county-il"
6,"Other",2023,"2023",83295,27150,"LaSalle County, IL","05000US17099","lasalle-county-il"
6,"Other",2023,"2023",67727,31502,"Lee County, IL","05000US17103","lee-county-il"
6,"Other",2023,"2023",59375,19621,"Livingston County, IL","05000US17105","livingston-county-il"
6,"Other",2023,"2023",84281,11314,"McHenry County, IL","05000US17111","mchenry-county-il"
6,"Other",2023,"2023",61604,8600,"McLean County, IL","05000US17113","mclean-county-il"
6,"Other",2023,"2023",45833,25328,"Macon County, IL","05000US17115","macon-county-il"
6,"Other",2023,"2023",36154,19215,"Madison County, IL","05000US17119","madison-county-il"
6,"Other",2023,"2023",130486,130141,"Marion County, IL","05000US17121","marion-county-il"
6,"Other",2023,"2023",23938,19620,"Mercer County, IL","05000US17131","mercer-county-il"
6,"Other",2023,"2023",86471,719,"Monroe County, IL","05000US17133","monroe-county-il"
6,"Other",2023,"2023",48026,13009,"Morgan County, IL","05000US17137","morgan-county-il"
6,"Other",2023,"2023",52443,35260,"Ogle County, IL","05000US17141","ogle-county-il"
6,"Other",2023,"2023",54693,12237,"Peoria County, IL","05000US17143","peoria-county-il"
6,"Other",2023,"2023",31404,725,"Perry County, IL","05000US17145","perry-county-il"
6,"Other",2023,"2023",11538,600,"Pike County, IL","05000US17149","pike-county-il"
6,"Other",2023,"2023",40000,11109,"Pulaski County, IL","05000US17153","pulaski-county-il"
6,"Other",2023,"2023",80250,38496,"Putnam County, IL","05000US17155","putnam-county-il"
6,"Other",2023,"2023",54375,51658,"Randolph County, IL","05000US17157","randolph-county-il"
6,"Other",2023,"2023",120347,94977,"Richland County, IL","05000US17159","richland-county-il"
6,"Other",2023,"2023",67028,19448,"Rock Island County, IL","05000US17161","rock-island-county-il"
6,"Other",2023,"2023",71667,33727,"St. Clair County, IL","05000US17163","st-clair-county-il"
6,"Other",2023,"2023",87800,50010,"Sangamon County, IL","05000US17167","sangamon-county-il"
6,"Other",2023,"2023",146500,51555,"Shelby County, IL","05000US17173","shelby-county-il"
6,"Other",2023,"2023",74167,57103.00000000001,"Stark County, IL","05000US17175","stark-county-il"
6,"Other",2023,"2023",72695,30591.999999999996,"Tazewell County, IL","05000US17179","tazewell-county-il"
6,"Other",2023,"2023",43438,26637,"Vermilion County, IL","05000US17183","vermilion-county-il"
6,"Other",2023,"2023",41354,24008,"White County, IL","05000US17193","white-county-il"
6,"Other",2023,"2023",63975,21633,"Whiteside County, IL","05000US17195","whiteside-county-il"
6,"Other",2023,"2023",80615,5147,"Will County, IL","05000US17197","will-county-il"
6,"Other",2023,"2023",103246,25920,"Williamson County, IL","05000US17199","williamson-county-il"
6,"Other",2023,"2023",68311,11870,"Winnebago County, IL","05000US17201","winnebago-county-il"
6,"Other",2023,"2023",55735,37352,"Woodford County, IL","05000US17203","woodford-county-il"
7,"Two Or More",2023,"2023",91648,28806.999999999996,"Adams County, IL","05000US17001","adams-county-il"
7,"Two Or More",2023,"2023",14375,5085,"Alexander County, IL","05000US17003","alexander-county-il"
7,"Two Or More",2023,"2023",31536,19524,"Bond County, IL","05000US17005","bond-county-il"
7,"Two Or More",2023,"2023",57861,44064,"Boone County, IL","05000US17007","boone-county-il"
7,"Two Or More",2023,"2023",54135,26373,"Bureau County, IL","05000US17011","bureau-county-il"
7,"Two Or More",2023,"2023",66964,38020,"Carroll County, IL","05000US17015","carroll-county-il"
7,"Two Or More",2023,"2023",78750,27550.999999999996,"Cass County, IL","05000US17017","cass-county-il"
7,"Two Or More",2023,"2023",55093,9495,"Champaign County, IL","05000US17019","champaign-county-il"
7,"Two Or More",2023,"2023",89107,75802,"Christian County, IL","05000US17021","christian-county-il"
7,"Two Or More",2023,"2023",55898,11295,"Clark County, IL","05000US17023","clark-county-il"
7,"Two Or More",2023,"2023",72969,19376,"Clay County, IL","05000US17025","clay-county-il"
7,"Two Or More",2023,"2023",80250,33387,"Clinton County, IL","05000US17027","clinton-county-il"
7,"Two Or More",2023,"2023",22039,14187,"Coles County, IL","05000US17029","coles-county-il"
7,"Two Or More",2023,"2023",76615,2017,"Cook County, IL","05000US17031","cook-county-il"
7,"Two Or More",2023,"2023",71767,13745.999999999998,"Crawford County, IL","05000US17033","crawford-county-il"
7,"Two Or More",2023,"2023",48750,21677,"Cumberland County, IL","05000US17035","cumberland-county-il"
7,"Two Or More",2023,"2023",65862,16820,"DeKalb County, IL","05000US17037","dekalb-county-il"
7,"Two Or More",2023,"2023",61685,41513,"De Witt County, IL","05000US17039","de-witt-county-il"
7,"Two Or More",2023,"2023",84327,17764,"Douglas County, IL","05000US17041","douglas-county-il"
7,"Two Or More",2023,"2023",94187,4608,"DuPage County, IL","05000US17043","dupage-county-il"
7,"Two Or More",2023,"2023",39375,35487,"Edgar County, IL","05000US17045","edgar-county-il"
7,"Two Or More",2023,"2023",85536,5503,"Effingham County, IL","05000US17049","effingham-county-il"
7,"Two Or More",2023,"2023",60500,36636,"Fayette County, IL","05000US17051","fayette-county-il"
7,"Two Or More",2023,"2023",53750,38772,"Ford County, IL","05000US17053","ford-county-il"
7,"Two Or More",2023,"2023",47286,17133,"Franklin County, IL","05000US17055","franklin-county-il"
7,"Two Or More",2023,"2023",53415,8240,"Fulton County, IL","05000US17057","fulton-county-il"
7,"Two Or More",2023,"2023",52656,32895,"Gallatin County, IL","05000US17059","gallatin-county-il"
7,"Two Or More",2023,"2023",53150,5171,"Greene County, IL","05000US17061","greene-county-il"
7,"Two Or More",2023,"2023",105556,45498,"Grundy County, IL","05000US17063","grundy-county-il"
7,"Two Or More",2023,"2023",40556,11060,"Hancock County, IL","05000US17067","hancock-county-il"
7,"Two Or More",2023,"2023",43194,5601,"Henderson County, IL","05000US17071","henderson-county-il"
7,"Two Or More",2023,"2023",67140,13853,"Henry County, IL","05000US17073","henry-county-il"
7,"Two Or More",2023,"2023",51667,43099,"Iroquois County, IL","05000US17075","iroquois-county-il"
7,"Two Or More",2023,"2023",41250,10027,"Jackson County, IL","05000US17077","jackson-county-il"
7,"Two Or More",2023,"2023",47000,35422,"Jasper County, IL","05000US17079","jasper-county-il"
7,"Two Or More",2023,"2023",58523,15925,"Jefferson County, IL","05000US17081","jefferson-county-il"
7,"Two Or More",2023,"2023",51216,37887,"Jersey County, IL","05000US17083","jersey-county-il"
7,"Two Or More",2023,"2023",76510,13148,"Jo Daviess County, IL","05000US17085","jo-daviess-county-il"
7,"Two Or More",2023,"2023",59911,15898.000000000002,"Johnson County, IL","05000US17087","johnson-county-il"
7,"Two Or More",2023,"2023",85804,6640,"Kane County, IL","05000US17089","kane-county-il"
7,"Two Or More",2023,"2023",71964,9819,"Kankakee County, IL","05000US17091","kankakee-county-il"
7,"Two Or More",2023,"2023",97219,14038,"Kendall County, IL","05000US17093","kendall-county-il"
7,"Two Or More",2023,"2023",49187,5673,"Knox County, IL","05000US17095","knox-county-il"
7,"Two Or More",2023,"2023",83191,6755.999999999999,"Lake County, IL","05000US17097","lake-county-il"
7,"Two Or More",2023,"2023",66908,9690,"LaSalle County, IL","05000US17099","lasalle-county-il"
7,"Two Or More",2023,"2023",51363,436,"Lawrence County, IL","05000US17101","lawrence-county-il"
7,"Two Or More",2023,"2023",83125,22714,"Lee County, IL","05000US17103","lee-county-il"
7,"Two Or More",2023,"2023",85517,38176,"Livingston County, IL","05000US17105","livingston-county-il"
7,"Two Or More",2023,"2023",79463,20250,"Logan County, IL","05000US17107","logan-county-il"
7,"Two Or More",2023,"2023",49688,39006,"McDonough County, IL","05000US17109","mcdonough-county-il"
7,"Two Or More",2023,"2023",96424,3796,"McHenry County, IL","05000US17111","mchenry-county-il"
7,"Two Or More",2023,"2023",65920,14505,"McLean County, IL","05000US17113","mclean-county-il"
7,"Two Or More",2023,"2023",46250,16934,"Macon County, IL","05000US17115","macon-county-il"
7,"Two Or More",2023,"2023",76724,27856,"Macoupin County, IL","05000US17117","macoupin-county-il"
7,"Two Or More",2023,"2023",61210,9025,"Madison County, IL","05000US17119","madison-county-il"
7,"Two Or More",2023,"2023",52083,11301,"Marion County, IL","05000US17121","marion-county-il"
7,"Two Or More",2023,"2023",70781,17826,"Marshall County, IL","05000US17123","marshall-county-il"
7,"Two Or More",2023,"2023",69375,55948,"Massac County, IL","05000US17127","massac-county-il"
7,"Two Or More",2023,"2023",43125,26481,"Menard County, IL","05000US17129","menard-county-il"
7,"Two Or More",2023,"2023",55417,34459,"Mercer County, IL","05000US17131","mercer-county-il"
7,"Two Or More",2023,"2023",99896,24797,"Monroe County, IL","05000US17133","monroe-county-il"
7,"Two Or More",2023,"2023",33011,9217,"Morgan County, IL","05000US17137","morgan-county-il"
7,"Two Or More",2023,"2023",117212,26549,"Moultrie County, IL","05000US17139","moultrie-county-il"
7,"Two Or More",2023,"2023",77946,16852,"Ogle County, IL","05000US17141","ogle-county-il"
7,"Two Or More",2023,"2023",63409,13949.999999999998,"Peoria County, IL","05000US17143","peoria-county-il"
7,"Two Or More",2023,"2023",57820,41450,"Perry County, IL","05000US17145","perry-county-il"
7,"Two Or More",2023,"2023",91667,34503,"Piatt County, IL","05000US17147","piatt-county-il"
7,"Two Or More",2023,"2023",53654,16196,"Pope County, IL","05000US17151","pope-county-il"
7,"Two Or More",2023,"2023",60750,11654,"Pulaski County, IL","05000US17153","pulaski-county-il"
7,"Two Or More",2023,"2023",83421,7335,"Putnam County, IL","05000US17155","putnam-county-il"
7,"Two Or More",2023,"2023",41917,11907,"Randolph County, IL","05000US17157","randolph-county-il"
7,"Two Or More",2023,"2023",30588,14486,"Richland County, IL","05000US17159","richland-county-il"
7,"Two Or More",2023,"2023",58827,5815,"Rock Island County, IL","05000US17161","rock-island-county-il"
7,"Two Or More",2023,"2023",70332,8161.000000000001,"St. Clair County, IL","05000US17163","st-clair-county-il"
7,"Two Or More",2023,"2023",40974,4305,"Saline County, IL","05000US17165","saline-county-il"
7,"Two Or More",2023,"2023",54605,10507,"Sangamon County, IL","05000US17167","sangamon-county-il"
7,"Two Or More",2023,"2023",57222,36656,"Scott County, IL","05000US17171","scott-county-il"
7,"Two Or More",2023,"2023",39940,25618,"Shelby County, IL","05000US17173","shelby-county-il"
7,"Two Or More",2023,"2023",29875,28674,"Stark County, IL","05000US17175","stark-county-il"
7,"Two Or More",2023,"2023",57171,24330,"Stephenson County, IL","05000US17177","stephenson-county-il"
7,"Two Or More",2023,"2023",77603,19987,"Tazewell County, IL","05000US17179","tazewell-county-il"
7,"Two Or More",2023,"2023",58667,35296,"Union County, IL","05000US17181","union-county-il"
7,"Two Or More",2023,"2023",46336,9178,"Vermilion County, IL","05000US17183","vermilion-county-il"
7,"Two Or More",2023,"2023",63942,57584,"Warren County, IL","05000US17187","warren-county-il"
7,"Two Or More",2023,"2023",53750,21887,"Washington County, IL","05000US17189","washington-county-il"
7,"Two Or More",2023,"2023",63125,37843,"Wayne County, IL","05000US17191","wayne-county-il"
7,"Two Or More",2023,"2023",40543,10386,"Whiteside County, IL","05000US17195","whiteside-county-il"
7,"Two Or More",2023,"2023",96600,5210,"Will County, IL","05000US17197","will-county-il"
7,"Two Or More",2023,"2023",65357,27710.999999999996,"Williamson County, IL","05000US17199","williamson-county-il"
7,"Two Or More",2023,"2023",55986,4984,"Winnebago County, IL","05000US17201","winnebago-county-il"
7,"Two Or More",2023,"2023",116071,22734,"Woodford County, IL","05000US17203","woodford-county-il"
8,"White Non-Hispanic",2023,"2023",65587,2734,"Adams County, IL","05000US17001","adams-county-il"
8,"White Non-Hispanic",2023,"2023",51736,13419,"Alexander County, IL","05000US17003","alexander-county-il"
8,"White Non-Hispanic",2023,"2023",63652,4836,"Bond County, IL","05000US17005","bond-county-il"
8,"White Non-Hispanic",2023,"2023",84101,7847.000000000001,"Boone County, IL","05000US17007","boone-county-il"
8,"White Non-Hispanic",2023,"2023",72019,6159,"Brown County, IL","05000US17009","brown-county-il"
8,"White Non-Hispanic",2023,"2023",65929,3234,"Bureau County, IL","05000US17011","bureau-county-il"
8,"White Non-Hispanic",2023,"2023",91892,7036,"Calhoun County, IL","05000US17013","calhoun-county-il"
8,"White Non-Hispanic",2023,"2023",61491,3547,"Carroll County, IL","05000US17015","carroll-county-il"
8,"White Non-Hispanic",2023,"2023",60944,4640,"Cass County, IL","05000US17017","cass-county-il"
8,"White Non-Hispanic",2023,"2023",76182,2009,"Champaign County, IL","05000US17019","champaign-county-il"
8,"White Non-Hispanic",2023,"2023",59519,3560.9999999999995,"Christian County, IL","05000US17021","christian-county-il"
8,"White Non-Hispanic",2023,"2023",71385,6292,"Clark County, IL","05000US17023","clark-county-il"
8,"White Non-Hispanic",2023,"2023",56003,6792.999999999999,"Clay County, IL","05000US17025","clay-county-il"
8,"White Non-Hispanic",2023,"2023",82331,4276,"Clinton County, IL","05000US17027","clinton-county-il"
8,"White Non-Hispanic",2023,"2023",58599,2405,"Coles County, IL","05000US17029","coles-county-il"
8,"White Non-Hispanic",2023,"2023",102778,938,"Cook County, IL","05000US17031","cook-county-il"
8,"White Non-Hispanic",2023,"2023",68346,5441,"Crawford County, IL","05000US17033","crawford-county-il"
8,"White Non-Hispanic",2023,"2023",70078,6861,"Cumberland County, IL","05000US17035","cumberland-county-il"
8,"White Non-Hispanic",2023,"2023",74803,3277,"DeKalb County, IL","05000US17037","dekalb-county-il"
8,"White Non-Hispanic",2023,"2023",64550,6899,"De Witt County, IL","05000US17039","de-witt-county-il"
8,"White Non-Hispanic",2023,"2023",74185,2318,"Douglas County, IL","05000US17041","douglas-county-il"
8,"White Non-Hispanic",2023,"2023",117008,1753.0000000000002,"DuPage County, IL","05000US17043","dupage-county-il"
8,"White Non-Hispanic",2023,"2023",57000,5074,"Edgar County, IL","05000US17045","edgar-county-il"
8,"White Non-Hispanic",2023,"2023",59136,4274,"Edwards County, IL","05000US17047","edwards-county-il"
8,"White Non-Hispanic",2023,"2023",75208,4285,"Effingham County, IL","05000US17049","effingham-county-il"
8,"White Non-Hispanic",2023,"2023",56060,5025,"Fayette County, IL","05000US17051","fayette-county-il"
8,"White Non-Hispanic",2023,"2023",61042,5649,"Ford County, IL","05000US17053","ford-county-il"
8,"White Non-Hispanic",2023,"2023",54371,3588,"Franklin County, IL","05000US17055","franklin-county-il"
8,"White Non-Hispanic",2023,"2023",58956,2521,"Fulton County, IL","05000US17057","fulton-county-il"
8,"White Non-Hispanic",2023,"2023",55547,5992,"Gallatin County, IL","05000US17059","gallatin-county-il"
8,"White Non-Hispanic",2023,"2023",61143,2828,"Greene County, IL","05000US17061","greene-county-il"
8,"White Non-Hispanic",2023,"2023",92628,6158,"Grundy County, IL","05000US17063","grundy-county-il"
8,"White Non-Hispanic",2023,"2023",62561,6811,"Hamilton County, IL","05000US17065","hamilton-county-il"
8,"White Non-Hispanic",2023,"2023",66531,3170,"Hancock County, IL","05000US17067","hancock-county-il"
8,"White Non-Hispanic",2023,"2023",57241,9038,"Hardin County, IL","05000US17069","hardin-county-il"
8,"White Non-Hispanic",2023,"2023",66096,4373,"Henderson County, IL","05000US17071","henderson-county-il"
8,"White Non-Hispanic",2023,"2023",70716,3665,"Henry County, IL","05000US17073","henry-county-il"
8,"White Non-Hispanic",2023,"2023",62721,3462,"Iroquois County, IL","05000US17075","iroquois-county-il"
8,"White Non-Hispanic",2023,"2023",51964,3400.0000000000005,"Jackson County, IL","05000US17077","jackson-county-il"
8,"White Non-Hispanic",2023,"2023",71272,6706,"Jasper County, IL","05000US17079","jasper-county-il"
8,"White Non-Hispanic",2023,"2023",62311,3289,"Jefferson County, IL","05000US17081","jefferson-county-il"
8,"White Non-Hispanic",2023,"2023",80155,7480,"Jersey County, IL","05000US17083","jersey-county-il"
8,"White Non-Hispanic",2023,"2023",76560,5869,"Jo Daviess County, IL","05000US17085","jo-daviess-county-il"
8,"White Non-Hispanic",2023,"2023",65061,6752,"Johnson County, IL","05000US17087","johnson-county-il"
8,"White Non-Hispanic",2023,"2023",110394,2636,"Kane County, IL","05000US17089","kane-county-il"
8,"White Non-Hispanic",2023,"2023",77719,2577,"Kankakee County, IL","05000US17091","kankakee-county-il"
8,"White Non-Hispanic",2023,"2023",115968,3059,"Kendall County, IL","05000US17093","kendall-county-il"
8,"White Non-Hispanic",2023,"2023",56704,3564,"Knox County, IL","05000US17095","knox-county-il"
8,"White Non-Hispanic",2023,"2023",122099,1792.9999999999998,"Lake County, IL","05000US17097","lake-county-il"
8,"White Non-Hispanic",2023,"2023",72871,2395,"LaSalle County, IL","05000US17099","lasalle-county-il"
8,"White Non-Hispanic",2023,"2023",56432,7093,"Lawrence County, IL","05000US17101","lawrence-county-il"
8,"White Non-Hispanic",2023,"2023",68286,4342,"Lee County, IL","05000US17103","lee-county-il"
8,"White Non-Hispanic",2023,"2023",71566,4418,"Livingston County, IL","05000US17105","livingston-county-il"
8,"White Non-Hispanic",2023,"2023",64696,3393.9999999999995,"Logan County, IL","05000US17107","logan-county-il"
8,"White Non-Hispanic",2023,"2023",51792,3651,"McDonough County, IL","05000US17109","mcdonough-county-il"
8,"White Non-Hispanic",2023,"2023",105241,2342,"McHenry County, IL","05000US17111","mchenry-county-il"
8,"White Non-Hispanic",2023,"2023",82542,2999,"McLean County, IL","05000US17113","mclean-county-il"
8,"White Non-Hispanic",2023,"2023",70023,2120,"Macon County, IL","05000US17115","macon-county-il"
8,"White Non-Hispanic",2023,"2023",68369,4215,"Macoupin County, IL","05000US17117","macoupin-county-il"
8,"White Non-Hispanic",2023,"2023",79377,2067,"Madison County, IL","05000US17119","madison-county-il"
8,"White Non-Hispanic",2023,"2023",61106,2101,"Marion County, IL","05000US17121","marion-county-il"
8,"White Non-Hispanic",2023,"2023",70053,4118,"Marshall County, IL","05000US17123","marshall-county-il"
8,"White Non-Hispanic",2023,"2023",62672,2777,"Mason County, IL","05000US17125","mason-county-il"
8,"White Non-Hispanic",2023,"2023",64473,5205,"Massac County, IL","05000US17127","massac-county-il"
8,"White Non-Hispanic",2023,"2023",82078,5053,"Menard County, IL","05000US17129","menard-county-il"
8,"White Non-Hispanic",2023,"2023",72478,3522,"Mercer County, IL","05000US17131","mercer-county-il"
8,"White Non-Hispanic",2023,"2023",102410,5273,"Monroe County, IL","05000US17133","monroe-county-il"
8,"White Non-Hispanic",2023,"2023",62234,5255,"Montgomery County, IL","05000US17135","montgomery-county-il"
8,"White Non-Hispanic",2023,"2023",68076,4172,"Morgan County, IL","05000US17137","morgan-county-il"
8,"White Non-Hispanic",2023,"2023",71378,9473,"Moultrie County, IL","05000US17139","moultrie-county-il"
8,"White Non-Hispanic",2023,"2023",80592,3594,"Ogle County, IL","05000US17141","ogle-county-il"
8,"White Non-Hispanic",2023,"2023",71496,1787,"Peoria County, IL","05000US17143","peoria-county-il"
8,"White Non-Hispanic",2023,"2023",65253,7428,"Perry County, IL","05000US17145","perry-county-il"
8,"White Non-Hispanic",2023,"2023",88038,7542,"Piatt County, IL","05000US17147","piatt-county-il"
8,"White Non-Hispanic",2023,"2023",58079,3923,"Pike County, IL","05000US17149","pike-county-il"
8,"White Non-Hispanic",2023,"2023",63080,6373,"Pope County, IL","05000US17151","pope-county-il"
8,"White Non-Hispanic",2023,"2023",55688,7854,"Pulaski County, IL","05000US17153","pulaski-county-il"
8,"White Non-Hispanic",2023,"2023",77561,6991,"Putnam County, IL","05000US17155","putnam-county-il"
8,"White Non-Hispanic",2023,"2023",70086,4516,"Randolph County, IL","05000US17157","randolph-county-il"
8,"White Non-Hispanic",2023,"2023",60750,5999,"Richland County, IL","05000US17159","richland-county-il"
8,"White Non-Hispanic",2023,"2023",71847,2487,"Rock Island County, IL","05000US17161","rock-island-county-il"
8,"White Non-Hispanic",2023,"2023",81327,2775,"St. Clair County, IL","05000US17163","st-clair-county-il"
8,"White Non-Hispanic",2023,"2023",57908,4000.9999999999995,"Saline County, IL","05000US17165","saline-county-il"
8,"White Non-Hispanic",2023,"2023",80024,2628,"Sangamon County, IL","05000US17167","sangamon-county-il"
8,"White Non-Hispanic",2023,"2023",66092,5285,"Schuyler County, IL","05000US17169","schuyler-county-il"
8,"White Non-Hispanic",2023,"2023",73205,6620,"Scott County, IL","05000US17171","scott-county-il"
8,"White Non-Hispanic",2023,"2023",68635,3837,"Shelby County, IL","05000US17173","shelby-county-il"
8,"White Non-Hispanic",2023,"2023",63343,7575,"Stark County, IL","05000US17175","stark-county-il"
8,"White Non-Hispanic",2023,"2023",66757,3019,"Stephenson County, IL","05000US17177","stephenson-county-il"
8,"White Non-Hispanic",2023,"2023",77267,1898,"Tazewell County, IL","05000US17179","tazewell-county-il"
8,"White Non-Hispanic",2023,"2023",55875,4580,"Union County, IL","05000US17181","union-county-il"
8,"White Non-Hispanic",2023,"2023",58785,2203,"Vermilion County, IL","05000US17183","vermilion-county-il"
8,"White Non-Hispanic",2023,"2023",54534,5984,"Wabash County, IL","05000US17185","wabash-county-il"
8,"White Non-Hispanic",2023,"2023",65428,6601,"Warren County, IL","05000US17187","warren-county-il"
8,"White Non-Hispanic",2023,"2023",75750,4385,"Washington County, IL","05000US17189","washington-county-il"
8,"White Non-Hispanic",2023,"2023",53429,4156,"Wayne County, IL","05000US17191","wayne-county-il"
8,"White Non-Hispanic",2023,"2023",53492,5000,"White County, IL","05000US17193","white-county-il"
8,"White Non-Hispanic",2023,"2023",66688,4124,"Whiteside County, IL","05000US17195","whiteside-county-il"
8,"White Non-Hispanic",2023,"2023",115217,1855,"Will County, IL","05000US17197","will-county-il"
8,"White Non-Hispanic",2023,"2023",67003,3701.9999999999995,"Williamson County, IL","05000US17199","williamson-county-il"
8,"White Non-Hispanic",2023,"2023",71255,1850.9999999999998,"Winnebago County, IL","05000US17201","winnebago-county-il"
8,"White Non-Hispanic",2023,"2023",85314,5034,"Woodford County, IL","05000US17203","woodford-county-il"
9,"Hispanic",2023,"2023",61875,51291,"Adams County, IL","05000US17001","adams-county-il"
9,"Hispanic",2023,"2023",60278,23232,"Boone County, IL","05000US17007","boone-county-il"
9,"Hispanic",2023,"2023",72102,8727,"Bureau County, IL","05000US17011","bureau-county-il"
9,"Hispanic",2023,"2023",71250,36700,"Calhoun County, IL","05000US17013","calhoun-county-il"
9,"Hispanic",2023,"2023",29095,16394,"Carroll County, IL","05000US17015","carroll-county-il"
9,"Hispanic",2023,"2023",71763,6067,"Cass County, IL","05000US17017","cass-county-il"
9,"Hispanic",2023,"2023",46148,6403,"Champaign County, IL","05000US17019","champaign-county-il"
9,"Hispanic",2023,"2023",86182,14124.000000000002,"Clark County, IL","05000US17023","clark-county-il"
9,"Hispanic",2023,"2023",81563,7037.000000000001,"Clay County, IL","05000US17025","clay-county-il"
9,"Hispanic",2023,"2023",72134,32974,"Clinton County, IL","05000US17027","clinton-county-il"
9,"Hispanic",2023,"2023",28633,21405,"Coles County, IL","05000US17029","coles-county-il"
9,"Hispanic",2023,"2023",72641,1154,"Cook County, IL","05000US17031","cook-county-il"
9,"Hispanic",2023,"2023",54085,22613,"Crawford County, IL","05000US17033","crawford-county-il"
9,"Hispanic",2023,"2023",74844,10237,"DeKalb County, IL","05000US17037","dekalb-county-il"
9,"Hispanic",2023,"2023",122500,34147,"De Witt County, IL","05000US17039","de-witt-county-il"
9,"Hispanic",2023,"2023",87266,29411,"Douglas County, IL","05000US17041","douglas-county-il"
9,"Hispanic",2023,"2023",87157,3405.0000000000005,"DuPage County, IL","05000US17043","dupage-county-il"
9,"Hispanic",2023,"2023",57604,39825,"Edgar County, IL","05000US17045","edgar-county-il"
9,"Hispanic",2023,"2023",83567,18689,"Effingham County, IL","05000US17049","effingham-county-il"
9,"Hispanic",2023,"2023",31583,829,"Fayette County, IL","05000US17051","fayette-county-il"
9,"Hispanic",2023,"2023",80682,38837,"Ford County, IL","05000US17053","ford-county-il"
9,"Hispanic",2023,"2023",22961,17179,"Franklin County, IL","05000US17055","franklin-county-il"
9,"Hispanic",2023,"2023",97212,19813,"Grundy County, IL","05000US17063","grundy-county-il"
9,"Hispanic",2023,"2023",48375,2635,"Hancock County, IL","05000US17067","hancock-county-il"
9,"Hispanic",2023,"2023",125417,22063,"Hardin County, IL","05000US17069","hardin-county-il"
9,"Hispanic",2023,"2023",70492,21707,"Henry County, IL","05000US17073","henry-county-il"
9,"Hispanic",2023,"2023",63150,8801,"Iroquois County, IL","05000US17075","iroquois-county-il"
9,"Hispanic",2023,"2023",41578,9359,"Jackson County, IL","05000US17077","jackson-county-il"
9,"Hispanic",2023,"2023",49467,29415.000000000004,"Jefferson County, IL","05000US17081","jefferson-county-il"
9,"Hispanic",2023,"2023",53942,22262,"Jo Daviess County, IL","05000US17085","jo-daviess-county-il"
9,"Hispanic",2023,"2023",83604,3595,"Kane County, IL","05000US17089","kane-county-il"
9,"Hispanic",2023,"2023",65245,5622,"Kankakee County, IL","05000US17091","kankakee-county-il"
9,"Hispanic",2023,"2023",94601,5360,"Kendall County, IL","05000US17093","kendall-county-il"
9,"Hispanic",2023,"2023",41654,20598,"Knox County, IL","05000US17095","knox-county-il"
9,"Hispanic",2023,"2023",78569,2619,"Lake County, IL","05000US17097","lake-county-il"
9,"Hispanic",2023,"2023",70724,9450,"LaSalle County, IL","05000US17099","lasalle-county-il"
9,"Hispanic",2023,"2023",65804,12252,"Lee County, IL","05000US17103","lee-county-il"
9,"Hispanic",2023,"2023",59801,8443,"Livingston County, IL","05000US17105","livingston-county-il"
9,"Hispanic",2023,"2023",51619,17054,"Logan County, IL","05000US17107","logan-county-il"
9,"Hispanic",2023,"2023",93031,2690,"McHenry County, IL","05000US17111","mchenry-county-il"
9,"Hispanic",2023,"2023",58407,8330,"McLean County, IL","05000US17113","mclean-county-il"
9,"Hispanic",2023,"2023",58200,23637,"Macon County, IL","05000US17115","macon-county-il"
9,"Hispanic",2023,"2023",60893,23647,"Macoupin County, IL","05000US17117","macoupin-county-il"
9,"Hispanic",2023,"2023",52616,9860,"Madison County, IL","05000US17119","madison-county-il"
9,"Hispanic",2023,"2023",91719,19113,"Marion County, IL","05000US17121","marion-county-il"
9,"Hispanic",2023,"2023",68646,38060,"Marshall County, IL","05000US17123","marshall-county-il"
9,"Hispanic",2023,"2023",141953,43443,"Mason County, IL","05000US17125","mason-county-il"
9,"Hispanic",2023,"2023",56607,16953,"Mercer County, IL","05000US17131","mercer-county-il"
9,"Hispanic",2023,"2023",86078,24959,"Monroe County, IL","05000US17133","monroe-county-il"
9,"Hispanic",2023,"2023",34598,32452,"Montgomery County, IL","05000US17135","montgomery-county-il"
9,"Hispanic",2023,"2023",47566,30584,"Morgan County, IL","05000US17137","morgan-county-il"
9,"Hispanic",2023,"2023",62891,14641,"Ogle County, IL","05000US17141","ogle-county-il"
9,"Hispanic",2023,"2023",53074,7936,"Peoria County, IL","05000US17143","peoria-county-il"
9,"Hispanic",2023,"2023",31842,7024,"Perry County, IL","05000US17145","perry-county-il"
9,"Hispanic",2023,"2023",78750,2777,"Piatt County, IL","05000US17147","piatt-county-il"
9,"Hispanic",2023,"2023",130441,86193,"Pulaski County, IL","05000US17153","pulaski-county-il"
9,"Hispanic",2023,"2023",67976,4636,"Putnam County, IL","05000US17155","putnam-county-il"
9,"Hispanic",2023,"2023",54667,30597,"Randolph County, IL","05000US17157","randolph-county-il"
9,"Hispanic",2023,"2023",63756,4164,"Rock Island County, IL","05000US17161","rock-island-county-il"
9,"Hispanic",2023,"2023",64433,10099,"St. Clair County, IL","05000US17163","st-clair-county-il"
9,"Hispanic",2023,"2023",52863,25587,"Saline County, IL","05000US17165","saline-county-il"
9,"Hispanic",2023,"2023",63469,12303,"Sangamon County, IL","05000US17167","sangamon-county-il"
9,"Hispanic",2023,"2023",67083,32217.999999999996,"Stark County, IL","05000US17175","stark-county-il"
9,"Hispanic",2023,"2023",52634,19851,"Stephenson County, IL","05000US17177","stephenson-county-il"
9,"Hispanic",2023,"2023",74504,18311,"Tazewell County, IL","05000US17179","tazewell-county-il"
9,"Hispanic",2023,"2023",49429,6006,"Union County, IL","05000US17181","union-county-il"
9,"Hispanic",2023,"2023",45699,7029.999999999999,"Vermilion County, IL","05000US17183","vermilion-county-il"
9,"Hispanic",2023,"2023",8652,1069,"Wabash County, IL","05000US17185","wabash-county-il"
9,"Hispanic",2023,"2023",43125,37171,"Warren County, IL","05000US17187","warren-county-il"
9,"Hispanic",2023,"2023",120625,42881,"Washington County, IL","05000US17189","washington-county-il"
9,"Hispanic",2023,"2023",33750,31265,"White County, IL","05000US17193","white-county-il"
9,"Hispanic",2023,"2023",58621,15574.999999999998,"Whiteside County, IL","05000US17195","whiteside-county-il"
9,"Hispanic",2023,"2023",90406,3693.0000000000005,"Will County, IL","05000US17197","will-county-il"
9,"Hispanic",2023,"2023",78125,21795,"Williamson County, IL","05000US17199","williamson-county-il"
9,"Hispanic",2023,"2023",58915,3556.0000000000005,"Winnebago County, IL","05000US17201","winnebago-county-il"
9,"Hispanic",2023,"2023",82241,17775,"Woodford County, IL","05000US17203","woodford-county-il"
0,"Total",2022,"2022",63767,2375,"Adams County, IL","05000US17001","adams-county-il"
0,"Total",2022,"2022",40365,8008,"Alexander County, IL","05000US17003","alexander-county-il"
0,"Total",2022,"2022",58617,5412,"Bond County, IL","05000US17005","bond-county-il"
0,"Total",2022,"2022",80502,3759.0000000000005,"Boone County, IL","05000US17007","boone-county-il"
0,"Total",2022,"2022",64760,7747,"Brown County, IL","05000US17009","brown-county-il"
0,"Total",2022,"2022",64165,3293,"Bureau County, IL","05000US17011","bureau-county-il"
0,"Total",2022,"2022",88059,7593.000000000001,"Calhoun County, IL","05000US17013","calhoun-county-il"
0,"Total",2022,"2022",61539,3437,"Carroll County, IL","05000US17015","carroll-county-il"
0,"Total",2022,"2022",64826,5585,"Cass County, IL","05000US17017","cass-county-il"
0,"Total",2022,"2022",61090,1625,"Champaign County, IL","05000US17019","champaign-county-il"
0,"Total",2022,"2022",56933,2958,"Christian County, IL","05000US17021","christian-county-il"
0,"Total",2022,"2022",65874,3693.0000000000005,"Clark County, IL","05000US17023","clark-county-il"
0,"Total",2022,"2022",58028,5553,"Clay County, IL","05000US17025","clay-county-il"
0,"Total",2022,"2022",78054,3585.9999999999995,"Clinton County, IL","05000US17027","clinton-county-il"
0,"Total",2022,"2022",53732,4076,"Coles County, IL","05000US17029","coles-county-il"
0,"Total",2022,"2022",78304,571,"Cook County, IL","05000US17031","cook-county-il"
0,"Total",2022,"2022",64163,5977,"Crawford County, IL","05000US17033","crawford-county-il"
0,"Total",2022,"2022",71274,7545,"Cumberland County, IL","05000US17035","cumberland-county-il"
0,"Total",2022,"2022",68617,2335,"DeKalb County, IL","05000US17037","dekalb-county-il"
0,"Total",2022,"2022",61823,5887,"De Witt County, IL","05000US17039","de-witt-county-il"
0,"Total",2022,"2022",67177,5379,"Douglas County, IL","05000US17041","douglas-county-il"
0,"Total",2022,"2022",107035,1258,"DuPage County, IL","05000US17043","dupage-county-il"
0,"Total",2022,"2022",56687,6375,"Edgar County, IL","05000US17045","edgar-county-il"
0,"Total",2022,"2022",60784,4934,"Edwards County, IL","05000US17047","edwards-county-il"
0,"Total",2022,"2022",73181,3811,"Effingham County, IL","05000US17049","effingham-county-il"
0,"Total",2022,"2022",51962,3590.9999999999995,"Fayette County, IL","05000US17051","fayette-county-il"
0,"Total",2022,"2022",58930,4209,"Ford County, IL","05000US17053","ford-county-il"
0,"Total",2022,"2022",51031,2871,"Franklin County, IL","05000US17055","franklin-county-il"
0,"Total",2022,"2022",57223,2626,"Fulton County, IL","05000US17057","fulton-county-il"
0,"Total",2022,"2022",51868,5442,"Gallatin County, IL","05000US17059","gallatin-county-il"
0,"Total",2022,"2022",58900,2560,"Greene County, IL","05000US17061","greene-county-il"
0,"Total",2022,"2022",89993,3106,"Grundy County, IL","05000US17063","grundy-county-il"
0,"Total",2022,"2022",60574,6428,"Hamilton County, IL","05000US17065","hamilton-county-il"
0,"Total",2022,"2022",61026,3737,"Hancock County, IL","05000US17067","hancock-county-il"
0,"Total",2022,"2022",53026,11006,"Hardin County, IL","05000US17069","hardin-county-il"
0,"Total",2022,"2022",64946,5130,"Henderson County, IL","05000US17071","henderson-county-il"
0,"Total",2022,"2022",66313,3529,"Henry County, IL","05000US17073","henry-county-il"
0,"Total",2022,"2022",62866,3233,"Iroquois County, IL","05000US17075","iroquois-county-il"
0,"Total",2022,"2022",44847,2947,"Jackson County, IL","05000US17077","jackson-county-il"
0,"Total",2022,"2022",67429,5702,"Jasper County, IL","05000US17079","jasper-county-il"
0,"Total",2022,"2022",58384,2185,"Jefferson County, IL","05000US17081","jefferson-county-il"
0,"Total",2022,"2022",77607,7437,"Jersey County, IL","05000US17083","jersey-county-il"
0,"Total",2022,"2022",67729,4200,"Jo Daviess County, IL","05000US17085","jo-daviess-county-il"
0,"Total",2022,"2022",63295,3462,"Johnson County, IL","05000US17087","johnson-county-il"
0,"Total",2022,"2022",96400,1741,"Kane County, IL","05000US17089","kane-county-il"
0,"Total",2022,"2022",65489,2802,"Kankakee County, IL","05000US17091","kankakee-county-il"
0,"Total",2022,"2022",106358,3259,"Kendall County, IL","05000US17093","kendall-county-il"
0,"Total",2022,"2022",50263,3338,"Knox County, IL","05000US17095","knox-county-il"
0,"Total",2022,"2022",104553,1459,"Lake County, IL","05000US17097","lake-county-il"
0,"Total",2022,"2022",67942,2145,"LaSalle County, IL","05000US17099","lasalle-county-il"
0,"Total",2022,"2022",55811,6777,"Lawrence County, IL","05000US17101","lawrence-county-il"
0,"Total",2022,"2022",64588,2939,"Lee County, IL","05000US17103","lee-county-il"
0,"Total",2022,"2022",68175,3105,"Livingston County, IL","05000US17105","livingston-county-il"
0,"Total",2022,"2022",62547,2975,"Logan County, IL","05000US17107","logan-county-il"
0,"Total",2022,"2022",48904,3294,"McDonough County, IL","05000US17109","mcdonough-county-il"
0,"Total",2022,"2022",100101,2306,"McHenry County, IL","05000US17111","mchenry-county-il"
0,"Total",2022,"2022",75356,2591,"McLean County, IL","05000US17113","mclean-county-il"
0,"Total",2022,"2022",59622,2177,"Macon County, IL","05000US17115","macon-county-il"
0,"Total",2022,"2022",64706,2828,"Macoupin County, IL","05000US17117","macoupin-county-il"
0,"Total",2022,"2022",71759,1511,"Madison County, IL","05000US17119","madison-county-il"
0,"Total",2022,"2022",59099,2310,"Marion County, IL","05000US17121","marion-county-il"
0,"Total",2022,"2022",64940,3706.9999999999995,"Marshall County, IL","05000US17123","marshall-county-il"
0,"Total",2022,"2022",58479,3099,"Mason County, IL","05000US17125","mason-county-il"
0,"Total",2022,"2022",57365,5415,"Massac County, IL","05000US17127","massac-county-il"
0,"Total",2022,"2022",84846,5481,"Menard County, IL","05000US17129","menard-county-il"
0,"Total",2022,"2022",67028,3167,"Mercer County, IL","05000US17131","mercer-county-il"
0,"Total",2022,"2022",100685,4771,"Monroe County, IL","05000US17133","monroe-county-il"
0,"Total",2022,"2022",61796,3756,"Montgomery County, IL","05000US17135","montgomery-county-il"
0,"Total",2022,"2022",61188,3522,"Morgan County, IL","05000US17137","morgan-county-il"
0,"Total",2022,"2022",72833,9402,"Moultrie County, IL","05000US17139","moultrie-county-il"
0,"Total",2022,"2022",75782,3204,"Ogle County, IL","05000US17141","ogle-county-il"
0,"Total",2022,"2022",63409,1483,"Peoria County, IL","05000US17143","peoria-county-il"
0,"Total",2022,"2022",56338,3421,"Perry County, IL","05000US17145","perry-county-il"
0,"Total",2022,"2022",81151,8695,"Piatt County, IL","05000US17147","piatt-county-il"
0,"Total",2022,"2022",55514,3704,"Pike County, IL","05000US17149","pike-county-il"
0,"Total",2022,"2022",57582,11811,"Pope County, IL","05000US17151","pope-county-il"
0,"Total",2022,"2022",41038,4450,"Pulaski County, IL","05000US17153","pulaski-county-il"
0,"Total",2022,"2022",75726,7538.000000000001,"Putnam County, IL","05000US17155","putnam-county-il"
0,"Total",2022,"2022",63860,3316,"Randolph County, IL","05000US17157","randolph-county-il"
0,"Total",2022,"2022",61607,6034,"Richland County, IL","05000US17159","richland-county-il"
0,"Total",2022,"2022",64435,1977,"Rock Island County, IL","05000US17161","rock-island-county-il"
0,"Total",2022,"2022",68915,1832,"St. Clair County, IL","05000US17163","st-clair-county-il"
0,"Total",2022,"2022",51710,2597,"Saline County, IL","05000US17165","saline-county-il"
0,"Total",2022,"2022",71653,1845,"Sangamon County, IL","05000US17167","sangamon-county-il"
0,"Total",2022,"2022",63737,6745,"Schuyler County, IL","05000US17169","schuyler-county-il"
0,"Total",2022,"2022",70500,6880.000000000001,"Scott County, IL","05000US17171","scott-county-il"
0,"Total",2022,"2022",65585,3146,"Shelby County, IL","05000US17173","shelby-county-il"
0,"Total",2022,"2022",58125,5401,"Stark County, IL","05000US17175","stark-county-il"
0,"Total",2022,"2022",57527,2369,"Stephenson County, IL","05000US17177","stephenson-county-il"
0,"Total",2022,"2022",74606,1890,"Tazewell County, IL","05000US17179","tazewell-county-il"
0,"Total",2022,"2022",54090,5368,"Union County, IL","05000US17181","union-county-il"
0,"Total",2022,"2022",52787,1819,"Vermilion County, IL","05000US17183","vermilion-county-il"
0,"Total",2022,"2022",54074,5882,"Wabash County, IL","05000US17185","wabash-county-il"
0,"Total",2022,"2022",62700,7148,"Warren County, IL","05000US17187","warren-county-il"
0,"Total",2022,"2022",75111,4845,"Washington County, IL","05000US17189","washington-county-il"
0,"Total",2022,"2022",53522,3908,"Wayne County, IL","05000US17191","wayne-county-il"
0,"Total",2022,"2022",54605,5361,"White County, IL","05000US17193","white-county-il"
0,"Total",2022,"2022",62828,3965.9999999999995,"Whiteside County, IL","05000US17195","whiteside-county-il"
0,"Total",2022,"2022",103678,1442,"Will County, IL","05000US17197","will-county-il"
0,"Total",2022,"2022",60325,3173,"Williamson County, IL","05000US17199","williamson-county-il"
0,"Total",2022,"2022",61738,1336,"Winnebago County, IL","05000US17201","winnebago-county-il"
0,"Total",2022,"2022",80093,4024,"Woodford County, IL","05000US17203","woodford-county-il"
1,"White",2022,"2022",64702,2352,"Adams County, IL","05000US17001","adams-county-il"
1,"White",2022,"2022",50333,10421,"Alexander County, IL","05000US17003","alexander-county-il"
1,"White",2022,"2022",60664,4488,"Bond County, IL","05000US17005","bond-county-il"
1,"White",2022,"2022",81564,6018,"Boone County, IL","05000US17007","boone-county-il"
1,"White",2022,"2022",64952,7674,"Brown County, IL","05000US17009","brown-county-il"
1,"White",2022,"2022",64039,3339,"Bureau County, IL","05000US17011","bureau-county-il"
1,"White",2022,"2022",87533,8029.000000000001,"Calhoun County, IL","05000US17013","calhoun-county-il"
1,"White",2022,"2022",61622,3595.9999999999995,"Carroll County, IL","05000US17015","carroll-county-il"
1,"White",2022,"2022",63067,4872,"Cass County, IL","05000US17017","cass-county-il"
1,"White",2022,"2022",72287,2368,"Champaign County, IL","05000US17019","champaign-county-il"
1,"White",2022,"2022",57137,2936,"Christian County, IL","05000US17021","christian-county-il"
1,"White",2022,"2022",65978,4020,"Clark County, IL","05000US17023","clark-county-il"
1,"White",2022,"2022",57582,6389,"Clay County, IL","05000US17025","clay-county-il"
1,"White",2022,"2022",78339,3604,"Clinton County, IL","05000US17027","clinton-county-il"
1,"White",2022,"2022",55814,2316,"Coles County, IL","05000US17029","coles-county-il"
1,"White",2022,"2022",94837,764,"Cook County, IL","05000US17031","cook-county-il"
1,"White",2022,"2022",63738,5878,"Crawford County, IL","05000US17033","crawford-county-il"
1,"White",2022,"2022",72500,9692,"Cumberland County, IL","05000US17035","cumberland-county-il"
1,"White",2022,"2022",74865,2199,"DeKalb County, IL","05000US17037","dekalb-county-il"
1,"White",2022,"2022",62036,6295,"De Witt County, IL","05000US17039","de-witt-county-il"
1,"White",2022,"2022",66929,5083,"Douglas County, IL","05000US17041","douglas-county-il"
1,"White",2022,"2022",111716,1666,"DuPage County, IL","05000US17043","dupage-county-il"
1,"White",2022,"2022",56735,6430,"Edgar County, IL","05000US17045","edgar-county-il"
1,"White",2022,"2022",60577,5353,"Edwards County, IL","05000US17047","edwards-county-il"
1,"White",2022,"2022",73392,3888,"Effingham County, IL","05000US17049","effingham-county-il"
1,"White",2022,"2022",51950,3443,"Fayette County, IL","05000US17051","fayette-county-il"
1,"White",2022,"2022",59050,3582.0000000000005,"Ford County, IL","05000US17053","ford-county-il"
1,"White",2022,"2022",51903,2913,"Franklin County, IL","05000US17055","franklin-county-il"
1,"White",2022,"2022",57374,2642,"Fulton County, IL","05000US17057","fulton-county-il"
1,"White",2022,"2022",51214,5515,"Gallatin County, IL","05000US17059","gallatin-county-il"
1,"White",2022,"2022",58970,2642,"Greene County, IL","05000US17061","greene-county-il"
1,"White",2022,"2022",89628,3076,"Grundy County, IL","05000US17063","grundy-county-il"
1,"White",2022,"2022",60906,5988,"Hamilton County, IL","05000US17065","hamilton-county-il"
1,"White",2022,"2022",61784,3856,"Hancock County, IL","05000US17067","hancock-county-il"
1,"White",2022,"2022",53289,10792,"Hardin County, IL","05000US17069","hardin-county-il"
1,"White",2022,"2022",65826,4962,"Henderson County, IL","05000US17071","henderson-county-il"
1,"White",2022,"2022",67237,3625.9999999999995,"Henry County, IL","05000US17073","henry-county-il"
1,"White",2022,"2022",62609,3477,"Iroquois County, IL","05000US17075","iroquois-county-il"
1,"White",2022,"2022",50572,2327,"Jackson County, IL","05000US17077","jackson-county-il"
1,"White",2022,"2022",67161,5662,"Jasper County, IL","05000US17079","jasper-county-il"
1,"White",2022,"2022",59212,2427,"Jefferson County, IL","05000US17081","jefferson-county-il"
1,"White",2022,"2022",77744,7849,"Jersey County, IL","05000US17083","jersey-county-il"
1,"White",2022,"2022",67853,4382,"Jo Daviess County, IL","05000US17085","jo-daviess-county-il"
1,"White",2022,"2022",63463,3919,"Johnson County, IL","05000US17087","johnson-county-il"
1,"White",2022,"2022",103931,1963.0000000000002,"Kane County, IL","05000US17089","kane-county-il"
1,"White",2022,"2022",72817,3506.0000000000005,"Kankakee County, IL","05000US17091","kankakee-county-il"
1,"White",2022,"2022",109168,3913,"Kendall County, IL","05000US17093","kendall-county-il"
1,"White",2022,"2022",53316,2851,"Knox County, IL","05000US17095","knox-county-il"
1,"White",2022,"2022",113180,1414,"Lake County, IL","05000US17097","lake-county-il"
1,"White",2022,"2022",69101,2123,"LaSalle County, IL","05000US17099","lasalle-county-il"
1,"White",2022,"2022",55270,6009,"Lawrence County, IL","05000US17101","lawrence-county-il"
1,"White",2022,"2022",64103,2873,"Lee County, IL","05000US17103","lee-county-il"
1,"White",2022,"2022",68672,3433.9999999999995,"Livingston County, IL","05000US17105","livingston-county-il"
1,"White",2022,"2022",63191,3194,"Logan County, IL","05000US17107","logan-county-il"
1,"White",2022,"2022",49984,3716.9999999999995,"McDonough County, IL","05000US17109","mcdonough-county-il"
1,"White",2022,"2022",100682,2672,"McHenry County, IL","05000US17111","mchenry-county-il"
1,"White",2022,"2022",77823,1863.9999999999998,"McLean County, IL","05000US17113","mclean-county-il"
1,"White",2022,"2022",67048,1979.9999999999998,"Macon County, IL","05000US17115","macon-county-il"
1,"White",2022,"2022",65098,2885,"Macoupin County, IL","05000US17117","macoupin-county-il"
1,"White",2022,"2022",75788,1660,"Madison County, IL","05000US17119","madison-county-il"
1,"White",2022,"2022",59303,2279,"Marion County, IL","05000US17121","marion-county-il"
1,"White",2022,"2022",65194,3729.0000000000005,"Marshall County, IL","05000US17123","marshall-county-il"
1,"White",2022,"2022",58971,3096,"Mason County, IL","05000US17125","mason-county-il"
1,"White",2022,"2022",56649,6300,"Massac County, IL","05000US17127","massac-county-il"
1,"White",2022,"2022",84789,5876,"Menard County, IL","05000US17129","menard-county-il"
1,"White",2022,"2022",67398,3202,"Mercer County, IL","05000US17131","mercer-county-il"
1,"White",2022,"2022",101188,4681,"Monroe County, IL","05000US17133","monroe-county-il"
1,"White",2022,"2022",61683,4533,"Montgomery County, IL","05000US17135","montgomery-county-il"
1,"White",2022,"2022",63581,4694,"Morgan County, IL","05000US17137","morgan-county-il"
1,"White",2022,"2022",72639,9436,"Moultrie County, IL","05000US17139","moultrie-county-il"
1,"White",2022,"2022",76716,2794,"Ogle County, IL","05000US17141","ogle-county-il"
1,"White",2022,"2022",68300,1568,"Peoria County, IL","05000US17143","peoria-county-il"
1,"White",2022,"2022",58110,5897,"Perry County, IL","05000US17145","perry-county-il"
1,"White",2022,"2022",80966,8802,"Piatt County, IL","05000US17147","piatt-county-il"
1,"White",2022,"2022",55471,3604,"Pike County, IL","05000US17149","pike-county-il"
1,"White",2022,"2022",58167,10742,"Pope County, IL","05000US17151","pope-county-il"
1,"White",2022,"2022",55417,8638,"Pulaski County, IL","05000US17153","pulaski-county-il"
1,"White",2022,"2022",75323,7580,"Putnam County, IL","05000US17155","putnam-county-il"
1,"White",2022,"2022",64777,3760,"Randolph County, IL","05000US17157","randolph-county-il"
1,"White",2022,"2022",61090,6112,"Richland County, IL","05000US17159","richland-county-il"
1,"White",2022,"2022",69136,2043,"Rock Island County, IL","05000US17161","rock-island-county-il"
1,"White",2022,"2022",78813,2345,"St. Clair County, IL","05000US17163","st-clair-county-il"
1,"White",2022,"2022",54228,3593,"Saline County, IL","05000US17165","saline-county-il"
1,"White",2022,"2022",78333,2698,"Sangamon County, IL","05000US17167","sangamon-county-il"
1,"White",2022,"2022",63827,6699,"Schuyler County, IL","05000US17169","schuyler-county-il"
1,"White",2022,"2022",70917,5928,"Scott County, IL","05000US17171","scott-county-il"
1,"White",2022,"2022",65409,3291,"Shelby County, IL","05000US17173","shelby-county-il"
1,"White",2022,"2022",59313,5470,"Stark County, IL","05000US17175","stark-county-il"
1,"White",2022,"2022",62548,3460.0000000000005,"Stephenson County, IL","05000US17177","stephenson-county-il"
1,"White",2022,"2022",74882,1939,"Tazewell County, IL","05000US17179","tazewell-county-il"
1,"White",2022,"2022",55355,4783,"Union County, IL","05000US17181","union-county-il"
1,"White",2022,"2022",57169,2014,"Vermilion County, IL","05000US17183","vermilion-county-il"
1,"White",2022,"2022",55568,7283,"Wabash County, IL","05000US17185","wabash-county-il"
1,"White",2022,"2022",62663,6969,"Warren County, IL","05000US17187","warren-county-il"
1,"White",2022,"2022",75561,4890,"Washington County, IL","05000US17189","washington-county-il"
1,"White",2022,"2022",54115,4123,"Wayne County, IL","05000US17191","wayne-county-il"
1,"White",2022,"2022",54806,5531,"White County, IL","05000US17193","white-county-il"
1,"White",2022,"2022",65276,3105,"Whiteside County, IL","05000US17195","whiteside-county-il"
1,"White",2022,"2022",109792,1691,"Will County, IL","05000US17197","will-county-il"
1,"White",2022,"2022",61694,3386,"Williamson County, IL","05000US17199","williamson-county-il"
1,"White",2022,"2022",67102,1594,"Winnebago County, IL","05000US17201","winnebago-county-il"
1,"White",2022,"2022",80334,4197,"Woodford County, IL","05000US17203","woodford-county-il"
2,"Black",2022,"2022",30675,4043,"Adams County, IL","05000US17001","adams-county-il"
2,"Black",2022,"2022",35045,7502,"Alexander County, IL","05000US17003","alexander-county-il"
2,"Black",2022,"2022",6430,308,"Bond County, IL","05000US17005","bond-county-il"
2,"Black",2022,"2022",110385,52847,"Boone County, IL","05000US17007","boone-county-il"
2,"Black",2022,"2022",121250,84987,"Bureau County, IL","05000US17011","bureau-county-il"
2,"Black",2022,"2022",94464,48736,"Carroll County, IL","05000US17015","carroll-county-il"
2,"Black",2022,"2022",75804,16394,"Cass County, IL","05000US17017","cass-county-il"
2,"Black",2022,"2022",37362,4797,"Champaign County, IL","05000US17019","champaign-county-il"
2,"Black",2022,"2022",99063,30415,"Clinton County, IL","05000US17027","clinton-county-il"
2,"Black",2022,"2022",29107,18479,"Coles County, IL","05000US17029","coles-county-il"
2,"Black",2022,"2022",47358,925,"Cook County, IL","05000US17031","cook-county-il"
2,"Black",2022,"2022",26635,11193,"DeKalb County, IL","05000US17037","dekalb-county-il"
2,"Black",2022,"2022",66409,4237,"DuPage County, IL","05000US17043","dupage-county-il"
2,"Black",2022,"2022",11510,2260,"Franklin County, IL","05000US17055","franklin-county-il"
2,"Black",2022,"2022",100893,55744,"Grundy County, IL","05000US17063","grundy-county-il"
2,"Black",2022,"2022",55104,7909.999999999999,"Henry County, IL","05000US17073","henry-county-il"
2,"Black",2022,"2022",91776,32954,"Iroquois County, IL","05000US17075","iroquois-county-il"
2,"Black",2022,"2022",30773,6745,"Jackson County, IL","05000US17077","jackson-county-il"
2,"Black",2022,"2022",35880,9286,"Jefferson County, IL","05000US17081","jefferson-county-il"
2,"Black",2022,"2022",62031,15957,"Jo Daviess County, IL","05000US17085","jo-daviess-county-il"
2,"Black",2022,"2022",59611,6591,"Kane County, IL","05000US17089","kane-county-il"
2,"Black",2022,"2022",34965,6418,"Kankakee County, IL","05000US17091","kankakee-county-il"
2,"Black",2022,"2022",81470,21553,"Kendall County, IL","05000US17093","kendall-county-il"
2,"Black",2022,"2022",23292,8031,"Knox County, IL","05000US17095","knox-county-il"
2,"Black",2022,"2022",57483,5117,"Lake County, IL","05000US17097","lake-county-il"
2,"Black",2022,"2022",54450,16151,"LaSalle County, IL","05000US17099","lasalle-county-il"
2,"Black",2022,"2022",66213,477.99999999999994,"Lawrence County, IL","05000US17101","lawrence-county-il"
2,"Black",2022,"2022",27647,8181.000000000001,"McDonough County, IL","05000US17109","mcdonough-county-il"
2,"Black",2022,"2022",77944,59696,"McHenry County, IL","05000US17111","mchenry-county-il"
2,"Black",2022,"2022",29512,4123,"McLean County, IL","05000US17113","mclean-county-il"
2,"Black",2022,"2022",32570,3243,"Macon County, IL","05000US17115","macon-county-il"
2,"Black",2022,"2022",25000,19787,"Macoupin County, IL","05000US17117","macoupin-county-il"
2,"Black",2022,"2022",41208,5928,"Madison County, IL","05000US17119","madison-county-il"
2,"Black",2022,"2022",35313,25968,"Marion County, IL","05000US17121","marion-county-il"
2,"Black",2022,"2022",70562,12355,"Massac County, IL","05000US17127","massac-county-il"
2,"Black",2022,"2022",27083,7955,"Morgan County, IL","05000US17137","morgan-county-il"
2,"Black",2022,"2022",34738,4706,"Peoria County, IL","05000US17143","peoria-county-il"
2,"Black",2022,"2022",38214,24953,"Perry County, IL","05000US17145","perry-county-il"
2,"Black",2022,"2022",27115,5235,"Pulaski County, IL","05000US17153","pulaski-county-il"
2,"Black",2022,"2022",35321,15270.999999999998,"Randolph County, IL","05000US17157","randolph-county-il"
2,"Black",2022,"2022",38825,6532,"Rock Island County, IL","05000US17161","rock-island-county-il"
2,"Black",2022,"2022",42415,2322,"St. Clair County, IL","05000US17163","st-clair-county-il"
2,"Black",2022,"2022",50288,18382,"Saline County, IL","05000US17165","saline-county-il"
2,"Black",2022,"2022",29482,2758,"Sangamon County, IL","05000US17167","sangamon-county-il"
2,"Black",2022,"2022",26447,3906.0000000000005,"Stephenson County, IL","05000US17177","stephenson-county-il"
2,"Black",2022,"2022",31576,29298,"Tazewell County, IL","05000US17179","tazewell-county-il"
2,"Black",2022,"2022",32910,5273,"Vermilion County, IL","05000US17183","vermilion-county-il"
2,"Black",2022,"2022",69464,6425,"Warren County, IL","05000US17187","warren-county-il"
2,"Black",2022,"2022",33250,32200,"White County, IL","05000US17193","white-county-il"
2,"Black",2022,"2022",36172,24079,"Whiteside County, IL","05000US17195","whiteside-county-il"
2,"Black",2022,"2022",71840,4115,"Will County, IL","05000US17197","will-county-il"
2,"Black",2022,"2022",27589,6927.999999999999,"Williamson County, IL","05000US17199","williamson-county-il"
2,"Black",2022,"2022",34329,1777,"Winnebago County, IL","05000US17201","winnebago-county-il"
3,"Native American",2022,"2022",83333,71995,"Adams County, IL","05000US17001","adams-county-il"
3,"Native American",2022,"2022",66406,777,"Clay County, IL","05000US17025","clay-county-il"
3,"Native American",2022,"2022",68413,7936.999999999999,"Cook County, IL","05000US17031","cook-county-il"
3,"Native American",2022,"2022",33750,18231,"Douglas County, IL","05000US17041","douglas-county-il"
3,"Native American",2022,"2022",103625,27750.999999999996,"DuPage County, IL","05000US17043","dupage-county-il"
3,"Native American",2022,"2022",93750,28234,"Effingham County, IL","05000US17049","effingham-county-il"
3,"Native American",2022,"2022",68250,17254,"Greene County, IL","05000US17061","greene-county-il"
3,"Native American",2022,"2022",28750,9166,"Iroquois County, IL","05000US17075","iroquois-county-il"
3,"Native American",2022,"2022",2499,,"Jackson County, IL","05000US17077","jackson-county-il"
3,"Native American",2022,"2022",60583,29871,"Jefferson County, IL","05000US17081","jefferson-county-il"
3,"Native American",2022,"2022",84219,32838,"Jo Daviess County, IL","05000US17085","jo-daviess-county-il"
3,"Native American",2022,"2022",76936,16612,"Kane County, IL","05000US17089","kane-county-il"
3,"Native American",2022,"2022",97500,31915,"Kankakee County, IL","05000US17091","kankakee-county-il"
3,"Native American",2022,"2022",80082,15509,"Lake County, IL","05000US17097","lake-county-il"
3,"Native American",2022,"2022",41528,12769,"LaSalle County, IL","05000US17099","lasalle-county-il"
3,"Native American",2022,"2022",23393,16907,"Lee County, IL","05000US17103","lee-county-il"
3,"Native American",2022,"2022",78348,12086,"McHenry County, IL","05000US17111","mchenry-county-il"
3,"Native American",2022,"2022",28542,12813,"Macon County, IL","05000US17115","macon-county-il"
3,"Native American",2022,"2022",73102,72419,"Madison County, IL","05000US17119","madison-county-il"
3,"Native American",2022,"2022",57500,22173,"Ogle County, IL","05000US17141","ogle-county-il"
3,"Native American",2022,"2022",68750,56750,"Peoria County, IL","05000US17143","peoria-county-il"
3,"Native American",2022,"2022",36563,14810,"Randolph County, IL","05000US17157","randolph-county-il"
3,"Native American",2022,"2022",36250,30859.000000000004,"Richland County, IL","05000US17159","richland-county-il"
3,"Native American",2022,"2022",100900,88376,"St. Clair County, IL","05000US17163","st-clair-county-il"
3,"Native American",2022,"2022",81042,69541,"Sangamon County, IL","05000US17167","sangamon-county-il"
3,"Native American",2022,"2022",82679,33510,"Will County, IL","05000US17197","will-county-il"
3,"Native American",2022,"2022",51458,27412.999999999996,"Williamson County, IL","05000US17199","williamson-county-il"
3,"Native American",2022,"2022",69167,32167.999999999996,"Winnebago County, IL","05000US17201","winnebago-county-il"
3,"Native American",2022,"2022",2499,,"Woodford County, IL","05000US17203","woodford-county-il"
4,"Asian",2022,"2022",179000,117131.00000000001,"Adams County, IL","05000US17001","adams-county-il"
4,"Asian",2022,"2022",81033,12401,"Bureau County, IL","05000US17011","bureau-county-il"
4,"Asian",2022,"2022",68750,21972,"Cass County, IL","05000US17017","cass-county-il"
4,"Asian",2022,"2022",31983,5550,"Champaign County, IL","05000US17019","champaign-county-il"
4,"Asian",2022,"2022",60288,40792,"Christian County, IL","05000US17021","christian-county-il"
4,"Asian",2022,"2022",98589,3589,"Cook County, IL","05000US17031","cook-county-il"
4,"Asian",2022,"2022",250001,,"Crawford County, IL","05000US17033","crawford-county-il"
4,"Asian",2022,"2022",16989,3413.9999999999995,"DeKalb County, IL","05000US17037","dekalb-county-il"
4,"Asian",2022,"2022",129112,3889,"DuPage County, IL","05000US17043","dupage-county-il"
4,"Asian",2022,"2022",62143,44117,"Edwards County, IL","05000US17047","edwards-county-il"
4,"Asian",2022,"2022",41397,657,"Fulton County, IL","05000US17057","fulton-county-il"
4,"Asian",2022,"2022",129750,84943,"Henry County, IL","05000US17073","henry-county-il"
4,"Asian",2022,"2022",9020,432.99999999999994,"Iroquois County, IL","05000US17075","iroquois-county-il"
4,"Asian",2022,"2022",54118,46017,"Jackson County, IL","05000US17077","jackson-county-il"
4,"Asian",2022,"2022",81250,23366,"Jefferson County, IL","05000US17081","jefferson-county-il"
4,"Asian",2022,"2022",68816,12212,"Jo Daviess County, IL","05000US17085","jo-daviess-county-il"
4,"Asian",2022,"2022",115769,12274,"Kane County, IL","05000US17089","kane-county-il"
4,"Asian",2022,"2022",149524,29441,"Kendall County, IL","05000US17093","kendall-county-il"
4,"Asian",2022,"2022",145330,6084,"Lake County, IL","05000US17097","lake-county-il"
4,"Asian",2022,"2022",83026,35814,"LaSalle County, IL","05000US17099","lasalle-county-il"
4,"Asian",2022,"2022",250001,,"Livingston County, IL","05000US17105","livingston-county-il"
4,"Asian",2022,"2022",65481,60524.00000000001,"McDonough County, IL","05000US17109","mcdonough-county-il"
4,"Asian",2022,"2022",106612,18844,"McHenry County, IL","05000US17111","mchenry-county-il"
4,"Asian",2022,"2022",106442,17362,"McLean County, IL","05000US17113","mclean-county-il"
4,"Asian",2022,"2022",54514,41405,"Macon County, IL","05000US17115","macon-county-il"
4,"Asian",2022,"2022",81111,62652,"Macoupin County, IL","05000US17117","macoupin-county-il"
4,"Asian",2022,"2022",66800,27473,"Madison County, IL","05000US17119","madison-county-il"
4,"Asian",2022,"2022",56607,44271,"Mercer County, IL","05000US17131","mercer-county-il"
4,"Asian",2022,"2022",250001,,"Ogle County, IL","05000US17141","ogle-county-il"
4,"Asian",2022,"2022",123821,23838,"Peoria County, IL","05000US17143","peoria-county-il"
4,"Asian",2022,"2022",34213,32475.999999999996,"Perry County, IL","05000US17145","perry-county-il"
4,"Asian",2022,"2022",121250,87288,"Pike County, IL","05000US17149","pike-county-il"
4,"Asian",2022,"2022",91318,34137,"Randolph County, IL","05000US17157","randolph-county-il"
4,"Asian",2022,"2022",70804,29681,"Rock Island County, IL","05000US17161","rock-island-county-il"
4,"Asian",2022,"2022",74145,15083,"St. Clair County, IL","05000US17163","st-clair-county-il"
4,"Asian",2022,"2022",51058,24485,"Saline County, IL","05000US17165","saline-county-il"
4,"Asian",2022,"2022",115040,6337,"Sangamon County, IL","05000US17167","sangamon-county-il"
4,"Asian",2022,"2022",217500,147649,"Shelby County, IL","05000US17173","shelby-county-il"
4,"Asian",2022,"2022",80446,23643,"Tazewell County, IL","05000US17179","tazewell-county-il"
4,"Asian",2022,"2022",54952,40292,"Vermilion County, IL","05000US17183","vermilion-county-il"
4,"Asian",2022,"2022",23438,22466,"Wayne County, IL","05000US17191","wayne-county-il"
4,"Asian",2022,"2022",54423,14635,"Whiteside County, IL","05000US17195","whiteside-county-il"
4,"Asian",2022,"2022",145212,10513,"Will County, IL","05000US17197","will-county-il"
4,"Asian",2022,"2022",81892,24059,"Williamson County, IL","05000US17199","williamson-county-il"
4,"Asian",2022,"2022",83770,8905,"Winnebago County, IL","05000US17201","winnebago-county-il"
5,"Pacific Islander",2022,"2022",77098,33467,"Cook County, IL","05000US17031","cook-county-il"
5,"Pacific Islander",2022,"2022",93462,70613,"DuPage County, IL","05000US17043","dupage-county-il"
5,"Pacific Islander",2022,"2022",54635,37001,"Kane County, IL","05000US17089","kane-county-il"
5,"Pacific Islander",2022,"2022",85865,70679,"Rock Island County, IL","05000US17161","rock-island-county-il"
5,"Pacific Islander",2022,"2022",39183,16801,"Will County, IL","05000US17197","will-county-il"
6,"Other",2022,"2022",85625,75136,"Adams County, IL","05000US17001","adams-county-il"
6,"Other",2022,"2022",61346,32734.000000000004,"Boone County, IL","05000US17007","boone-county-il"
6,"Other",2022,"2022",66071,22299,"Bureau County, IL","05000US17011","bureau-county-il"
6,"Other",2022,"2022",25406,16112,"Carroll County, IL","05000US17015","carroll-county-il"
6,"Other",2022,"2022",67773,35036,"Cass County, IL","05000US17017","cass-county-il"
6,"Other",2022,"2022",46964,19017,"Champaign County, IL","05000US17019","champaign-county-il"
6,"Other",2022,"2022",56250,45895,"Christian County, IL","05000US17021","christian-county-il"
6,"Other",2022,"2022",21047,1122,"Coles County, IL","05000US17029","coles-county-il"
6,"Other",2022,"2022",66988,1394,"Cook County, IL","05000US17031","cook-county-il"
6,"Other",2022,"2022",64079,20074,"DeKalb County, IL","05000US17037","dekalb-county-il"
6,"Other",2022,"2022",97917,66250,"De Witt County, IL","05000US17039","de-witt-county-il"
6,"Other",2022,"2022",75812,4639,"DuPage County, IL","05000US17043","dupage-county-il"
6,"Other",2022,"2022",33988,14690,"Effingham County, IL","05000US17049","effingham-county-il"
6,"Other",2022,"2022",97955,38806,"Ford County, IL","05000US17053","ford-county-il"
6,"Other",2022,"2022",117344,47753,"Fulton County, IL","05000US17057","fulton-county-il"
6,"Other",2022,"2022",97321,84187,"Grundy County, IL","05000US17063","grundy-county-il"
6,"Other",2022,"2022",71014,622,"Hancock County, IL","05000US17067","hancock-county-il"
6,"Other",2022,"2022",44426,13665.000000000002,"Henry County, IL","05000US17073","henry-county-il"
6,"Other",2022,"2022",60909,12344,"Iroquois County, IL","05000US17075","iroquois-county-il"
6,"Other",2022,"2022",27917,13250,"Jo Daviess County, IL","05000US17085","jo-daviess-county-il"
6,"Other",2022,"2022",77157,5340,"Kane County, IL","05000US17089","kane-county-il"
6,"Other",2022,"2022",53000,6327,"Kankakee County, IL","05000US17091","kankakee-county-il"
6,"Other",2022,"2022",90843,4335,"Kendall County, IL","05000US17093","kendall-county-il"
6,"Other",2022,"2022",36827,27760.000000000004,"Knox County, IL","05000US17095","knox-county-il"
6,"Other",2022,"2022",71398,3766,"Lake County, IL","05000US17097","lake-county-il"
6,"Other",2022,"2022",64792,23404,"LaSalle County, IL","05000US17099","lasalle-county-il"
6,"Other",2022,"2022",54375,45699,"Lee County, IL","05000US17103","lee-county-il"
6,"Other",2022,"2022",56181,54130,"Livingston County, IL","05000US17105","livingston-county-il"
6,"Other",2022,"2022",2499,,"McDonough County, IL","05000US17109","mcdonough-county-il"
6,"Other",2022,"2022",74195,11553,"McHenry County, IL","05000US17111","mchenry-county-il"
6,"Other",2022,"2022",57188,16609,"McLean County, IL","05000US17113","mclean-county-il"
6,"Other",2022,"2022",47292,31682,"Macon County, IL","05000US17115","macon-county-il"
6,"Other",2022,"2022",33235,22137,"Madison County, IL","05000US17119","madison-county-il"
6,"Other",2022,"2022",126750,75016,"Marion County, IL","05000US17121","marion-county-il"
6,"Other",2022,"2022",21328,16459,"Mercer County, IL","05000US17131","mercer-county-il"
6,"Other",2022,"2022",45568,8446,"Morgan County, IL","05000US17137","morgan-county-il"
6,"Other",2022,"2022",60089,29514.999999999996,"Ogle County, IL","05000US17141","ogle-county-il"
6,"Other",2022,"2022",48462,10425,"Peoria County, IL","05000US17143","peoria-county-il"
6,"Other",2022,"2022",49300,36194,"Perry County, IL","05000US17145","perry-county-il"
6,"Other",2022,"2022",37120,30906,"Randolph County, IL","05000US17157","randolph-county-il"
6,"Other",2022,"2022",115091,79850,"Richland County, IL","05000US17159","richland-county-il"
6,"Other",2022,"2022",53750,12551,"Rock Island County, IL","05000US17161","rock-island-county-il"
6,"Other",2022,"2022",46393,27318,"St. Clair County, IL","05000US17163","st-clair-county-il"
6,"Other",2022,"2022",68750,41585,"Sangamon County, IL","05000US17167","sangamon-county-il"
6,"Other",2022,"2022",170114,65659,"Shelby County, IL","05000US17173","shelby-county-il"
6,"Other",2022,"2022",71250,63866.99999999999,"Stark County, IL","05000US17175","stark-county-il"
6,"Other",2022,"2022",100208,99398,"Stephenson County, IL","05000US17177","stephenson-county-il"
6,"Other",2022,"2022",76094,39821,"Tazewell County, IL","05000US17179","tazewell-county-il"
6,"Other",2022,"2022",78750,27867,"Vermilion County, IL","05000US17183","vermilion-county-il"
6,"Other",2022,"2022",73226,70368,"Warren County, IL","05000US17187","warren-county-il"
6,"Other",2022,"2022",57750,29853.999999999996,"Whiteside County, IL","05000US17195","whiteside-county-il"
6,"Other",2022,"2022",77125,5271,"Will County, IL","05000US17197","will-county-il"
6,"Other",2022,"2022",67702,10799,"Winnebago County, IL","05000US17201","winnebago-county-il"
7,"Two Or More",2022,"2022",86810,25311,"Adams County, IL","05000US17001","adams-county-il"
7,"Two Or More",2022,"2022",27448,26233,"Bond County, IL","05000US17005","bond-county-il"
7,"Two Or More",2022,"2022",57015,51696,"Boone County, IL","05000US17007","boone-county-il"
7,"Two Or More",2022,"2022",50855,19460,"Bureau County, IL","05000US17011","bureau-county-il"
7,"Two Or More",2022,"2022",188750,171246,"Calhoun County, IL","05000US17013","calhoun-county-il"
7,"Two Or More",2022,"2022",64830,30492.999999999996,"Carroll County, IL","05000US17015","carroll-county-il"
7,"Two Or More",2022,"2022",79485,30920.999999999996,"Cass County, IL","05000US17017","cass-county-il"
7,"Two Or More",2022,"2022",50036,8296,"Champaign County, IL","05000US17019","champaign-county-il"
7,"Two Or More",2022,"2022",63750,26548,"Christian County, IL","05000US17021","christian-county-il"
7,"Two Or More",2022,"2022",66250,46728,"Clark County, IL","05000US17023","clark-county-il"
7,"Two Or More",2022,"2022",64688,38116,"Clay County, IL","05000US17025","clay-county-il"
7,"Two Or More",2022,"2022",70000,14357,"Clinton County, IL","05000US17027","clinton-county-il"
7,"Two Or More",2022,"2022",19946,11667,"Coles County, IL","05000US17029","coles-county-il"
7,"Two Or More",2022,"2022",73484,1852,"Cook County, IL","05000US17031","cook-county-il"
7,"Two Or More",2022,"2022",67963,17665,"Crawford County, IL","05000US17033","crawford-county-il"
7,"Two Or More",2022,"2022",36250,30060,"Cumberland County, IL","05000US17035","cumberland-county-il"
7,"Two Or More",2022,"2022",54531,16384,"DeKalb County, IL","05000US17037","dekalb-county-il"
7,"Two Or More",2022,"2022",82596,12669,"Douglas County, IL","05000US17041","douglas-county-il"
7,"Two Or More",2022,"2022",88079,5005,"DuPage County, IL","05000US17043","dupage-county-il"
7,"Two Or More",2022,"2022",57000,53672,"Edgar County, IL","05000US17045","edgar-county-il"
7,"Two Or More",2022,"2022",45625,45350,"Edwards County, IL","05000US17047","edwards-county-il"
7,"Two Or More",2022,"2022",81779,8815,"Effingham County, IL","05000US17049","effingham-county-il"
7,"Two Or More",2022,"2022",57917,41799,"Fayette County, IL","05000US17051","fayette-county-il"
7,"Two Or More",2022,"2022",47188,25942,"Fulton County, IL","05000US17057","fulton-county-il"
7,"Two Or More",2022,"2022",61042,18102,"Gallatin County, IL","05000US17059","gallatin-county-il"
7,"Two Or More",2022,"2022",43750,21898,"Greene County, IL","05000US17061","greene-county-il"
7,"Two Or More",2022,"2022",76645,33739,"Grundy County, IL","05000US17063","grundy-county-il"
7,"Two Or More",2022,"2022",38558,14814,"Hancock County, IL","05000US17067","hancock-county-il"
7,"Two Or More",2022,"2022",41442,1226,"Henderson County, IL","05000US17071","henderson-county-il"
7,"Two Or More",2022,"2022",73672,27361.000000000004,"Henry County, IL","05000US17073","henry-county-il"
7,"Two Or More",2022,"2022",81875,10155,"Iroquois County, IL","05000US17075","iroquois-county-il"
7,"Two Or More",2022,"2022",37940,13204,"Jackson County, IL","05000US17077","jackson-county-il"
7,"Two Or More",2022,"2022",42188,29365.000000000004,"Jasper County, IL","05000US17079","jasper-county-il"
7,"Two Or More",2022,"2022",48750,14732.999999999998,"Jefferson County, IL","05000US17081","jefferson-county-il"
7,"Two Or More",2022,"2022",72500,47853,"Jersey County, IL","05000US17083","jersey-county-il"
7,"Two Or More",2022,"2022",72125,15169,"Jo Daviess County, IL","05000US17085","jo-daviess-county-il"
7,"Two Or More",2022,"2022",81883,5898,"Kane County, IL","05000US17089","kane-county-il"
7,"Two Or More",2022,"2022",75234,16636,"Kankakee County, IL","05000US17091","kankakee-county-il"
7,"Two Or More",2022,"2022",99853,16796,"Kendall County, IL","05000US17093","kendall-county-il"
7,"Two Or More",2022,"2022",46961,13200,"Knox County, IL","05000US17095","knox-county-il"
7,"Two Or More",2022,"2022",78218,5653,"Lake County, IL","05000US17097","lake-county-il"
7,"Two Or More",2022,"2022",63957,2924,"LaSalle County, IL","05000US17099","lasalle-county-il"
7,"Two Or More",2022,"2022",83295,23187,"Lee County, IL","05000US17103","lee-county-il"
7,"Two Or More",2022,"2022",83203,35011,"Livingston County, IL","05000US17105","livingston-county-il"
7,"Two Or More",2022,"2022",77019,38732,"Logan County, IL","05000US17107","logan-county-il"
7,"Two Or More",2022,"2022",94828,12277,"McHenry County, IL","05000US17111","mchenry-county-il"
7,"Two Or More",2022,"2022",55536,15210,"McLean County, IL","05000US17113","mclean-county-il"
7,"Two Or More",2022,"2022",61544,25221,"Macon County, IL","05000US17115","macon-county-il"
7,"Two Or More",2022,"2022",54570,25796,"Macoupin County, IL","05000US17117","macoupin-county-il"
7,"Two Or More",2022,"2022",60034,8436,"Madison County, IL","05000US17119","madison-county-il"
7,"Two Or More",2022,"2022",50750,34810,"Marion County, IL","05000US17121","marion-county-il"
7,"Two Or More",2022,"2022",67692,15156.999999999998,"Marshall County, IL","05000US17123","marshall-county-il"
7,"Two Or More",2022,"2022",67917,53001,"Massac County, IL","05000US17127","massac-county-il"
7,"Two Or More",2022,"2022",69844,36401,"Mercer County, IL","05000US17131","mercer-county-il"
7,"Two Or More",2022,"2022",96667,6323,"Monroe County, IL","05000US17133","monroe-county-il"
7,"Two Or More",2022,"2022",60938,23948,"Montgomery County, IL","05000US17135","montgomery-county-il"
7,"Two Or More",2022,"2022",32045,12556,"Morgan County, IL","05000US17137","morgan-county-il"
7,"Two Or More",2022,"2022",111786,55699.99999999999,"Moultrie County, IL","05000US17139","moultrie-county-il"
7,"Two Or More",2022,"2022",58531,15133,"Ogle County, IL","05000US17141","ogle-county-il"
7,"Two Or More",2022,"2022",59417,7662.999999999999,"Peoria County, IL","05000US17143","peoria-county-il"
7,"Two Or More",2022,"2022",55745,15270.999999999998,"Perry County, IL","05000US17145","perry-county-il"
7,"Two Or More",2022,"2022",113583,31797.999999999996,"Piatt County, IL","05000US17147","piatt-county-il"
7,"Two Or More",2022,"2022",50500,27371.000000000004,"Pope County, IL","05000US17151","pope-county-il"
7,"Two Or More",2022,"2022",58824,11690,"Pulaski County, IL","05000US17153","pulaski-county-il"
7,"Two Or More",2022,"2022",80750,37956,"Putnam County, IL","05000US17155","putnam-county-il"
7,"Two Or More",2022,"2022",46875,30697,"Randolph County, IL","05000US17157","randolph-county-il"
7,"Two Or More",2022,"2022",58070,5628,"Rock Island County, IL","05000US17161","rock-island-county-il"
7,"Two Or More",2022,"2022",73792,10225,"St. Clair County, IL","05000US17163","st-clair-county-il"
7,"Two Or More",2022,"2022",38815,1159,"Saline County, IL","05000US17165","saline-county-il"
7,"Two Or More",2022,"2022",50811,13300,"Sangamon County, IL","05000US17167","sangamon-county-il"
7,"Two Or More",2022,"2022",53594,22790,"Stephenson County, IL","05000US17177","stephenson-county-il"
7,"Two Or More",2022,"2022",75443,9848,"Tazewell County, IL","05000US17179","tazewell-county-il"
7,"Two Or More",2022,"2022",48895,5356,"Union County, IL","05000US17181","union-county-il"
7,"Two Or More",2022,"2022",42159,12562,"Vermilion County, IL","05000US17183","vermilion-county-il"
7,"Two Or More",2022,"2022",39844,17837,"Wabash County, IL","05000US17185","wabash-county-il"
7,"Two Or More",2022,"2022",44519,19806,"Warren County, IL","05000US17187","warren-county-il"
7,"Two Or More",2022,"2022",50625,35531,"Washington County, IL","05000US17189","washington-county-il"
7,"Two Or More",2022,"2022",39267,13528,"Whiteside County, IL","05000US17195","whiteside-county-il"
7,"Two Or More",2022,"2022",92134,4381,"Will County, IL","05000US17197","will-county-il"
7,"Two Or More",2022,"2022",56705,35288,"Williamson County, IL","05000US17199","williamson-county-il"
7,"Two Or More",2022,"2022",53227,5825,"Winnebago County, IL","05000US17201","winnebago-county-il"
7,"Two Or More",2022,"2022",73214,21374,"Woodford County, IL","05000US17203","woodford-county-il"
8,"White Non-Hispanic",2022,"2022",64850,2359,"Adams County, IL","05000US17001","adams-county-il"
8,"White Non-Hispanic",2022,"2022",50333,10421,"Alexander County, IL","05000US17003","alexander-county-il"
8,"White Non-Hispanic",2022,"2022",60742,4686,"Bond County, IL","05000US17005","bond-county-il"
8,"White Non-Hispanic",2022,"2022",80868,6812.999999999999,"Boone County, IL","05000US17007","boone-county-il"
8,"White Non-Hispanic",2022,"2022",66250,7783,"Brown County, IL","05000US17009","brown-county-il"
8,"White Non-Hispanic",2022,"2022",64220,3239,"Bureau County, IL","05000US17011","bureau-county-il"
8,"White Non-Hispanic",2022,"2022",87533,8029.000000000001,"Calhoun County, IL","05000US17013","calhoun-county-il"
8,"White Non-Hispanic",2022,"2022",61613,3594,"Carroll County, IL","05000US17015","carroll-county-il"
8,"White Non-Hispanic",2022,"2022",61447,4516,"Cass County, IL","05000US17017","cass-county-il"
8,"White Non-Hispanic",2022,"2022",73435,2831,"Champaign County, IL","05000US17019","champaign-county-il"
8,"White Non-Hispanic",2022,"2022",57357,2959,"Christian County, IL","05000US17021","christian-county-il"
8,"White Non-Hispanic",2022,"2022",65978,4020,"Clark County, IL","05000US17023","clark-county-il"
8,"White Non-Hispanic",2022,"2022",57589,6386,"Clay County, IL","05000US17025","clay-county-il"
8,"White Non-Hispanic",2022,"2022",78065,3615.9999999999995,"Clinton County, IL","05000US17027","clinton-county-il"
8,"White Non-Hispanic",2022,"2022",55886,2229,"Coles County, IL","05000US17029","coles-county-il"
8,"White Non-Hispanic",2022,"2022",99464,921,"Cook County, IL","05000US17031","cook-county-il"
8,"White Non-Hispanic",2022,"2022",63575,5832,"Crawford County, IL","05000US17033","crawford-county-il"
8,"White Non-Hispanic",2022,"2022",72500,9692,"Cumberland County, IL","05000US17035","cumberland-county-il"
8,"White Non-Hispanic",2022,"2022",74435,2390,"DeKalb County, IL","05000US17037","dekalb-county-il"
8,"White Non-Hispanic",2022,"2022",61884,5962,"De Witt County, IL","05000US17039","de-witt-county-il"
8,"White Non-Hispanic",2022,"2022",67360,5519,"Douglas County, IL","05000US17041","douglas-county-il"
8,"White Non-Hispanic",2022,"2022",113319,1078,"DuPage County, IL","05000US17043","dupage-county-il"
8,"White Non-Hispanic",2022,"2022",56767,6396,"Edgar County, IL","05000US17045","edgar-county-il"
8,"White Non-Hispanic",2022,"2022",60938,5360,"Edwards County, IL","05000US17047","edwards-county-il"
8,"White Non-Hispanic",2022,"2022",73277,3767.9999999999995,"Effingham County, IL","05000US17049","effingham-county-il"
8,"White Non-Hispanic",2022,"2022",52022,3565,"Fayette County, IL","05000US17051","fayette-county-il"
8,"White Non-Hispanic",2022,"2022",58900,3799.0000000000005,"Ford County, IL","05000US17053","ford-county-il"
8,"White Non-Hispanic",2022,"2022",51935,2905,"Franklin County, IL","05000US17055","franklin-county-il"
8,"White Non-Hispanic",2022,"2022",57402,2685,"Fulton County, IL","05000US17057","fulton-county-il"
8,"White Non-Hispanic",2022,"2022",51214,5515,"Gallatin County, IL","05000US17059","gallatin-county-il"
8,"White Non-Hispanic",2022,"2022",58988,2640,"Greene County, IL","05000US17061","greene-county-il"
8,"White Non-Hispanic",2022,"2022",89502,3512,"Grundy County, IL","05000US17063","grundy-county-il"
8,"White Non-Hispanic",2022,"2022",60906,5988,"Hamilton County, IL","05000US17065","hamilton-county-il"
8,"White Non-Hispanic",2022,"2022",61948,3926.0000000000005,"Hancock County, IL","05000US17067","hancock-county-il"
8,"White Non-Hispanic",2022,"2022",53125,10901,"Hardin County, IL","05000US17069","hardin-county-il"
8,"White Non-Hispanic",2022,"2022",66161,4923,"Henderson County, IL","05000US17071","henderson-county-il"
8,"White Non-Hispanic",2022,"2022",66954,3686.9999999999995,"Henry County, IL","05000US17073","henry-county-il"
8,"White Non-Hispanic",2022,"2022",62941,3332,"Iroquois County, IL","05000US17075","iroquois-county-il"
8,"White Non-Hispanic",2022,"2022",50733,2268,"Jackson County, IL","05000US17077","jackson-county-il"
8,"White Non-Hispanic",2022,"2022",67357,5542,"Jasper County, IL","05000US17079","jasper-county-il"
8,"White Non-Hispanic",2022,"2022",58852,2343,"Jefferson County, IL","05000US17081","jefferson-county-il"
8,"White Non-Hispanic",2022,"2022",77588,8056,"Jersey County, IL","05000US17083","jersey-county-il"
8,"White Non-Hispanic",2022,"2022",68026,4432,"Jo Daviess County, IL","05000US17085","jo-daviess-county-il"
8,"White Non-Hispanic",2022,"2022",63509,3875.0000000000005,"Johnson County, IL","05000US17087","johnson-county-il"
8,"White Non-Hispanic",2022,"2022",107142,2496,"Kane County, IL","05000US17089","kane-county-il"
8,"White Non-Hispanic",2022,"2022",74460,3529.9999999999995,"Kankakee County, IL","05000US17091","kankakee-county-il"
8,"White Non-Hispanic",2022,"2022",110522,3681.9999999999995,"Kendall County, IL","05000US17093","kendall-county-il"
8,"White Non-Hispanic",2022,"2022",53473,2960,"Knox County, IL","05000US17095","knox-county-il"
8,"White Non-Hispanic",2022,"2022",117502,1772,"Lake County, IL","05000US17097","lake-county-il"
8,"White Non-Hispanic",2022,"2022",69532,2028,"LaSalle County, IL","05000US17099","lasalle-county-il"
8,"White Non-Hispanic",2022,"2022",54912,5916,"Lawrence County, IL","05000US17101","lawrence-county-il"
8,"White Non-Hispanic",2022,"2022",64026,3039,"Lee County, IL","05000US17103","lee-county-il"
8,"White Non-Hispanic",2022,"2022",68949,3415.0000000000005,"Livingston County, IL","05000US17105","livingston-county-il"
8,"White Non-Hispanic",2022,"2022",63244,3196,"Logan County, IL","05000US17107","logan-county-il"
8,"White Non-Hispanic",2022,"2022",49945,3661.9999999999995,"McDonough County, IL","05000US17109","mcdonough-county-il"
8,"White Non-Hispanic",2022,"2022",102824,2581,"McHenry County, IL","05000US17111","mchenry-county-il"
8,"White Non-Hispanic",2022,"2022",78143,1852,"McLean County, IL","05000US17113","mclean-county-il"
8,"White Non-Hispanic",2022,"2022",67153,2015,"Macon County, IL","05000US17115","macon-county-il"
8,"White Non-Hispanic",2022,"2022",65045,2882,"Macoupin County, IL","05000US17117","macoupin-county-il"
8,"White Non-Hispanic",2022,"2022",76167,1687.0000000000002,"Madison County, IL","05000US17119","madison-county-il"
8,"White Non-Hispanic",2022,"2022",59076,2261,"Marion County, IL","05000US17121","marion-county-il"
8,"White Non-Hispanic",2022,"2022",65119,3979,"Marshall County, IL","05000US17123","marshall-county-il"
8,"White Non-Hispanic",2022,"2022",59017,3003,"Mason County, IL","05000US17125","mason-county-il"
8,"White Non-Hispanic",2022,"2022",56782,6227,"Massac County, IL","05000US17127","massac-county-il"
8,"White Non-Hispanic",2022,"2022",84789,5876,"Menard County, IL","05000US17129","menard-county-il"
8,"White Non-Hispanic",2022,"2022",67594,3097,"Mercer County, IL","05000US17131","mercer-county-il"
8,"White Non-Hispanic",2022,"2022",101446,4622,"Monroe County, IL","05000US17133","monroe-county-il"
8,"White Non-Hispanic",2022,"2022",62675,4210,"Montgomery County, IL","05000US17135","montgomery-county-il"
8,"White Non-Hispanic",2022,"2022",63851,4846,"Morgan County, IL","05000US17137","morgan-county-il"
8,"White Non-Hispanic",2022,"2022",72694,9361,"Moultrie County, IL","05000US17139","moultrie-county-il"
8,"White Non-Hispanic",2022,"2022",76882,2827,"Ogle County, IL","05000US17141","ogle-county-il"
8,"White Non-Hispanic",2022,"2022",68872,1680,"Peoria County, IL","05000US17143","peoria-county-il"
8,"White Non-Hispanic",2022,"2022",58404,5996,"Perry County, IL","05000US17145","perry-county-il"
8,"White Non-Hispanic",2022,"2022",80966,8802,"Piatt County, IL","05000US17147","piatt-county-il"
8,"White Non-Hispanic",2022,"2022",55507,3625,"Pike County, IL","05000US17149","pike-county-il"
8,"White Non-Hispanic",2022,"2022",58222,10650,"Pope County, IL","05000US17151","pope-county-il"
8,"White Non-Hispanic",2022,"2022",55032,8629,"Pulaski County, IL","05000US17153","pulaski-county-il"
8,"White Non-Hispanic",2022,"2022",76573,7485.999999999999,"Putnam County, IL","05000US17155","putnam-county-il"
8,"White Non-Hispanic",2022,"2022",64574,3564,"Randolph County, IL","05000US17157","randolph-county-il"
8,"White Non-Hispanic",2022,"2022",61026,6133,"Richland County, IL","05000US17159","richland-county-il"
8,"White Non-Hispanic",2022,"2022",69621,2139,"Rock Island County, IL","05000US17161","rock-island-county-il"
8,"White Non-Hispanic",2022,"2022",78912,2476,"St. Clair County, IL","05000US17163","st-clair-county-il"
8,"White Non-Hispanic",2022,"2022",54010,3701.9999999999995,"Saline County, IL","05000US17165","saline-county-il"
8,"White Non-Hispanic",2022,"2022",78517,2797,"Sangamon County, IL","05000US17167","sangamon-county-il"
8,"White Non-Hispanic",2022,"2022",63890,6604,"Schuyler County, IL","05000US17169","schuyler-county-il"
8,"White Non-Hispanic",2022,"2022",70917,5928,"Scott County, IL","05000US17171","scott-county-il"
8,"White Non-Hispanic",2022,"2022",65592,3438,"Shelby County, IL","05000US17173","shelby-county-il"
8,"White Non-Hispanic",2022,"2022",58934,5893,"Stark County, IL","05000US17175","stark-county-il"
8,"White Non-Hispanic",2022,"2022",63044,2952,"Stephenson County, IL","05000US17177","stephenson-county-il"
8,"White Non-Hispanic",2022,"2022",74993,1952,"Tazewell County, IL","05000US17179","tazewell-county-il"
8,"White Non-Hispanic",2022,"2022",55373,4738,"Union County, IL","05000US17181","union-county-il"
8,"White Non-Hispanic",2022,"2022",57238,2016.0000000000002,"Vermilion County, IL","05000US17183","vermilion-county-il"
8,"White Non-Hispanic",2022,"2022",54851,6989,"Wabash County, IL","05000US17185","wabash-county-il"
8,"White Non-Hispanic",2022,"2022",61769,6416,"Warren County, IL","05000US17187","warren-county-il"
8,"White Non-Hispanic",2022,"2022",75192,4988,"Washington County, IL","05000US17189","washington-county-il"
8,"White Non-Hispanic",2022,"2022",54206,4170,"Wayne County, IL","05000US17191","wayne-county-il"
8,"White Non-Hispanic",2022,"2022",55244,5464,"White County, IL","05000US17193","white-county-il"
8,"White Non-Hispanic",2022,"2022",64825,3377,"Whiteside County, IL","05000US17195","whiteside-county-il"
8,"White Non-Hispanic",2022,"2022",111609,1974.9999999999998,"Will County, IL","05000US17197","will-county-il"
8,"White Non-Hispanic",2022,"2022",61589,3295,"Williamson County, IL","05000US17199","williamson-county-il"
8,"White Non-Hispanic",2022,"2022",68517,1624,"Winnebago County, IL","05000US17201","winnebago-county-il"
8,"White Non-Hispanic",2022,"2022",79987,4140,"Woodford County, IL","05000US17203","woodford-county-il"
9,"Hispanic",2022,"2022",60833,45073,"Adams County, IL","05000US17001","adams-county-il"
9,"Hispanic",2022,"2022",26856,16168.999999999998,"Bond County, IL","05000US17005","bond-county-il"
9,"Hispanic",2022,"2022",72850,26386,"Boone County, IL","05000US17007","boone-county-il"
9,"Hispanic",2022,"2022",65365,9324,"Bureau County, IL","05000US17011","bureau-county-il"
9,"Hispanic",2022,"2022",38438,33930,"Carroll County, IL","05000US17015","carroll-county-il"
9,"Hispanic",2022,"2022",76215,12493,"Cass County, IL","05000US17017","cass-county-il"
9,"Hispanic",2022,"2022",42054,6483,"Champaign County, IL","05000US17019","champaign-county-il"
9,"Hispanic",2022,"2022",135350,78212,"Clark County, IL","05000US17023","clark-county-il"
9,"Hispanic",2022,"2022",74792,46437,"Clinton County, IL","05000US17027","clinton-county-il"
9,"Hispanic",2022,"2022",26597,23510,"Coles County, IL","05000US17029","coles-county-il"
9,"Hispanic",2022,"2022",67813,984.9999999999999,"Cook County, IL","05000US17031","cook-county-il"
9,"Hispanic",2022,"2022",75510,31963,"Crawford County, IL","05000US17033","crawford-county-il"
9,"Hispanic",2022,"2022",72016,11513,"DeKalb County, IL","05000US17037","dekalb-county-il"
9,"Hispanic",2022,"2022",117000,27134,"De Witt County, IL","05000US17039","de-witt-county-il"
9,"Hispanic",2022,"2022",80536,41145,"Douglas County, IL","05000US17041","douglas-county-il"
9,"Hispanic",2022,"2022",82970,2688,"DuPage County, IL","05000US17043","dupage-county-il"
9,"Hispanic",2022,"2022",55875,25999,"Edgar County, IL","05000US17045","edgar-county-il"
9,"Hispanic",2022,"2022",80625,62650,"Effingham County, IL","05000US17049","effingham-county-il"
9,"Hispanic",2022,"2022",64531,43956,"Ford County, IL","05000US17053","ford-county-il"
9,"Hispanic",2022,"2022",19875,13613,"Franklin County, IL","05000US17055","franklin-county-il"
9,"Hispanic",2022,"2022",58750,37146,"Fulton County, IL","05000US17057","fulton-county-il"
9,"Hispanic",2022,"2022",50500,17776,"Greene County, IL","05000US17061","greene-county-il"
9,"Hispanic",2022,"2022",91088,16456,"Grundy County, IL","05000US17063","grundy-county-il"
9,"Hispanic",2022,"2022",47875,24553,"Hancock County, IL","05000US17067","hancock-county-il"
9,"Hispanic",2022,"2022",120313,32786,"Hardin County, IL","05000US17069","hardin-county-il"
9,"Hispanic",2022,"2022",67827,26605,"Henry County, IL","05000US17073","henry-county-il"
9,"Hispanic",2022,"2022",57500,10599,"Iroquois County, IL","05000US17075","iroquois-county-il"
9,"Hispanic",2022,"2022",37723,10825,"Jackson County, IL","05000US17077","jackson-county-il"
9,"Hispanic",2022,"2022",82946,30098,"Jefferson County, IL","05000US17081","jefferson-county-il"
9,"Hispanic",2022,"2022",63182,24819,"Jo Daviess County, IL","05000US17085","jo-daviess-county-il"
9,"Hispanic",2022,"2022",80020,3345,"Kane County, IL","05000US17089","kane-county-il"
9,"Hispanic",2022,"2022",57962,7464,"Kankakee County, IL","05000US17091","kankakee-county-il"
9,"Hispanic",2022,"2022",90817,3884,"Kendall County, IL","05000US17093","kendall-county-il"
9,"Hispanic",2022,"2022",48617,13645.000000000002,"Knox County, IL","05000US17095","knox-county-il"
9,"Hispanic",2022,"2022",74657,2380,"Lake County, IL","05000US17097","lake-county-il"
9,"Hispanic",2022,"2022",63293,4764,"LaSalle County, IL","05000US17099","lasalle-county-il"
9,"Hispanic",2022,"2022",67139,13763,"Lee County, IL","05000US17103","lee-county-il"
9,"Hispanic",2022,"2022",60739,7647.999999999999,"Livingston County, IL","05000US17105","livingston-county-il"
9,"Hispanic",2022,"2022",25045,20448,"McDonough County, IL","05000US17109","mcdonough-county-il"
9,"Hispanic",2022,"2022",88085,6621,"McHenry County, IL","05000US17111","mchenry-county-il"
9,"Hispanic",2022,"2022",55750,9487,"McLean County, IL","05000US17113","mclean-county-il"
9,"Hispanic",2022,"2022",55703,22804,"Macon County, IL","05000US17115","macon-county-il"
9,"Hispanic",2022,"2022",54615,39839,"Macoupin County, IL","05000US17117","macoupin-county-il"
9,"Hispanic",2022,"2022",51058,16152,"Madison County, IL","05000US17119","madison-county-il"
9,"Hispanic",2022,"2022",92879,21604,"Marion County, IL","05000US17121","marion-county-il"
9,"Hispanic",2022,"2022",65227,51996,"Marshall County, IL","05000US17123","marshall-county-il"
9,"Hispanic",2022,"2022",56875,18997,"Mercer County, IL","05000US17131","mercer-county-il"
9,"Hispanic",2022,"2022",80588,50760,"Monroe County, IL","05000US17133","monroe-county-il"
9,"Hispanic",2022,"2022",31202,14001,"Montgomery County, IL","05000US17135","montgomery-county-il"
9,"Hispanic",2022,"2022",58917,10942,"Ogle County, IL","05000US17141","ogle-county-il"
9,"Hispanic",2022,"2022",53289,7408,"Peoria County, IL","05000US17143","peoria-county-il"
9,"Hispanic",2022,"2022",48017,5933,"Perry County, IL","05000US17145","perry-county-il"
9,"Hispanic",2022,"2022",125391,104127,"Pulaski County, IL","05000US17153","pulaski-county-il"
9,"Hispanic",2022,"2022",63462,17421,"Putnam County, IL","05000US17155","putnam-county-il"
9,"Hispanic",2022,"2022",53417,14480,"Randolph County, IL","05000US17157","randolph-county-il"
9,"Hispanic",2022,"2022",58372,4371,"Rock Island County, IL","05000US17161","rock-island-county-il"
9,"Hispanic",2022,"2022",66838,11340,"St. Clair County, IL","05000US17163","st-clair-county-il"
9,"Hispanic",2022,"2022",51136,19785,"Saline County, IL","05000US17165","saline-county-il"
9,"Hispanic",2022,"2022",61128,6760.999999999999,"Sangamon County, IL","05000US17167","sangamon-county-il"
9,"Hispanic",2022,"2022",71000,20829,"Stark County, IL","05000US17175","stark-county-il"
9,"Hispanic",2022,"2022",50483,10969,"Stephenson County, IL","05000US17177","stephenson-county-il"
9,"Hispanic",2022,"2022",69292,16518,"Tazewell County, IL","05000US17179","tazewell-county-il"
9,"Hispanic",2022,"2022",47791,8074.000000000001,"Union County, IL","05000US17181","union-county-il"
9,"Hispanic",2022,"2022",46582,12169,"Vermilion County, IL","05000US17183","vermilion-county-il"
9,"Hispanic",2022,"2022",113750,58826,"Washington County, IL","05000US17189","washington-county-il"
9,"Hispanic",2022,"2022",21364,18797,"White County, IL","05000US17193","white-county-il"
9,"Hispanic",2022,"2022",52702,13799,"Whiteside County, IL","05000US17195","whiteside-county-il"
9,"Hispanic",2022,"2022",85976,2851,"Will County, IL","05000US17197","will-county-il"
9,"Hispanic",2022,"2022",67669,39579,"Williamson County, IL","05000US17199","williamson-county-il"
9,"Hispanic",2022,"2022",53572,3558,"Winnebago County, IL","05000US17201","winnebago-county-il"
9,"Hispanic",2022,"2022",87069,23388,"Woodford County, IL","05000US17203","woodford-county-il"
0,"Total",2021,"2021",58587,2416,"Adams County, IL","05000US17001","adams-county-il"
0,"Total",2021,"2021",39871,6285,"Alexander County, IL","05000US17003","alexander-county-il"
0,"Total",2021,"2021",53654,4513,"Bond County, IL","05000US17005","bond-county-il"
0,"Total",2021,"2021",74076,3878.9999999999995,"Boone County, IL","05000US17007","boone-county-il"
0,"Total",2021,"2021",59346,6485,"Brown County, IL","05000US17009","brown-county-il"
0,"Total",2021,"2021",59407,3594,"Bureau County, IL","05000US17011","bureau-county-il"
0,"Total",2021,"2021",74792,6047,"Calhoun County, IL","05000US17013","calhoun-county-il"
0,"Total",2021,"2021",54959,3184,"Carroll County, IL","05000US17015","carroll-county-il"
0,"Total",2021,"2021",58364,4191,"Cass County, IL","05000US17017","cass-county-il"
0,"Total",2021,"2021",56939,1730.0000000000002,"Champaign County, IL","05000US17019","champaign-county-il"
0,"Total",2021,"2021",53188,2527,"Christian County, IL","05000US17021","christian-county-il"
0,"Total",2021,"2021",66067,6003,"Clark County, IL","05000US17023","clark-county-il"
0,"Total",2021,"2021",53900,3600.9999999999995,"Clay County, IL","05000US17025","clay-county-il"
0,"Total",2021,"2021",72468,3387.9999999999995,"Clinton County, IL","05000US17027","clinton-county-il"
0,"Total",2021,"2021",48534,3056,"Coles County, IL","05000US17029","coles-county-il"
0,"Total",2021,"2021",72121,523,"Cook County, IL","05000US17031","cook-county-il"
0,"Total",2021,"2021",54942,3567.0000000000005,"Crawford County, IL","05000US17033","crawford-county-il"
0,"Total",2021,"2021",66530,5176,"Cumberland County, IL","05000US17035","cumberland-county-il"
0,"Total",2021,"2021",64019,2005,"DeKalb County, IL","05000US17037","dekalb-county-il"
0,"Total",2021,"2021",60401,5712,"De Witt County, IL","05000US17039","de-witt-county-il"
0,"Total",2021,"2021",63142,5691,"Douglas County, IL","05000US17041","douglas-county-il"
0,"Total",2021,"2021",100292,1293,"DuPage County, IL","05000US17043","dupage-county-il"
0,"Total",2021,"2021",50843,5563,"Edgar County, IL","05000US17045","edgar-county-il"
0,"Total",2021,"2021",55833,3213,"Edwards County, IL","05000US17047","edwards-county-il"
0,"Total",2021,"2021",65590,2935,"Effingham County, IL","05000US17049","effingham-county-il"
0,"Total",2021,"2021",47744,3412,"Fayette County, IL","05000US17051","fayette-county-il"
0,"Total",2021,"2021",55011,3496.0000000000005,"Ford County, IL","05000US17053","ford-county-il"
0,"Total",2021,"2021",47751,2423,"Franklin County, IL","05000US17055","franklin-county-il"
0,"Total",2021,"2021",53441,2232,"Fulton County, IL","05000US17057","fulton-county-il"
0,"Total",2021,"2021",52597,6821,"Gallatin County, IL","05000US17059","gallatin-county-il"
0,"Total",2021,"2021",54427,4303,"Greene County, IL","05000US17061","greene-county-il"
0,"Total",2021,"2021",81764,3845.0000000000005,"Grundy County, IL","05000US17063","grundy-county-il"
0,"Total",2021,"2021",58306,4100,"Hamilton County, IL","05000US17065","hamilton-county-il"
0,"Total",2021,"2021",58188,3713.0000000000005,"Hancock County, IL","05000US17067","hancock-county-il"
0,"Total",2021,"2021",51738,6139,"Hardin County, IL","05000US17069","hardin-county-il"
0,"Total",2021,"2021",62202,6563,"Henderson County, IL","05000US17071","henderson-county-il"
0,"Total",2021,"2021",62097,2851,"Henry County, IL","05000US17073","henry-county-il"
0,"Total",2021,"2021",58481,2552,"Iroquois County, IL","05000US17075","iroquois-county-il"
0,"Total",2021,"2021",41699,2816,"Jackson County, IL","05000US17077","jackson-county-il"
0,"Total",2021,"2021",60237,6541,"Jasper County, IL","05000US17079","jasper-county-il"
0,"Total",2021,"2021",54692,2216,"Jefferson County, IL","05000US17081","jefferson-county-il"
0,"Total",2021,"2021",71655,6139,"Jersey County, IL","05000US17083","jersey-county-il"
0,"Total",2021,"2021",61289,3270,"Jo Daviess County, IL","05000US17085","jo-daviess-county-il"
0,"Total",2021,"2021",58502,3438,"Johnson County, IL","05000US17087","johnson-county-il"
0,"Total",2021,"2021",88935,1759,"Kane County, IL","05000US17089","kane-county-il"
0,"Total",2021,"2021",61664,2325,"Kankakee County, IL","05000US17091","kankakee-county-il"
0,"Total",2021,"2021",101816,3889,"Kendall County, IL","05000US17093","kendall-county-il"
0,"Total",2021,"2021",45994,2559,"Knox County, IL","05000US17095","knox-county-il"
0,"Total",2021,"2021",97127,1613,"Lake County, IL","05000US17097","lake-county-il"
0,"Total",2021,"2021",62825,1465,"LaSalle County, IL","05000US17099","lasalle-county-il"
0,"Total",2021,"2021",52020,4429,"Lawrence County, IL","05000US17101","lawrence-county-il"
0,"Total",2021,"2021",62250,2685,"Lee County, IL","05000US17103","lee-county-il"
0,"Total",2021,"2021",61419,2501,"Livingston County, IL","05000US17105","livingston-county-il"
0,"Total",2021,"2021",59809,2905,"Logan County, IL","05000US17107","logan-county-il"
0,"Total",2021,"2021",45704,3619,"McDonough County, IL","05000US17109","mcdonough-county-il"
0,"Total",2021,"2021",93801,2379,"McHenry County, IL","05000US17111","mchenry-county-il"
0,"Total",2021,"2021",70339,2143,"McLean County, IL","05000US17113","mclean-county-il"
0,"Total",2021,"2021",55954,2566,"Macon County, IL","05000US17115","macon-county-il"
0,"Total",2021,"2021",58227,3223,"Macoupin County, IL","05000US17117","macoupin-county-il"
0,"Total",2021,"2021",66882,1238,"Madison County, IL","05000US17119","madison-county-il"
0,"Total",2021,"2021",53209,2079,"Marion County, IL","05000US17121","marion-county-il"
0,"Total",2021,"2021",60231,3592.0000000000005,"Marshall County, IL","05000US17123","marshall-county-il"
0,"Total",2021,"2021",54415,3274,"Mason County, IL","05000US17125","mason-county-il"
0,"Total",2021,"2021",57658,3061,"Massac County, IL","05000US17127","massac-county-il"
0,"Total",2021,"2021",79743,3943,"Menard County, IL","05000US17129","menard-county-il"
0,"Total",2021,"2021",59972,3249,"Mercer County, IL","05000US17131","mercer-county-il"
0,"Total",2021,"2021",92950,4158,"Monroe County, IL","05000US17133","monroe-county-il"
0,"Total",2021,"2021",59309,3792.9999999999995,"Montgomery County, IL","05000US17135","montgomery-county-il"
0,"Total",2021,"2021",55261,3416,"Morgan County, IL","05000US17137","morgan-county-il"
0,"Total",2021,"2021",67309,8416,"Moultrie County, IL","05000US17139","moultrie-county-il"
0,"Total",2021,"2021",67534,2878,"Ogle County, IL","05000US17141","ogle-county-il"
0,"Total",2021,"2021",58426,1416,"Peoria County, IL","05000US17143","peoria-county-il"
0,"Total",2021,"2021",53108,3201,"Perry County, IL","05000US17145","perry-county-il"
0,"Total",2021,"2021",77559,5819,"Piatt County, IL","05000US17147","piatt-county-il"
0,"Total",2021,"2021",51529,3818.9999999999995,"Pike County, IL","05000US17149","pike-county-il"
0,"Total",2021,"2021",48013,6253,"Pope County, IL","05000US17151","pope-county-il"
0,"Total",2021,"2021",40197,6646,"Pulaski County, IL","05000US17153","pulaski-county-il"
0,"Total",2021,"2021",67419,5435,"Putnam County, IL","05000US17155","putnam-county-il"
0,"Total",2021,"2021",58093,3884.9999999999995,"Randolph County, IL","05000US17157","randolph-county-il"
0,"Total",2021,"2021",59963,4872,"Richland County, IL","05000US17159","richland-county-il"
0,"Total",2021,"2021",58974,1693,"Rock Island County, IL","05000US17161","rock-island-county-il"
0,"Total",2021,"2021",63017,1805,"St. Clair County, IL","05000US17163","st-clair-county-il"
0,"Total",2021,"2021",47541,3053,"Saline County, IL","05000US17165","saline-county-il"
0,"Total",2021,"2021",66149,1654,"Sangamon County, IL","05000US17167","sangamon-county-il"
0,"Total",2021,"2021",58447,7011,"Schuyler County, IL","05000US17169","schuyler-county-il"
0,"Total",2021,"2021",63555,4807,"Scott County, IL","05000US17171","scott-county-il"
0,"Total",2021,"2021",60103,2714,"Shelby County, IL","05000US17173","shelby-county-il"
0,"Total",2021,"2021",55109,4457,"Stark County, IL","05000US17175","stark-county-il"
0,"Total",2021,"2021",53806,2269,"Stephenson County, IL","05000US17177","stephenson-county-il"
0,"Total",2021,"2021",68860,1354,"Tazewell County, IL","05000US17179","tazewell-county-il"
0,"Total",2021,"2021",53363,3730,"Union County, IL","05000US17181","union-county-il"
0,"Total",2021,"2021",49063,2268,"Vermilion County, IL","05000US17183","vermilion-county-il"
0,"Total",2021,"2021",49680,5670,"Wabash County, IL","05000US17185","wabash-county-il"
0,"Total",2021,"2021",59673,7600,"Warren County, IL","05000US17187","warren-county-il"
0,"Total",2021,"2021",67030,4267,"Washington County, IL","05000US17189","washington-county-il"
0,"Total",2021,"2021",51540,4237,"Wayne County, IL","05000US17191","wayne-county-il"
0,"Total",2021,"2021",51351,4238,"White County, IL","05000US17193","white-county-il"
0,"Total",2021,"2021",59812,3300,"Whiteside County, IL","05000US17195","whiteside-county-il"
0,"Total",2021,"2021",95751,1214,"Will County, IL","05000US17197","will-county-il"
0,"Total",2021,"2021",54682,2819,"Williamson County, IL","05000US17199","williamson-county-il"
0,"Total",2021,"2021",57779,1028,"Winnebago County, IL","05000US17201","winnebago-county-il"
0,"Total",2021,"2021",76486,3848,"Woodford County, IL","05000US17203","woodford-county-il"
1,"White",2021,"2021",59744,2241,"Adams County, IL","05000US17001","adams-county-il"
1,"White",2021,"2021",43717,5013,"Alexander County, IL","05000US17003","alexander-county-il"
1,"White",2021,"2021",55117,3946.0000000000005,"Bond County, IL","05000US17005","bond-county-il"
1,"White",2021,"2021",75574,5893,"Boone County, IL","05000US17007","boone-county-il"
1,"White",2021,"2021",59500,6469,"Brown County, IL","05000US17009","brown-county-il"
1,"White",2021,"2021",58557,3881,"Bureau County, IL","05000US17011","bureau-county-il"
1,"White",2021,"2021",74271,5837,"Calhoun County, IL","05000US17013","calhoun-county-il"
1,"White",2021,"2021",54951,3080,"Carroll County, IL","05000US17015","carroll-county-il"
1,"White",2021,"2021",58152,3823,"Cass County, IL","05000US17017","cass-county-il"
1,"White",2021,"2021",67438,2809,"Champaign County, IL","05000US17019","champaign-county-il"
1,"White",2021,"2021",53347,2580,"Christian County, IL","05000US17021","christian-county-il"
1,"White",2021,"2021",66044,5960,"Clark County, IL","05000US17023","clark-county-il"
1,"White",2021,"2021",53572,3209,"Clay County, IL","05000US17025","clay-county-il"
1,"White",2021,"2021",72600,3233,"Clinton County, IL","05000US17027","clinton-county-il"
1,"White",2021,"2021",49798,2860,"Coles County, IL","05000US17029","coles-county-il"
1,"White",2021,"2021",86665,689,"Cook County, IL","05000US17031","cook-county-il"
1,"White",2021,"2021",54890,3513,"Crawford County, IL","05000US17033","crawford-county-il"
1,"White",2021,"2021",66786,5981,"Cumberland County, IL","05000US17035","cumberland-county-il"
1,"White",2021,"2021",68826,2746,"DeKalb County, IL","05000US17037","dekalb-county-il"
1,"White",2021,"2021",60179,5913,"De Witt County, IL","05000US17039","de-witt-county-il"
1,"White",2021,"2021",62726,5568,"Douglas County, IL","05000US17041","douglas-county-il"
1,"White",2021,"2021",103743,1225,"DuPage County, IL","05000US17043","dupage-county-il"
1,"White",2021,"2021",51265,5730,"Edgar County, IL","05000US17045","edgar-county-il"
1,"White",2021,"2021",55804,3090,"Edwards County, IL","05000US17047","edwards-county-il"
1,"White",2021,"2021",65902,3004,"Effingham County, IL","05000US17049","effingham-county-il"
1,"White",2021,"2021",47577,3453.9999999999995,"Fayette County, IL","05000US17051","fayette-county-il"
1,"White",2021,"2021",55144,3406,"Ford County, IL","05000US17053","ford-county-il"
1,"White",2021,"2021",48627,2406,"Franklin County, IL","05000US17055","franklin-county-il"
1,"White",2021,"2021",53789,2275,"Fulton County, IL","05000US17057","fulton-county-il"
1,"White",2021,"2021",52708,6515,"Gallatin County, IL","05000US17059","gallatin-county-il"
1,"White",2021,"2021",54553,4296,"Greene County, IL","05000US17061","greene-county-il"
1,"White",2021,"2021",81513,3924.9999999999995,"Grundy County, IL","05000US17063","grundy-county-il"
1,"White",2021,"2021",58226,3892,"Hamilton County, IL","05000US17065","hamilton-county-il"
1,"White",2021,"2021",58707,3620,"Hancock County, IL","05000US17067","hancock-county-il"
1,"White",2021,"2021",51934,6829,"Hardin County, IL","05000US17069","hardin-county-il"
1,"White",2021,"2021",62684,6444,"Henderson County, IL","05000US17071","henderson-county-il"
1,"White",2021,"2021",63617,2740,"Henry County, IL","05000US17073","henry-county-il"
1,"White",2021,"2021",58579,2569,"Iroquois County, IL","05000US17075","iroquois-county-il"
1,"White",2021,"2021",46566,2040.9999999999998,"Jackson County, IL","05000US17077","jackson-county-il"
1,"White",2021,"2021",60345,6582,"Jasper County, IL","05000US17079","jasper-county-il"
1,"White",2021,"2021",55787,2440,"Jefferson County, IL","05000US17081","jefferson-county-il"
1,"White",2021,"2021",72061,6116,"Jersey County, IL","05000US17083","jersey-county-il"
1,"White",2021,"2021",61382,3299,"Jo Daviess County, IL","05000US17085","jo-daviess-county-il"
1,"White",2021,"2021",58531,3575,"Johnson County, IL","05000US17087","johnson-county-il"
1,"White",2021,"2021",95730,2361,"Kane County, IL","05000US17089","kane-county-il"
1,"White",2021,"2021",68372,2587,"Kankakee County, IL","05000US17091","kankakee-county-il"
1,"White",2021,"2021",103607,3397,"Kendall County, IL","05000US17093","kendall-county-il"
1,"White",2021,"2021",48296,2875,"Knox County, IL","05000US17095","knox-county-il"
1,"White",2021,"2021",104218,1693,"Lake County, IL","05000US17097","lake-county-il"
1,"White",2021,"2021",63775,1511,"LaSalle County, IL","05000US17099","lasalle-county-il"
1,"White",2021,"2021",51529,4040.9999999999995,"Lawrence County, IL","05000US17101","lawrence-county-il"
1,"White",2021,"2021",62013,2781,"Lee County, IL","05000US17103","lee-county-il"
1,"White",2021,"2021",61965,2745,"Livingston County, IL","05000US17105","livingston-county-il"
1,"White",2021,"2021",60769,3538,"Logan County, IL","05000US17107","logan-county-il"
1,"White",2021,"2021",46054,3720,"McDonough County, IL","05000US17109","mcdonough-county-il"
1,"White",2021,"2021",94835,2201,"McHenry County, IL","05000US17111","mchenry-county-il"
1,"White",2021,"2021",73045,1839.0000000000002,"McLean County, IL","05000US17113","mclean-county-il"
1,"White",2021,"2021",61275,2292,"Macon County, IL","05000US17115","macon-county-il"
1,"White",2021,"2021",59088,3179,"Macoupin County, IL","05000US17117","macoupin-county-il"
1,"White",2021,"2021",71120,1388,"Madison County, IL","05000US17119","madison-county-il"
1,"White",2021,"2021",53417,2103,"Marion County, IL","05000US17121","marion-county-il"
1,"White",2021,"2021",61007,3318,"Marshall County, IL","05000US17123","marshall-county-il"
1,"White",2021,"2021",55226,4038,"Mason County, IL","05000US17125","mason-county-il"
1,"White",2021,"2021",57277,3012,"Massac County, IL","05000US17127","massac-county-il"
1,"White",2021,"2021",80168,4038,"Menard County, IL","05000US17129","menard-county-il"
1,"White",2021,"2021",60599,3340,"Mercer County, IL","05000US17131","mercer-county-il"
1,"White",2021,"2021",93532,3959,"Monroe County, IL","05000US17133","monroe-county-il"
1,"White",2021,"2021",59222,3878,"Montgomery County, IL","05000US17135","montgomery-county-il"
1,"White",2021,"2021",57576,4181,"Morgan County, IL","05000US17137","morgan-county-il"
1,"White",2021,"2021",66597,8718,"Moultrie County, IL","05000US17139","moultrie-county-il"
1,"White",2021,"2021",69184,3058,"Ogle County, IL","05000US17141","ogle-county-il"
1,"White",2021,"2021",62593,1590,"Peoria County, IL","05000US17143","peoria-county-il"
1,"White",2021,"2021",54655,3878.9999999999995,"Perry County, IL","05000US17145","perry-county-il"
1,"White",2021,"2021",77415,5876,"Piatt County, IL","05000US17147","piatt-county-il"
1,"White",2021,"2021",51385,3700,"Pike County, IL","05000US17149","pike-county-il"
1,"White",2021,"2021",48427,7041,"Pope County, IL","05000US17151","pope-county-il"
1,"White",2021,"2021",52644,8041.999999999999,"Pulaski County, IL","05000US17153","pulaski-county-il"
1,"White",2021,"2021",66492,6123,"Putnam County, IL","05000US17155","putnam-county-il"
1,"White",2021,"2021",59558,3853.9999999999995,"Randolph County, IL","05000US17157","randolph-county-il"
1,"White",2021,"2021",58998,5171,"Richland County, IL","05000US17159","richland-county-il"
1,"White",2021,"2021",62357,2317,"Rock Island County, IL","05000US17161","rock-island-county-il"
1,"White",2021,"2021",73148,2607,"St. Clair County, IL","05000US17163","st-clair-county-il"
1,"White",2021,"2021",50332,3406,"Saline County, IL","05000US17165","saline-county-il"
1,"White",2021,"2021",72615,2015,"Sangamon County, IL","05000US17167","sangamon-county-il"
1,"White",2021,"2021",58504,7031,"Schuyler County, IL","05000US17169","schuyler-county-il"
1,"White",2021,"2021",64531,4413,"Scott County, IL","05000US17171","scott-county-il"
1,"White",2021,"2021",59866,2835,"Shelby County, IL","05000US17173","shelby-county-il"
1,"White",2021,"2021",55625,4971,"Stark County, IL","05000US17175","stark-county-il"
1,"White",2021,"2021",58567,2539,"Stephenson County, IL","05000US17177","stephenson-county-il"
1,"White",2021,"2021",69419,1488,"Tazewell County, IL","05000US17179","tazewell-county-il"
1,"White",2021,"2021",53530,3568,"Union County, IL","05000US17181","union-county-il"
1,"White",2021,"2021",53141,2415,"Vermilion County, IL","05000US17183","vermilion-county-il"
1,"White",2021,"2021",49781,5791,"Wabash County, IL","05000US17185","wabash-county-il"
1,"White",2021,"2021",59762,7559,"Warren County, IL","05000US17187","warren-county-il"
1,"White",2021,"2021",66774,4349,"Washington County, IL","05000US17189","washington-county-il"
1,"White",2021,"2021",52440,4283,"Wayne County, IL","05000US17191","wayne-county-il"
1,"White",2021,"2021",51591,4446,"White County, IL","05000US17193","white-county-il"
1,"White",2021,"2021",61164,2754,"Whiteside County, IL","05000US17195","whiteside-county-il"
1,"White",2021,"2021",101428,1271,"Will County, IL","05000US17197","will-county-il"
1,"White",2021,"2021",56575,3428,"Williamson County, IL","05000US17199","williamson-county-il"
1,"White",2021,"2021",62808,1546,"Winnebago County, IL","05000US17201","winnebago-county-il"
1,"White",2021,"2021",76245,3871,"Woodford County, IL","05000US17203","woodford-county-il"
2,"Black",2021,"2021",27970,2407,"Adams County, IL","05000US17001","adams-county-il"
2,"Black",2021,"2021",33291,6127,"Alexander County, IL","05000US17003","alexander-county-il"
2,"Black",2021,"2021",79399,39098,"Boone County, IL","05000US17007","boone-county-il"
2,"Black",2021,"2021",113542,98711,"Bureau County, IL","05000US17011","bureau-county-il"
2,"Black",2021,"2021",147750,113862,"Carroll County, IL","05000US17015","carroll-county-il"
2,"Black",2021,"2021",65417,33459,"Cass County, IL","05000US17017","cass-county-il"
2,"Black",2021,"2021",33824,2644,"Champaign County, IL","05000US17019","champaign-county-il"
2,"Black",2021,"2021",170742,61899,"Clinton County, IL","05000US17027","clinton-county-il"
2,"Black",2021,"2021",40536,30598,"Coles County, IL","05000US17029","coles-county-il"
2,"Black",2021,"2021",43814,641,"Cook County, IL","05000US17031","cook-county-il"
2,"Black",2021,"2021",25696,11004,"DeKalb County, IL","05000US17037","dekalb-county-il"
2,"Black",2021,"2021",115655,48960,"Douglas County, IL","05000US17041","douglas-county-il"
2,"Black",2021,"2021",63266,3281,"DuPage County, IL","05000US17043","dupage-county-il"
2,"Black",2021,"2021",34115,23390,"Effingham County, IL","05000US17049","effingham-county-il"
2,"Black",2021,"2021",10804,7345,"Franklin County, IL","05000US17055","franklin-county-il"
2,"Black",2021,"2021",51188,9193,"Henry County, IL","05000US17073","henry-county-il"
2,"Black",2021,"2021",85924,50331,"Iroquois County, IL","05000US17075","iroquois-county-il"
2,"Black",2021,"2021",27435,8553,"Jackson County, IL","05000US17077","jackson-county-il"
2,"Black",2021,"2021",34423,16042,"Jefferson County, IL","05000US17081","jefferson-county-il"
2,"Black",2021,"2021",55469,33885,"Jo Daviess County, IL","05000US17085","jo-daviess-county-il"
2,"Black",2021,"2021",55383,6555,"Kane County, IL","05000US17089","kane-county-il"
2,"Black",2021,"2021",34911,2844,"Kankakee County, IL","05000US17091","kankakee-county-il"
2,"Black",2021,"2021",83935,31855,"Kendall County, IL","05000US17093","kendall-county-il"
2,"Black",2021,"2021",20503,3747.9999999999995,"Knox County, IL","05000US17095","knox-county-il"
2,"Black",2021,"2021",52495,3670,"Lake County, IL","05000US17097","lake-county-il"
2,"Black",2021,"2021",36250,27787,"LaSalle County, IL","05000US17099","lasalle-county-il"
2,"Black",2021,"2021",61135,7338,"Lawrence County, IL","05000US17101","lawrence-county-il"
2,"Black",2021,"2021",18078,5140,"Livingston County, IL","05000US17105","livingston-county-il"
2,"Black",2021,"2021",26429,24011,"McDonough County, IL","05000US17109","mcdonough-county-il"
2,"Black",2021,"2021",101250,59200,"McHenry County, IL","05000US17111","mchenry-county-il"
2,"Black",2021,"2021",26478,4928,"McLean County, IL","05000US17113","mclean-county-il"
2,"Black",2021,"2021",30176,2736,"Macon County, IL","05000US17115","macon-county-il"
2,"Black",2021,"2021",17321,7754,"Macoupin County, IL","05000US17117","macoupin-county-il"
2,"Black",2021,"2021",33022,3299,"Madison County, IL","05000US17119","madison-county-il"
2,"Black",2021,"2021",44931,33460,"Marion County, IL","05000US17121","marion-county-il"
2,"Black",2021,"2021",60833,35866,"Massac County, IL","05000US17127","massac-county-il"
2,"Black",2021,"2021",23500,8884,"Morgan County, IL","05000US17137","morgan-county-il"
2,"Black",2021,"2021",31696,3750,"Peoria County, IL","05000US17143","peoria-county-il"
2,"Black",2021,"2021",26042,20542,"Perry County, IL","05000US17145","perry-county-il"
2,"Black",2021,"2021",27969,5559,"Pulaski County, IL","05000US17153","pulaski-county-il"
2,"Black",2021,"2021",54007,16537,"Randolph County, IL","05000US17157","randolph-county-il"
2,"Black",2021,"2021",31764,2844,"Rock Island County, IL","05000US17161","rock-island-county-il"
2,"Black",2021,"2021",37399,2043,"St. Clair County, IL","05000US17163","st-clair-county-il"
2,"Black",2021,"2021",45461,10134,"Saline County, IL","05000US17165","saline-county-il"
2,"Black",2021,"2021",26491,2498,"Sangamon County, IL","05000US17167","sangamon-county-il"
2,"Black",2021,"2021",78482,11490,"Stark County, IL","05000US17175","stark-county-il"
2,"Black",2021,"2021",24345,4467,"Stephenson County, IL","05000US17177","stephenson-county-il"
2,"Black",2021,"2021",29968,20567,"Tazewell County, IL","05000US17179","tazewell-county-il"
2,"Black",2021,"2021",29045,4904,"Vermilion County, IL","05000US17183","vermilion-county-il"
2,"Black",2021,"2021",64604,10888,"Warren County, IL","05000US17187","warren-county-il"
2,"Black",2021,"2021",26429,438,"Wayne County, IL","05000US17191","wayne-county-il"
2,"Black",2021,"2021",34167,15384,"Whiteside County, IL","05000US17195","whiteside-county-il"
2,"Black",2021,"2021",67475,3590.9999999999995,"Will County, IL","05000US17197","will-county-il"
2,"Black",2021,"2021",24417,1769,"Williamson County, IL","05000US17199","williamson-county-il"
2,"Black",2021,"2021",31904,2093,"Winnebago County, IL","05000US17201","winnebago-county-il"
3,"Native American",2021,"2021",33750,30132.000000000004,"Bond County, IL","05000US17005","bond-county-il"
3,"Native American",2021,"2021",106484,1209,"Bureau County, IL","05000US17011","bureau-county-il"
3,"Native American",2021,"2021",44464,13610.000000000002,"Christian County, IL","05000US17021","christian-county-il"
3,"Native American",2021,"2021",53858,8651,"Cook County, IL","05000US17031","cook-county-il"
3,"Native American",2021,"2021",30000,2258,"Douglas County, IL","05000US17041","douglas-county-il"
3,"Native American",2021,"2021",92148,18860,"DuPage County, IL","05000US17043","dupage-county-il"
3,"Native American",2021,"2021",85938,11411,"Effingham County, IL","05000US17049","effingham-county-il"
3,"Native American",2021,"2021",62917,23671,"Greene County, IL","05000US17061","greene-county-il"
3,"Native American",2021,"2021",238472,66862,"Grundy County, IL","05000US17063","grundy-county-il"
3,"Native American",2021,"2021",26250,10402,"Iroquois County, IL","05000US17075","iroquois-county-il"
3,"Native American",2021,"2021",55417,39722,"Jefferson County, IL","05000US17081","jefferson-county-il"
3,"Native American",2021,"2021",75625,66108,"Jo Daviess County, IL","05000US17085","jo-daviess-county-il"
3,"Native American",2021,"2021",76500,17194,"Kane County, IL","05000US17089","kane-county-il"
3,"Native American",2021,"2021",92805,12076,"Kankakee County, IL","05000US17091","kankakee-county-il"
3,"Native American",2021,"2021",107569,102355,"Kendall County, IL","05000US17093","kendall-county-il"
3,"Native American",2021,"2021",66367,6989.999999999999,"Lake County, IL","05000US17097","lake-county-il"
3,"Native American",2021,"2021",21875,6255,"LaSalle County, IL","05000US17099","lasalle-county-il"
3,"Native American",2021,"2021",9107,1871,"Lee County, IL","05000US17103","lee-county-il"
3,"Native American",2021,"2021",76300,15405.999999999998,"McHenry County, IL","05000US17111","mchenry-county-il"
3,"Native American",2021,"2021",115417,65737,"McLean County, IL","05000US17113","mclean-county-il"
3,"Native American",2021,"2021",31583,25258,"Macon County, IL","05000US17115","macon-county-il"
3,"Native American",2021,"2021",56250,42919,"Marion County, IL","05000US17121","marion-county-il"
3,"Native American",2021,"2021",22875,8756,"Morgan County, IL","05000US17137","morgan-county-il"
3,"Native American",2021,"2021",103302,374,"Peoria County, IL","05000US17143","peoria-county-il"
3,"Native American",2021,"2021",86875,64433.99999999999,"Randolph County, IL","05000US17157","randolph-county-il"
3,"Native American",2021,"2021",69321,10287,"Rock Island County, IL","05000US17161","rock-island-county-il"
3,"Native American",2021,"2021",77250,31090.999999999996,"Sangamon County, IL","05000US17167","sangamon-county-il"
3,"Native American",2021,"2021",98750,72528,"Tazewell County, IL","05000US17179","tazewell-county-il"
3,"Native American",2021,"2021",53828,6621,"Union County, IL","05000US17181","union-county-il"
3,"Native American",2021,"2021",51974,33068,"Whiteside County, IL","05000US17195","whiteside-county-il"
3,"Native American",2021,"2021",79955,8383,"Will County, IL","05000US17197","will-county-il"
3,"Native American",2021,"2021",62679,21754,"Winnebago County, IL","05000US17201","winnebago-county-il"
3,"Native American",2021,"2021",14000,1524,"Woodford County, IL","05000US17203","woodford-county-il"
4,"Asian",2021,"2021",118824,78704,"Adams County, IL","05000US17001","adams-county-il"
4,"Asian",2021,"2021",83145,61578.00000000001,"Boone County, IL","05000US17007","boone-county-il"
4,"Asian",2021,"2021",75882,16946,"Bureau County, IL","05000US17011","bureau-county-il"
4,"Asian",2021,"2021",55000,45928,"Cass County, IL","05000US17017","cass-county-il"
4,"Asian",2021,"2021",28017,4071,"Champaign County, IL","05000US17019","champaign-county-il"
4,"Asian",2021,"2021",82368,30682.999999999996,"Clinton County, IL","05000US17027","clinton-county-il"
4,"Asian",2021,"2021",45286,30675,"Coles County, IL","05000US17029","coles-county-il"
4,"Asian",2021,"2021",89944,3110,"Cook County, IL","05000US17031","cook-county-il"
4,"Asian",2021,"2021",250001,,"Crawford County, IL","05000US17033","crawford-county-il"
4,"Asian",2021,"2021",16864,5318,"DeKalb County, IL","05000US17037","dekalb-county-il"
4,"Asian",2021,"2021",67895,34181,"Douglas County, IL","05000US17041","douglas-county-il"
4,"Asian",2021,"2021",118134,4384,"DuPage County, IL","05000US17043","dupage-county-il"
4,"Asian",2021,"2021",76667,53404,"Edwards County, IL","05000US17047","edwards-county-il"
4,"Asian",2021,"2021",65000,48745,"Fulton County, IL","05000US17057","fulton-county-il"
4,"Asian",2021,"2021",78571,37808,"Hancock County, IL","05000US17067","hancock-county-il"
4,"Asian",2021,"2021",118750,113736,"Henry County, IL","05000US17073","henry-county-il"
4,"Asian",2021,"2021",21033,12599,"Jackson County, IL","05000US17077","jackson-county-il"
4,"Asian",2021,"2021",76964,59151,"Jefferson County, IL","05000US17081","jefferson-county-il"
4,"Asian",2021,"2021",63750,3541.0000000000005,"Jo Daviess County, IL","05000US17085","jo-daviess-county-il"
4,"Asian",2021,"2021",105038,14717.999999999998,"Kane County, IL","05000US17089","kane-county-il"
4,"Asian",2021,"2021",60461,60207,"Kankakee County, IL","05000US17091","kankakee-county-il"
4,"Asian",2021,"2021",138969,37166,"Kendall County, IL","05000US17093","kendall-county-il"
4,"Asian",2021,"2021",133326,5905,"Lake County, IL","05000US17097","lake-county-il"
4,"Asian",2021,"2021",65078,20244,"LaSalle County, IL","05000US17099","lasalle-county-il"
4,"Asian",2021,"2021",51667,43429,"Lee County, IL","05000US17103","lee-county-il"
4,"Asian",2021,"2021",250001,,"Livingston County, IL","05000US17105","livingston-county-il"
4,"Asian",2021,"2021",65461,21509,"Logan County, IL","05000US17107","logan-county-il"
4,"Asian",2021,"2021",115152,82482,"McDonough County, IL","05000US17109","mcdonough-county-il"
4,"Asian",2021,"2021",102656,22622,"McHenry County, IL","05000US17111","mchenry-county-il"
4,"Asian",2021,"2021",92451,5925,"McLean County, IL","05000US17113","mclean-county-il"
4,"Asian",2021,"2021",59896,48365,"Macon County, IL","05000US17115","macon-county-il"
4,"Asian",2021,"2021",74107,68334,"Macoupin County, IL","05000US17117","macoupin-county-il"
4,"Asian",2021,"2021",75727,23999,"Madison County, IL","05000US17119","madison-county-il"
4,"Asian",2021,"2021",43565,13660.000000000002,"Monroe County, IL","05000US17133","monroe-county-il"
4,"Asian",2021,"2021",62273,21510,"Ogle County, IL","05000US17141","ogle-county-il"
4,"Asian",2021,"2021",114045,8217,"Peoria County, IL","05000US17143","peoria-county-il"
4,"Asian",2021,"2021",31806,25139,"Perry County, IL","05000US17145","perry-county-il"
4,"Asian",2021,"2021",113125,78412,"Pike County, IL","05000US17149","pike-county-il"
4,"Asian",2021,"2021",85863,67451,"Randolph County, IL","05000US17157","randolph-county-il"
4,"Asian",2021,"2021",68911,24534,"Rock Island County, IL","05000US17161","rock-island-county-il"
4,"Asian",2021,"2021",76565,6358,"St. Clair County, IL","05000US17163","st-clair-county-il"
4,"Asian",2021,"2021",100515,12496,"Sangamon County, IL","05000US17167","sangamon-county-il"
4,"Asian",2021,"2021",209444,99627,"Shelby County, IL","05000US17173","shelby-county-il"
4,"Asian",2021,"2021",74323,21988,"Tazewell County, IL","05000US17179","tazewell-county-il"
4,"Asian",2021,"2021",60521,41480,"Vermilion County, IL","05000US17183","vermilion-county-il"
4,"Asian",2021,"2021",52708,17927,"Whiteside County, IL","05000US17195","whiteside-county-il"
4,"Asian",2021,"2021",136770,8488,"Will County, IL","05000US17197","will-county-il"
4,"Asian",2021,"2021",90625,61201,"Williamson County, IL","05000US17199","williamson-county-il"
4,"Asian",2021,"2021",84167,22231,"Winnebago County, IL","05000US17201","winnebago-county-il"
5,"Pacific Islander",2021,"2021",97731,29069,"Cook County, IL","05000US17031","cook-county-il"
5,"Pacific Islander",2021,"2021",46020,850.0000000000001,"Jackson County, IL","05000US17077","jackson-county-il"
5,"Pacific Islander",2021,"2021",48871,24569,"Kane County, IL","05000US17089","kane-county-il"
5,"Pacific Islander",2021,"2021",118355,62361,"Madison County, IL","05000US17119","madison-county-il"
5,"Pacific Islander",2021,"2021",40948,19138,"Will County, IL","05000US17197","will-county-il"
6,"Other",2021,"2021",55398,25983,"Boone County, IL","05000US17007","boone-county-il"
6,"Other",2021,"2021",76250,27870.999999999996,"Bureau County, IL","05000US17011","bureau-county-il"
6,"Other",2021,"2021",25844,6348,"Carroll County, IL","05000US17015","carroll-county-il"
6,"Other",2021,"2021",54545,25329,"Cass County, IL","05000US17017","cass-county-il"
6,"Other",2021,"2021",40667,18355,"Champaign County, IL","05000US17019","champaign-county-il"
6,"Other",2021,"2021",2499,,"Clinton County, IL","05000US17027","clinton-county-il"
6,"Other",2021,"2021",19163,541,"Coles County, IL","05000US17029","coles-county-il"
6,"Other",2021,"2021",59944,1313,"Cook County, IL","05000US17031","cook-county-il"
6,"Other",2021,"2021",59879,20569,"DeKalb County, IL","05000US17037","dekalb-county-il"
6,"Other",2021,"2021",91118,307,"De Witt County, IL","05000US17039","de-witt-county-il"
6,"Other",2021,"2021",69578,4380,"DuPage County, IL","05000US17043","dupage-county-il"
6,"Other",2021,"2021",37734,13339,"Effingham County, IL","05000US17049","effingham-county-il"
6,"Other",2021,"2021",78304,67482,"Ford County, IL","05000US17053","ford-county-il"
6,"Other",2021,"2021",133083,26873,"Fulton County, IL","05000US17057","fulton-county-il"
6,"Other",2021,"2021",64007,49423,"Grundy County, IL","05000US17063","grundy-county-il"
6,"Other",2021,"2021",66094,375,"Hancock County, IL","05000US17067","hancock-county-il"
6,"Other",2021,"2021",39074,26052,"Henry County, IL","05000US17073","henry-county-il"
6,"Other",2021,"2021",55962,14142,"Iroquois County, IL","05000US17075","iroquois-county-il"
6,"Other",2021,"2021",21330,4650,"Jackson County, IL","05000US17077","jackson-county-il"
6,"Other",2021,"2021",92692,2918,"Jefferson County, IL","05000US17081","jefferson-county-il"
6,"Other",2021,"2021",83542,40352,"Jersey County, IL","05000US17083","jersey-county-il"
6,"Other",2021,"2021",35313,30561.999999999996,"Jo Daviess County, IL","05000US17085","jo-daviess-county-il"
6,"Other",2021,"2021",68475,4761,"Kane County, IL","05000US17089","kane-county-il"
6,"Other",2021,"2021",45640,8627,"Kankakee County, IL","05000US17091","kankakee-county-il"
6,"Other",2021,"2021",69887,17358,"Kendall County, IL","05000US17093","kendall-county-il"
6,"Other",2021,"2021",43026,25891,"Knox County, IL","05000US17095","knox-county-il"
6,"Other",2021,"2021",64342,4375,"Lake County, IL","05000US17097","lake-county-il"
6,"Other",2021,"2021",62868,15834.999999999998,"LaSalle County, IL","05000US17099","lasalle-county-il"
6,"Other",2021,"2021",52250,38186,"Livingston County, IL","05000US17105","livingston-county-il"
6,"Other",2021,"2021",2499,,"McDonough County, IL","05000US17109","mcdonough-county-il"
6,"Other",2021,"2021",73698,10499,"McHenry County, IL","05000US17111","mchenry-county-il"
6,"Other",2021,"2021",48507,9776,"McLean County, IL","05000US17113","mclean-county-il"
6,"Other",2021,"2021",44375,22129,"Macon County, IL","05000US17115","macon-county-il"
6,"Other",2021,"2021",38971,24479,"Madison County, IL","05000US17119","madison-county-il"
6,"Other",2021,"2021",116087,51081,"Marion County, IL","05000US17121","marion-county-il"
6,"Other",2021,"2021",45938,7533.000000000001,"Ogle County, IL","05000US17141","ogle-county-il"
6,"Other",2021,"2021",46280,11429,"Peoria County, IL","05000US17143","peoria-county-il"
6,"Other",2021,"2021",83214,39380,"Pike County, IL","05000US17149","pike-county-il"
6,"Other",2021,"2021",68295,35428,"Putnam County, IL","05000US17155","putnam-county-il"
6,"Other",2021,"2021",32963,12585,"Randolph County, IL","05000US17157","randolph-county-il"
6,"Other",2021,"2021",105702,44529,"Richland County, IL","05000US17159","richland-county-il"
6,"Other",2021,"2021",50962,11491,"Rock Island County, IL","05000US17161","rock-island-county-il"
6,"Other",2021,"2021",58375,46064,"St. Clair County, IL","05000US17163","st-clair-county-il"
6,"Other",2021,"2021",2499,,"Saline County, IL","05000US17165","saline-county-il"
6,"Other",2021,"2021",71705,55654,"Sangamon County, IL","05000US17167","sangamon-county-il"
6,"Other",2021,"2021",51250,49320,"Stephenson County, IL","05000US17177","stephenson-county-il"
6,"Other",2021,"2021",74635,9734,"Tazewell County, IL","05000US17179","tazewell-county-il"
6,"Other",2021,"2021",36250,31665,"Union County, IL","05000US17181","union-county-il"
6,"Other",2021,"2021",77727,22692,"Vermilion County, IL","05000US17183","vermilion-county-il"
6,"Other",2021,"2021",54417,27048,"Warren County, IL","05000US17187","warren-county-il"
6,"Other",2021,"2021",35217,33841,"Wayne County, IL","05000US17191","wayne-county-il"
6,"Other",2021,"2021",56694,36882,"Whiteside County, IL","05000US17195","whiteside-county-il"
6,"Other",2021,"2021",67137,6166,"Will County, IL","05000US17197","will-county-il"
6,"Other",2021,"2021",52870,9730,"Winnebago County, IL","05000US17201","winnebago-county-il"
6,"Other",2021,"2021",100946,946.0000000000001,"Woodford County, IL","05000US17203","woodford-county-il"
7,"Two Or More",2021,"2021",60313,35027,"Adams County, IL","05000US17001","adams-county-il"
7,"Two Or More",2021,"2021",37323,9649,"Boone County, IL","05000US17007","boone-county-il"
7,"Two Or More",2021,"2021",59375,30818,"Bureau County, IL","05000US17011","bureau-county-il"
7,"Two Or More",2021,"2021",172708,136175,"Calhoun County, IL","05000US17013","calhoun-county-il"
7,"Two Or More",2021,"2021",70938,32535.000000000004,"Carroll County, IL","05000US17015","carroll-county-il"
7,"Two Or More",2021,"2021",56602,25155,"Cass County, IL","05000US17017","cass-county-il"
7,"Two Or More",2021,"2021",46269,6403,"Champaign County, IL","05000US17019","champaign-county-il"
7,"Two Or More",2021,"2021",41250,34397,"Christian County, IL","05000US17021","christian-county-il"
7,"Two Or More",2021,"2021",36964,24009,"Clark County, IL","05000US17023","clark-county-il"
7,"Two Or More",2021,"2021",59926,54029,"Clay County, IL","05000US17025","clay-county-il"
7,"Two Or More",2021,"2021",63739,965.9999999999999,"Clinton County, IL","05000US17027","clinton-county-il"
7,"Two Or More",2021,"2021",68820,1966,"Cook County, IL","05000US17031","cook-county-il"
7,"Two Or More",2021,"2021",54175,8490,"Crawford County, IL","05000US17033","crawford-county-il"
7,"Two Or More",2021,"2021",58377,23362,"DeKalb County, IL","05000US17037","dekalb-county-il"
7,"Two Or More",2021,"2021",75500,20784,"Douglas County, IL","05000US17041","douglas-county-il"
7,"Two Or More",2021,"2021",82311,5609,"DuPage County, IL","05000US17043","dupage-county-il"
7,"Two Or More",2021,"2021",44500,40376,"Edwards County, IL","05000US17047","edwards-county-il"
7,"Two Or More",2021,"2021",47813,45901,"Fayette County, IL","05000US17051","fayette-county-il"
7,"Two Or More",2021,"2021",27500,26691,"Franklin County, IL","05000US17055","franklin-county-il"
7,"Two Or More",2021,"2021",36458,20419,"Fulton County, IL","05000US17057","fulton-county-il"
7,"Two Or More",2021,"2021",92731,38710,"Grundy County, IL","05000US17063","grundy-county-il"
7,"Two Or More",2021,"2021",78150,77296,"Hamilton County, IL","05000US17065","hamilton-county-il"
7,"Two Or More",2021,"2021",23750,19509,"Hancock County, IL","05000US17067","hancock-county-il"
7,"Two Or More",2021,"2021",38977,1997,"Henderson County, IL","05000US17071","henderson-county-il"
7,"Two Or More",2021,"2021",54063,21179,"Henry County, IL","05000US17073","henry-county-il"
7,"Two Or More",2021,"2021",75625,27827,"Iroquois County, IL","05000US17075","iroquois-county-il"
7,"Two Or More",2021,"2021",38430,11036,"Jackson County, IL","05000US17077","jackson-county-il"
7,"Two Or More",2021,"2021",35724,32401,"Jasper County, IL","05000US17079","jasper-county-il"
7,"Two Or More",2021,"2021",48355,15370.999999999998,"Jefferson County, IL","05000US17081","jefferson-county-il"
7,"Two Or More",2021,"2021",2499,,"Jersey County, IL","05000US17083","jersey-county-il"
7,"Two Or More",2021,"2021",51250,30278,"Jo Daviess County, IL","05000US17085","jo-daviess-county-il"
7,"Two Or More",2021,"2021",54688,40929,"Johnson County, IL","05000US17087","johnson-county-il"
7,"Two Or More",2021,"2021",72353,9970,"Kane County, IL","05000US17089","kane-county-il"
7,"Two Or More",2021,"2021",64840,14615,"Kankakee County, IL","05000US17091","kankakee-county-il"
7,"Two Or More",2021,"2021",98420,20495,"Kendall County, IL","05000US17093","kendall-county-il"
7,"Two Or More",2021,"2021",43844,6391,"Knox County, IL","05000US17095","knox-county-il"
7,"Two Or More",2021,"2021",76991,7791,"Lake County, IL","05000US17097","lake-county-il"
7,"Two Or More",2021,"2021",53701,12305,"LaSalle County, IL","05000US17099","lasalle-county-il"
7,"Two Or More",2021,"2021",41750,40433,"Lawrence County, IL","05000US17101","lawrence-county-il"
7,"Two Or More",2021,"2021",67422,15941,"Lee County, IL","05000US17103","lee-county-il"
7,"Two Or More",2021,"2021",76958,44707,"Livingston County, IL","05000US17105","livingston-county-il"
7,"Two Or More",2021,"2021",57083,44080,"Logan County, IL","05000US17107","logan-county-il"
7,"Two Or More",2021,"2021",85710,2855,"McHenry County, IL","05000US17111","mchenry-county-il"
7,"Two Or More",2021,"2021",46675,9884,"McLean County, IL","05000US17113","mclean-county-il"
7,"Two Or More",2021,"2021",59776,6709,"Macon County, IL","05000US17115","macon-county-il"
7,"Two Or More",2021,"2021",51275,13389,"Macoupin County, IL","05000US17117","macoupin-county-il"
7,"Two Or More",2021,"2021",55020,6334,"Madison County, IL","05000US17119","madison-county-il"
7,"Two Or More",2021,"2021",48750,11730,"Marshall County, IL","05000US17123","marshall-county-il"
7,"Two Or More",2021,"2021",69943,9881,"Massac County, IL","05000US17127","massac-county-il"
7,"Two Or More",2021,"2021",88971,16352.000000000002,"Monroe County, IL","05000US17133","monroe-county-il"
7,"Two Or More",2021,"2021",31111,16279,"Morgan County, IL","05000US17137","morgan-county-il"
7,"Two Or More",2021,"2021",105301,40943,"Moultrie County, IL","05000US17139","moultrie-county-il"
7,"Two Or More",2021,"2021",47159,14318.999999999998,"Ogle County, IL","05000US17141","ogle-county-il"
7,"Two Or More",2021,"2021",50174,7779.999999999999,"Peoria County, IL","05000US17143","peoria-county-il"
7,"Two Or More",2021,"2021",50438,37631,"Perry County, IL","05000US17145","perry-county-il"
7,"Two Or More",2021,"2021",89000,46510,"Piatt County, IL","05000US17147","piatt-county-il"
7,"Two Or More",2021,"2021",22841,12843,"Pike County, IL","05000US17149","pike-county-il"
7,"Two Or More",2021,"2021",34531,26244,"Pope County, IL","05000US17151","pope-county-il"
7,"Two Or More",2021,"2021",66131,5875,"Pulaski County, IL","05000US17153","pulaski-county-il"
7,"Two Or More",2021,"2021",52500,31689.999999999996,"Randolph County, IL","05000US17157","randolph-county-il"
7,"Two Or More",2021,"2021",56207,8081,"Rock Island County, IL","05000US17161","rock-island-county-il"
7,"Two Or More",2021,"2021",70184,10611,"St. Clair County, IL","05000US17163","st-clair-county-il"
7,"Two Or More",2021,"2021",36250,1397,"Saline County, IL","05000US17165","saline-county-il"
7,"Two Or More",2021,"2021",46113,6634,"Sangamon County, IL","05000US17167","sangamon-county-il"
7,"Two Or More",2021,"2021",37596,9328,"Stark County, IL","05000US17175","stark-county-il"
7,"Two Or More",2021,"2021",50042,11734,"Stephenson County, IL","05000US17177","stephenson-county-il"
7,"Two Or More",2021,"2021",57631,6204,"Tazewell County, IL","05000US17179","tazewell-county-il"
7,"Two Or More",2021,"2021",86736,40097,"Union County, IL","05000US17181","union-county-il"
7,"Two Or More",2021,"2021",41351,9173,"Vermilion County, IL","05000US17183","vermilion-county-il"
7,"Two Or More",2021,"2021",82692,62236.00000000001,"Washington County, IL","05000US17189","washington-county-il"
7,"Two Or More",2021,"2021",47188,38310,"Wayne County, IL","05000US17191","wayne-county-il"
7,"Two Or More",2021,"2021",19735,12596,"Whiteside County, IL","05000US17195","whiteside-county-il"
7,"Two Or More",2021,"2021",82996,6849,"Will County, IL","05000US17197","will-county-il"
7,"Two Or More",2021,"2021",26300,19162,"Williamson County, IL","05000US17199","williamson-county-il"
7,"Two Or More",2021,"2021",42358,6826,"Winnebago County, IL","05000US17201","winnebago-county-il"
7,"Two Or More",2021,"2021",71250,55396,"Woodford County, IL","05000US17203","woodford-county-il"
8,"White Non-Hispanic",2021,"2021",59791,2203,"Adams County, IL","05000US17001","adams-county-il"
8,"White Non-Hispanic",2021,"2021",43816,5015,"Alexander County, IL","05000US17003","alexander-county-il"
8,"White Non-Hispanic",2021,"2021",55214,3838.9999999999995,"Bond County, IL","05000US17005","bond-county-il"
8,"White Non-Hispanic",2021,"2021",76215,6854,"Boone County, IL","05000US17007","boone-county-il"
8,"White Non-Hispanic",2021,"2021",60125,6650,"Brown County, IL","05000US17009","brown-county-il"
8,"White Non-Hispanic",2021,"2021",58459,4040.9999999999995,"Bureau County, IL","05000US17011","bureau-county-il"
8,"White Non-Hispanic",2021,"2021",74271,5837,"Calhoun County, IL","05000US17013","calhoun-county-il"
8,"White Non-Hispanic",2021,"2021",55255,3127,"Carroll County, IL","05000US17015","carroll-county-il"
8,"White Non-Hispanic",2021,"2021",58883,3675,"Cass County, IL","05000US17017","cass-county-il"
8,"White Non-Hispanic",2021,"2021",68852,2956,"Champaign County, IL","05000US17019","champaign-county-il"
8,"White Non-Hispanic",2021,"2021",53379,2588,"Christian County, IL","05000US17021","christian-county-il"
8,"White Non-Hispanic",2021,"2021",66044,5960,"Clark County, IL","05000US17023","clark-county-il"
8,"White Non-Hispanic",2021,"2021",53572,3212,"Clay County, IL","05000US17025","clay-county-il"
8,"White Non-Hispanic",2021,"2021",72416,3253,"Clinton County, IL","05000US17027","clinton-county-il"
8,"White Non-Hispanic",2021,"2021",50164,2687,"Coles County, IL","05000US17029","coles-county-il"
8,"White Non-Hispanic",2021,"2021",91664,864,"Cook County, IL","05000US17031","cook-county-il"
8,"White Non-Hispanic",2021,"2021",54801,3483,"Crawford County, IL","05000US17033","crawford-county-il"
8,"White Non-Hispanic",2021,"2021",66786,5981,"Cumberland County, IL","05000US17035","cumberland-county-il"
8,"White Non-Hispanic",2021,"2021",68799,2768,"DeKalb County, IL","05000US17037","dekalb-county-il"
8,"White Non-Hispanic",2021,"2021",60202,5929,"De Witt County, IL","05000US17039","de-witt-county-il"
8,"White Non-Hispanic",2021,"2021",63385,5583,"Douglas County, IL","05000US17041","douglas-county-il"
8,"White Non-Hispanic",2021,"2021",105741,926,"DuPage County, IL","05000US17043","dupage-county-il"
8,"White Non-Hispanic",2021,"2021",51294,5739,"Edgar County, IL","05000US17045","edgar-county-il"
8,"White Non-Hispanic",2021,"2021",55952,3035,"Edwards County, IL","05000US17047","edwards-county-il"
8,"White Non-Hispanic",2021,"2021",65930,3036,"Effingham County, IL","05000US17049","effingham-county-il"
8,"White Non-Hispanic",2021,"2021",47603,3430.0000000000005,"Fayette County, IL","05000US17051","fayette-county-il"
8,"White Non-Hispanic",2021,"2021",55000,3412,"Ford County, IL","05000US17053","ford-county-il"
8,"White Non-Hispanic",2021,"2021",48644,2438,"Franklin County, IL","05000US17055","franklin-county-il"
8,"White Non-Hispanic",2021,"2021",53744,2281,"Fulton County, IL","05000US17057","fulton-county-il"
8,"White Non-Hispanic",2021,"2021",52653,6624,"Gallatin County, IL","05000US17059","gallatin-county-il"
8,"White Non-Hispanic",2021,"2021",54587,4315,"Greene County, IL","05000US17061","greene-county-il"
8,"White Non-Hispanic",2021,"2021",81413,3688.0000000000005,"Grundy County, IL","05000US17063","grundy-county-il"
8,"White Non-Hispanic",2021,"2021",58226,3892,"Hamilton County, IL","05000US17065","hamilton-county-il"
8,"White Non-Hispanic",2021,"2021",58844,3563,"Hancock County, IL","05000US17067","hancock-county-il"
8,"White Non-Hispanic",2021,"2021",51758,6110,"Hardin County, IL","05000US17069","hardin-county-il"
8,"White Non-Hispanic",2021,"2021",63115,6256,"Henderson County, IL","05000US17071","henderson-county-il"
8,"White Non-Hispanic",2021,"2021",63288,3013,"Henry County, IL","05000US17073","henry-county-il"
8,"White Non-Hispanic",2021,"2021",58626,2491,"Iroquois County, IL","05000US17075","iroquois-county-il"
8,"White Non-Hispanic",2021,"2021",46786,2078,"Jackson County, IL","05000US17077","jackson-county-il"
8,"White Non-Hispanic",2021,"2021",60345,6582,"Jasper County, IL","05000US17079","jasper-county-il"
8,"White Non-Hispanic",2021,"2021",55411,2447,"Jefferson County, IL","05000US17081","jefferson-county-il"
8,"White Non-Hispanic",2021,"2021",71926,6098,"Jersey County, IL","05000US17083","jersey-county-il"
8,"White Non-Hispanic",2021,"2021",61323,3653.0000000000005,"Jo Daviess County, IL","05000US17085","jo-daviess-county-il"
8,"White Non-Hispanic",2021,"2021",58531,3579,"Johnson County, IL","05000US17087","johnson-county-il"
8,"White Non-Hispanic",2021,"2021",100297,2787,"Kane County, IL","05000US17089","kane-county-il"
8,"White Non-Hispanic",2021,"2021",69044,2581,"Kankakee County, IL","05000US17091","kankakee-county-il"
8,"White Non-Hispanic",2021,"2021",103353,3536.0000000000005,"Kendall County, IL","05000US17093","kendall-county-il"
8,"White Non-Hispanic",2021,"2021",48355,3023,"Knox County, IL","05000US17095","knox-county-il"
8,"White Non-Hispanic",2021,"2021",108642,1992.9999999999998,"Lake County, IL","05000US17097","lake-county-il"
8,"White Non-Hispanic",2021,"2021",64034,1543,"LaSalle County, IL","05000US17099","lasalle-county-il"
8,"White Non-Hispanic",2021,"2021",51362,3985.9999999999995,"Lawrence County, IL","05000US17101","lawrence-county-il"
8,"White Non-Hispanic",2021,"2021",61982,2859,"Lee County, IL","05000US17103","lee-county-il"
8,"White Non-Hispanic",2021,"2021",62086,2703,"Livingston County, IL","05000US17105","livingston-county-il"
8,"White Non-Hispanic",2021,"2021",60893,3567.0000000000005,"Logan County, IL","05000US17107","logan-county-il"
8,"White Non-Hispanic",2021,"2021",45896,3643.0000000000005,"McDonough County, IL","05000US17109","mcdonough-county-il"
8,"White Non-Hispanic",2021,"2021",97216,1949.9999999999998,"McHenry County, IL","05000US17111","mchenry-county-il"
8,"White Non-Hispanic",2021,"2021",73454,1913,"McLean County, IL","05000US17113","mclean-county-il"
8,"White Non-Hispanic",2021,"2021",61403,2285,"Macon County, IL","05000US17115","macon-county-il"
8,"White Non-Hispanic",2021,"2021",59180,3159,"Macoupin County, IL","05000US17117","macoupin-county-il"
8,"White Non-Hispanic",2021,"2021",71517,1389,"Madison County, IL","05000US17119","madison-county-il"
8,"White Non-Hispanic",2021,"2021",53255,2069,"Marion County, IL","05000US17121","marion-county-il"
8,"White Non-Hispanic",2021,"2021",60872,3855.0000000000005,"Marshall County, IL","05000US17123","marshall-county-il"
8,"White Non-Hispanic",2021,"2021",55181,3980,"Mason County, IL","05000US17125","mason-county-il"
8,"White Non-Hispanic",2021,"2021",57632,3062,"Massac County, IL","05000US17127","massac-county-il"
8,"White Non-Hispanic",2021,"2021",80168,4038,"Menard County, IL","05000US17129","menard-county-il"
8,"White Non-Hispanic",2021,"2021",60677,3289,"Mercer County, IL","05000US17131","mercer-county-il"
8,"White Non-Hispanic",2021,"2021",93414,4014,"Monroe County, IL","05000US17133","monroe-county-il"
8,"White Non-Hispanic",2021,"2021",59778,3837,"Montgomery County, IL","05000US17135","montgomery-county-il"
8,"White Non-Hispanic",2021,"2021",57667,4256,"Morgan County, IL","05000US17137","morgan-county-il"
8,"White Non-Hispanic",2021,"2021",66910,8586,"Moultrie County, IL","05000US17139","moultrie-county-il"
8,"White Non-Hispanic",2021,"2021",69480,3033,"Ogle County, IL","05000US17141","ogle-county-il"
8,"White Non-Hispanic",2021,"2021",63265,1500,"Peoria County, IL","05000US17143","peoria-county-il"
8,"White Non-Hispanic",2021,"2021",54662,3904.9999999999995,"Perry County, IL","05000US17145","perry-county-il"
8,"White Non-Hispanic",2021,"2021",77415,5899,"Piatt County, IL","05000US17147","piatt-county-il"
8,"White Non-Hispanic",2021,"2021",51448,3754.0000000000005,"Pike County, IL","05000US17149","pike-county-il"
8,"White Non-Hispanic",2021,"2021",48468,7043,"Pope County, IL","05000US17151","pope-county-il"
8,"White Non-Hispanic",2021,"2021",52283,7796,"Pulaski County, IL","05000US17153","pulaski-county-il"
8,"White Non-Hispanic",2021,"2021",67379,6488,"Putnam County, IL","05000US17155","putnam-county-il"
8,"White Non-Hispanic",2021,"2021",59268,3827,"Randolph County, IL","05000US17157","randolph-county-il"
8,"White Non-Hispanic",2021,"2021",59171,5081,"Richland County, IL","05000US17159","richland-county-il"
8,"White Non-Hispanic",2021,"2021",62954,2367,"Rock Island County, IL","05000US17161","rock-island-county-il"
8,"White Non-Hispanic",2021,"2021",73428,2680,"St. Clair County, IL","05000US17163","st-clair-county-il"
8,"White Non-Hispanic",2021,"2021",49964,3552,"Saline County, IL","05000US17165","saline-county-il"
8,"White Non-Hispanic",2021,"2021",72540,2028,"Sangamon County, IL","05000US17167","sangamon-county-il"
8,"White Non-Hispanic",2021,"2021",58617,6953,"Schuyler County, IL","05000US17169","schuyler-county-il"
8,"White Non-Hispanic",2021,"2021",64531,4413,"Scott County, IL","05000US17171","scott-county-il"
8,"White Non-Hispanic",2021,"2021",59866,2793,"Shelby County, IL","05000US17173","shelby-county-il"
8,"White Non-Hispanic",2021,"2021",55380,4972,"Stark County, IL","05000US17175","stark-county-il"
8,"White Non-Hispanic",2021,"2021",59158,2706,"Stephenson County, IL","05000US17177","stephenson-county-il"
8,"White Non-Hispanic",2021,"2021",69463,1465,"Tazewell County, IL","05000US17179","tazewell-county-il"
8,"White Non-Hispanic",2021,"2021",53860,3326,"Union County, IL","05000US17181","union-county-il"
8,"White Non-Hispanic",2021,"2021",53591,2557,"Vermilion County, IL","05000US17183","vermilion-county-il"
8,"White Non-Hispanic",2021,"2021",49125,5666,"Wabash County, IL","05000US17185","wabash-county-il"
8,"White Non-Hispanic",2021,"2021",59033,7358,"Warren County, IL","05000US17187","warren-county-il"
8,"White Non-Hispanic",2021,"2021",66263,4153,"Washington County, IL","05000US17189","washington-county-il"
8,"White Non-Hispanic",2021,"2021",52551,4314,"Wayne County, IL","05000US17191","wayne-county-il"
8,"White Non-Hispanic",2021,"2021",51775,4589,"White County, IL","05000US17193","white-county-il"
8,"White Non-Hispanic",2021,"2021",61192,2857,"Whiteside County, IL","05000US17195","whiteside-county-il"
8,"White Non-Hispanic",2021,"2021",103471,1340,"Will County, IL","05000US17197","will-county-il"
8,"White Non-Hispanic",2021,"2021",56743,3441,"Williamson County, IL","05000US17199","williamson-county-il"
8,"White Non-Hispanic",2021,"2021",64382,1561,"Winnebago County, IL","05000US17201","winnebago-county-il"
8,"White Non-Hispanic",2021,"2021",75903,4071,"Woodford County, IL","05000US17203","woodford-county-il"
9,"Hispanic",2021,"2021",71813,30275,"Adams County, IL","05000US17001","adams-county-il"
9,"Hispanic",2021,"2021",24574,14711,"Bond County, IL","05000US17005","bond-county-il"
9,"Hispanic",2021,"2021",67788,13926,"Boone County, IL","05000US17007","boone-county-il"
9,"Hispanic",2021,"2021",63362,12199,"Bureau County, IL","05000US17011","bureau-county-il"
9,"Hispanic",2021,"2021",32679,23466,"Carroll County, IL","05000US17015","carroll-county-il"
9,"Hispanic",2021,"2021",56250,16270,"Cass County, IL","05000US17017","cass-county-il"
9,"Hispanic",2021,"2021",37227,5948,"Champaign County, IL","05000US17019","champaign-county-il"
9,"Hispanic",2021,"2021",64351,26178,"Clinton County, IL","05000US17027","clinton-county-il"
9,"Hispanic",2021,"2021",25435,3870.0000000000005,"Coles County, IL","05000US17029","coles-county-il"
9,"Hispanic",2021,"2021",61477,952,"Cook County, IL","05000US17031","cook-county-il"
9,"Hispanic",2021,"2021",67246,4800,"DeKalb County, IL","05000US17037","dekalb-county-il"
9,"Hispanic",2021,"2021",92368,49265,"De Witt County, IL","05000US17039","de-witt-county-il"
9,"Hispanic",2021,"2021",70000,41894,"Douglas County, IL","05000US17041","douglas-county-il"
9,"Hispanic",2021,"2021",75906,2530,"DuPage County, IL","05000US17043","dupage-county-il"
9,"Hispanic",2021,"2021",21136,5402,"Edwards County, IL","05000US17047","edwards-county-il"
9,"Hispanic",2021,"2021",42917,18378,"Effingham County, IL","05000US17049","effingham-county-il"
9,"Hispanic",2021,"2021",26250,17075,"Fayette County, IL","05000US17051","fayette-county-il"
9,"Hispanic",2021,"2021",58646,29293,"Ford County, IL","05000US17053","ford-county-il"
9,"Hispanic",2021,"2021",19342,16754,"Franklin County, IL","05000US17055","franklin-county-il"
9,"Hispanic",2021,"2021",80885,66618,"Fulton County, IL","05000US17057","fulton-county-il"
9,"Hispanic",2021,"2021",45417,33572,"Greene County, IL","05000US17061","greene-county-il"
9,"Hispanic",2021,"2021",77212,19712,"Grundy County, IL","05000US17063","grundy-county-il"
9,"Hispanic",2021,"2021",65130,44574,"Hancock County, IL","05000US17067","hancock-county-il"
9,"Hispanic",2021,"2021",36683,16412,"Henderson County, IL","05000US17071","henderson-county-il"
9,"Hispanic",2021,"2021",53316,20120,"Henry County, IL","05000US17073","henry-county-il"
9,"Hispanic",2021,"2021",56250,14594,"Iroquois County, IL","05000US17075","iroquois-county-il"
9,"Hispanic",2021,"2021",32300,11846,"Jackson County, IL","05000US17077","jackson-county-il"
9,"Hispanic",2021,"2021",67454,12635,"Jefferson County, IL","05000US17081","jefferson-county-il"
9,"Hispanic",2021,"2021",2499,,"Jersey County, IL","05000US17083","jersey-county-il"
9,"Hispanic",2021,"2021",61750,23513,"Jo Daviess County, IL","05000US17085","jo-daviess-county-il"
9,"Hispanic",2021,"2021",72110,3352,"Kane County, IL","05000US17089","kane-county-il"
9,"Hispanic",2021,"2021",56134,5775,"Kankakee County, IL","05000US17091","kankakee-county-il"
9,"Hispanic",2021,"2021",84384,7009,"Kendall County, IL","05000US17093","kendall-county-il"
9,"Hispanic",2021,"2021",44894,12035,"Knox County, IL","05000US17095","knox-county-il"
9,"Hispanic",2021,"2021",67619,3422,"Lake County, IL","05000US17097","lake-county-il"
9,"Hispanic",2021,"2021",57736,4128,"LaSalle County, IL","05000US17099","lasalle-county-il"
9,"Hispanic",2021,"2021",65833,13662,"Lee County, IL","05000US17103","lee-county-il"
9,"Hispanic",2021,"2021",57045,21480,"Livingston County, IL","05000US17105","livingston-county-il"
9,"Hispanic",2021,"2021",68750,39304,"Logan County, IL","05000US17107","logan-county-il"
9,"Hispanic",2021,"2021",77224,4196,"McHenry County, IL","05000US17111","mchenry-county-il"
9,"Hispanic",2021,"2021",48537,9927,"McLean County, IL","05000US17113","mclean-county-il"
9,"Hispanic",2021,"2021",44952,18220,"Macon County, IL","05000US17115","macon-county-il"
9,"Hispanic",2021,"2021",50561,11253,"Madison County, IL","05000US17119","madison-county-il"
9,"Hispanic",2021,"2021",85152,12902,"Marion County, IL","05000US17121","marion-county-il"
9,"Hispanic",2021,"2021",60313,28875.000000000004,"Marshall County, IL","05000US17123","marshall-county-il"
9,"Hispanic",2021,"2021",25403,16759,"Massac County, IL","05000US17127","massac-county-il"
9,"Hispanic",2021,"2021",52546,3709,"Mercer County, IL","05000US17131","mercer-county-il"
9,"Hispanic",2021,"2021",77457,33916,"Monroe County, IL","05000US17133","monroe-county-il"
9,"Hispanic",2021,"2021",27821,20589,"Montgomery County, IL","05000US17135","montgomery-county-il"
9,"Hispanic",2021,"2021",65455,38120,"Morgan County, IL","05000US17137","morgan-county-il"
9,"Hispanic",2021,"2021",105833,60789,"Moultrie County, IL","05000US17139","moultrie-county-il"
9,"Hispanic",2021,"2021",51372,5782,"Ogle County, IL","05000US17141","ogle-county-il"
9,"Hispanic",2021,"2021",50479,6189,"Peoria County, IL","05000US17143","peoria-county-il"
9,"Hispanic",2021,"2021",45000,19254,"Perry County, IL","05000US17145","perry-county-il"
9,"Hispanic",2021,"2021",43750,39606,"Pike County, IL","05000US17149","pike-county-il"
9,"Hispanic",2021,"2021",59323,12926,"Putnam County, IL","05000US17155","putnam-county-il"
9,"Hispanic",2021,"2021",49911,18988,"Randolph County, IL","05000US17157","randolph-county-il"
9,"Hispanic",2021,"2021",55481,2319,"Rock Island County, IL","05000US17161","rock-island-county-il"
9,"Hispanic",2021,"2021",56648,10688,"St. Clair County, IL","05000US17163","st-clair-county-il"
9,"Hispanic",2021,"2021",87861,52455,"Saline County, IL","05000US17165","saline-county-il"
9,"Hispanic",2021,"2021",69276,29649,"Sangamon County, IL","05000US17167","sangamon-county-il"
9,"Hispanic",2021,"2021",138170,77868,"Shelby County, IL","05000US17173","shelby-county-il"
9,"Hispanic",2021,"2021",110333,89503,"Stark County, IL","05000US17175","stark-county-il"
9,"Hispanic",2021,"2021",47682,18843,"Stephenson County, IL","05000US17177","stephenson-county-il"
9,"Hispanic",2021,"2021",63094,17564,"Tazewell County, IL","05000US17179","tazewell-county-il"
9,"Hispanic",2021,"2021",42039,13783,"Union County, IL","05000US17181","union-county-il"
9,"Hispanic",2021,"2021",43333,6052,"Vermilion County, IL","05000US17183","vermilion-county-il"
9,"Hispanic",2021,"2021",55795,30766,"Warren County, IL","05000US17187","warren-county-il"
9,"Hispanic",2021,"2021",109205,30480.000000000004,"Washington County, IL","05000US17189","washington-county-il"
9,"Hispanic",2021,"2021",54295,6961,"Whiteside County, IL","05000US17195","whiteside-county-il"
9,"Hispanic",2021,"2021",76969,3296,"Will County, IL","05000US17197","will-county-il"
9,"Hispanic",2021,"2021",47484,3364,"Winnebago County, IL","05000US17201","winnebago-county-il"
9,"Hispanic",2021,"2021",100500,23210,"Woodford County, IL","05000US17203","woodford-county-il"
0,"Total",2020,"2020",55052,2005,"Adams County, IL","05000US17001","adams-county-il"
0,"Total",2020,"2020",34709,4890,"Alexander County, IL","05000US17003","alexander-county-il"
0,"Total",2020,"2020",53568,4789,"Bond County, IL","05000US17005","bond-county-il"
0,"Total",2020,"2020",70396,3863.9999999999995,"Boone County, IL","05000US17007","boone-county-il"
0,"Total",2020,"2020",60694,8550,"Brown County, IL","05000US17009","brown-county-il"
0,"Total",2020,"2020",55549,2812,"Bureau County, IL","05000US17011","bureau-county-il"
0,"Total",2020,"2020",66602,8219,"Calhoun County, IL","05000US17013","calhoun-county-il"
0,"Total",2020,"2020",52813,3815.0000000000005,"Carroll County, IL","05000US17015","carroll-county-il"
0,"Total",2020,"2020",53899,2513,"Cass County, IL","05000US17017","cass-county-il"
0,"Total",2020,"2020",53936,1422,"Champaign County, IL","05000US17019","champaign-county-il"
0,"Total",2020,"2020",52120,2169,"Christian County, IL","05000US17021","christian-county-il"
0,"Total",2020,"2020",59481,4552,"Clark County, IL","05000US17023","clark-county-il"
0,"Total",2020,"2020",52167,4104,"Clay County, IL","05000US17025","clay-county-il"
0,"Total",2020,"2020",67179,3084,"Clinton County, IL","05000US17027","clinton-county-il"
0,"Total",2020,"2020",46411,2692,"Coles County, IL","05000US17029","coles-county-il"
0,"Total",2020,"2020",67886,571,"Cook County, IL","05000US17031","cook-county-il"
0,"Total",2020,"2020",50968,2083,"Crawford County, IL","05000US17033","crawford-county-il"
0,"Total",2020,"2020",59271,7235,"Cumberland County, IL","05000US17035","cumberland-county-il"
0,"Total",2020,"2020",62353,2459,"DeKalb County, IL","05000US17037","dekalb-county-il"
0,"Total",2020,"2020",57727,5687,"De Witt County, IL","05000US17039","de-witt-county-il"
0,"Total",2020,"2020",59620,3939,"Douglas County, IL","05000US17041","douglas-county-il"
0,"Total",2020,"2020",94930,1479,"DuPage County, IL","05000US17043","dupage-county-il"
0,"Total",2020,"2020",48543,4107,"Edgar County, IL","05000US17045","edgar-county-il"
0,"Total",2020,"2020",53801,2805,"Edwards County, IL","05000US17047","edwards-county-il"
0,"Total",2020,"2020",59932,3301,"Effingham County, IL","05000US17049","effingham-county-il"
0,"Total",2020,"2020",45634,2969,"Fayette County, IL","05000US17051","fayette-county-il"
0,"Total",2020,"2020",50582,5172,"Ford County, IL","05000US17053","ford-county-il"
0,"Total",2020,"2020",43671,2309,"Franklin County, IL","05000US17055","franklin-county-il"
0,"Total",2020,"2020",52243,2343,"Fulton County, IL","05000US17057","fulton-county-il"
0,"Total",2020,"2020",43092,6027,"Gallatin County, IL","05000US17059","gallatin-county-il"
0,"Total",2020,"2020",51746,3838.9999999999995,"Greene County, IL","05000US17061","greene-county-il"
0,"Total",2020,"2020",75767,3387,"Grundy County, IL","05000US17063","grundy-county-il"
0,"Total",2020,"2020",55977,4778,"Hamilton County, IL","05000US17065","hamilton-county-il"
0,"Total",2020,"2020",55818,3216,"Hancock County, IL","05000US17067","hancock-county-il"
0,"Total",2020,"2020",50847,7574,"Hardin County, IL","05000US17069","hardin-county-il"
0,"Total",2020,"2020",55759,3334,"Henderson County, IL","05000US17071","henderson-county-il"
0,"Total",2020,"2020",60000,2270,"Henry County, IL","05000US17073","henry-county-il"
0,"Total",2020,"2020",54445,3625,"Iroquois County, IL","05000US17075","iroquois-county-il"
0,"Total",2020,"2020",39689,2442,"Jackson County, IL","05000US17077","jackson-county-il"
0,"Total",2020,"2020",55911,4724,"Jasper County, IL","05000US17079","jasper-county-il"
0,"Total",2020,"2020",51662,2698,"Jefferson County, IL","05000US17081","jefferson-county-il"
0,"Total",2020,"2020",67845,6198,"Jersey County, IL","05000US17083","jersey-county-il"
0,"Total",2020,"2020",59223,3078,"Jo Daviess County, IL","05000US17085","jo-daviess-county-il"
0,"Total",2020,"2020",55363,3179,"Johnson County, IL","05000US17087","johnson-county-il"
0,"Total",2020,"2020",83374,1859.0000000000002,"Kane County, IL","05000US17089","kane-county-il"
0,"Total",2020,"2020",59370,2091,"Kankakee County, IL","05000US17091","kankakee-county-il"
0,"Total",2020,"2020",96854,3944.9999999999995,"Kendall County, IL","05000US17093","kendall-county-il"
0,"Total",2020,"2020",44464,2327,"Knox County, IL","05000US17095","knox-county-il"
0,"Total",2020,"2020",92654,1515,"Lake County, IL","05000US17097","lake-county-il"
0,"Total",2020,"2020",60069,1596,"LaSalle County, IL","05000US17099","lasalle-county-il"
0,"Total",2020,"2020",53087,7478.000000000001,"Lawrence County, IL","05000US17101","lawrence-county-il"
0,"Total",2020,"2020",59986,3816,"Lee County, IL","05000US17103","lee-county-il"
0,"Total",2020,"2020",58676,3014,"Livingston County, IL","05000US17105","livingston-county-il"
0,"Total",2020,"2020",58122,2854,"Logan County, IL","05000US17107","logan-county-il"
0,"Total",2020,"2020",43591,4551,"McDonough County, IL","05000US17109","mcdonough-county-il"
0,"Total",2020,"2020",90014,2200,"McHenry County, IL","05000US17111","mchenry-county-il"
0,"Total",2020,"2020",68037,2128,"McLean County, IL","05000US17113","mclean-county-il"
0,"Total",2020,"2020",53725,1749.9999999999998,"Macon County, IL","05000US17115","macon-county-il"
0,"Total",2020,"2020",56264,3300,"Macoupin County, IL","05000US17117","macoupin-county-il"
0,"Total",2020,"2020",64045,1578,"Madison County, IL","05000US17119","madison-county-il"
0,"Total",2020,"2020",49925,2470,"Marion County, IL","05000US17121","marion-county-il"
0,"Total",2020,"2020",57303,3497,"Marshall County, IL","05000US17123","marshall-county-il"
0,"Total",2020,"2020",50883,2457,"Mason County, IL","05000US17125","mason-county-il"
0,"Total",2020,"2020",51195,5197,"Massac County, IL","05000US17127","massac-county-il"
0,"Total",2020,"2020",77550,5810,"Menard County, IL","05000US17129","menard-county-il"
0,"Total",2020,"2020",57182,3231,"Mercer County, IL","05000US17131","mercer-county-il"
0,"Total",2020,"2020",89648,5155,"Monroe County, IL","05000US17133","monroe-county-il"
0,"Total",2020,"2020",54886,3277,"Montgomery County, IL","05000US17135","montgomery-county-il"
0,"Total",2020,"2020",53002,2938,"Morgan County, IL","05000US17137","morgan-county-il"
0,"Total",2020,"2020",64033,6394,"Moultrie County, IL","05000US17139","moultrie-county-il"
0,"Total",2020,"2020",63643,2156,"Ogle County, IL","05000US17141","ogle-county-il"
0,"Total",2020,"2020",55729,1242,"Peoria County, IL","05000US17143","peoria-county-il"
0,"Total",2020,"2020",51616,4453,"Perry County, IL","05000US17145","perry-county-il"
0,"Total",2020,"2020",73668,5731,"Piatt County, IL","05000US17147","piatt-county-il"
0,"Total",2020,"2020",46605,3205,"Pike County, IL","05000US17149","pike-county-il"
0,"Total",2020,"2020",43140,9234,"Pope County, IL","05000US17151","pope-county-il"
0,"Total",2020,"2020",37308,4116,"Pulaski County, IL","05000US17153","pulaski-county-il"
0,"Total",2020,"2020",64694,4387,"Putnam County, IL","05000US17155","putnam-county-il"
0,"Total",2020,"2020",55319,3538,"Randolph County, IL","05000US17157","randolph-county-il"
0,"Total",2020,"2020",55032,5066,"Richland County, IL","05000US17159","richland-county-il"
0,"Total",2020,"2020",55980,1736,"Rock Island County, IL","05000US17161","rock-island-county-il"
0,"Total",2020,"2020",57473,2221,"St. Clair County, IL","05000US17163","st-clair-county-il"
0,"Total",2020,"2020",43928,1375,"Saline County, IL","05000US17165","saline-county-il"
0,"Total",2020,"2020",61743,1673,"Sangamon County, IL","05000US17167","sangamon-county-il"
0,"Total",2020,"2020",51376,4895,"Schuyler County, IL","05000US17169","schuyler-county-il"
0,"Total",2020,"2020",59352,2926,"Scott County, IL","05000US17171","scott-county-il"
0,"Total",2020,"2020",59134,2586,"Shelby County, IL","05000US17173","shelby-county-il"
0,"Total",2020,"2020",53828,4894,"Stark County, IL","05000US17175","stark-county-il"
0,"Total",2020,"2020",50466,2177,"Stephenson County, IL","05000US17177","stephenson-county-il"
0,"Total",2020,"2020",66220,1634,"Tazewell County, IL","05000US17179","tazewell-county-il"
0,"Total",2020,"2020",51655,2358,"Union County, IL","05000US17181","union-county-il"
0,"Total",2020,"2020",46842,1372,"Vermilion County, IL","05000US17183","vermilion-county-il"
0,"Total",2020,"2020",48878,4297,"Wabash County, IL","05000US17185","wabash-county-il"
0,"Total",2020,"2020",54291,6310,"Warren County, IL","05000US17187","warren-county-il"
0,"Total",2020,"2020",64390,3644,"Washington County, IL","05000US17189","washington-county-il"
0,"Total",2020,"2020",50205,4449,"Wayne County, IL","05000US17191","wayne-county-il"
0,"Total",2020,"2020",48303,3111,"White County, IL","05000US17193","white-county-il"
0,"Total",2020,"2020",57172,2612,"Whiteside County, IL","05000US17195","whiteside-county-il"
0,"Total",2020,"2020",90800,1197,"Will County, IL","05000US17197","will-county-il"
0,"Total",2020,"2020",52076,2413,"Williamson County, IL","05000US17199","williamson-county-il"
0,"Total",2020,"2020",55310,1184,"Winnebago County, IL","05000US17201","winnebago-county-il"
0,"Total",2020,"2020",74777,2671,"Woodford County, IL","05000US17203","woodford-county-il"
1,"White",2020,"2020",56129,1938,"Adams County, IL","05000US17001","adams-county-il"
1,"White",2020,"2020",40911,3243,"Alexander County, IL","05000US17003","alexander-county-il"
1,"White",2020,"2020",54668,6325,"Bond County, IL","05000US17005","bond-county-il"
1,"White",2020,"2020",70547,4550,"Boone County, IL","05000US17007","boone-county-il"
1,"White",2020,"2020",60694,8550,"Brown County, IL","05000US17009","brown-county-il"
1,"White",2020,"2020",55304,2822,"Bureau County, IL","05000US17011","bureau-county-il"
1,"White",2020,"2020",65938,7926,"Calhoun County, IL","05000US17013","calhoun-county-il"
1,"White",2020,"2020",52830,3734.0000000000005,"Carroll County, IL","05000US17015","carroll-county-il"
1,"White",2020,"2020",53750,2496,"Cass County, IL","05000US17017","cass-county-il"
1,"White",2020,"2020",62661,2225,"Champaign County, IL","05000US17019","champaign-county-il"
1,"White",2020,"2020",52875,2746,"Christian County, IL","05000US17021","christian-county-il"
1,"White",2020,"2020",59680,4813,"Clark County, IL","05000US17023","clark-county-il"
1,"White",2020,"2020",52437,4096,"Clay County, IL","05000US17025","clay-county-il"
1,"White",2020,"2020",66875,3244,"Clinton County, IL","05000US17027","clinton-county-il"
1,"White",2020,"2020",47808,2643,"Coles County, IL","05000US17029","coles-county-il"
1,"White",2020,"2020",81446,555,"Cook County, IL","05000US17031","cook-county-il"
1,"White",2020,"2020",50610,2282,"Crawford County, IL","05000US17033","crawford-county-il"
1,"White",2020,"2020",58708,7112.000000000001,"Cumberland County, IL","05000US17035","cumberland-county-il"
1,"White",2020,"2020",65947,1695,"DeKalb County, IL","05000US17037","dekalb-county-il"
1,"White",2020,"2020",58059,5746,"De Witt County, IL","05000US17039","de-witt-county-il"
1,"White",2020,"2020",59529,3847,"Douglas County, IL","05000US17041","douglas-county-il"
1,"White",2020,"2020",97748,1328,"DuPage County, IL","05000US17043","dupage-county-il"
1,"White",2020,"2020",48957,4115,"Edgar County, IL","05000US17045","edgar-county-il"
1,"White",2020,"2020",53648,2675,"Edwards County, IL","05000US17047","edwards-county-il"
1,"White",2020,"2020",60199,3372,"Effingham County, IL","05000US17049","effingham-county-il"
1,"White",2020,"2020",45659,3081,"Fayette County, IL","05000US17051","fayette-county-il"
1,"White",2020,"2020",50733,4932,"Ford County, IL","05000US17053","ford-county-il"
1,"White",2020,"2020",43906,2407,"Franklin County, IL","05000US17055","franklin-county-il"
1,"White",2020,"2020",52465,2330,"Fulton County, IL","05000US17057","fulton-county-il"
1,"White",2020,"2020",42829,5683,"Gallatin County, IL","05000US17059","gallatin-county-il"
1,"White",2020,"2020",51838,3914,"Greene County, IL","05000US17061","greene-county-il"
1,"White",2020,"2020",76432,3330,"Grundy County, IL","05000US17063","grundy-county-il"
1,"White",2020,"2020",55963,4877,"Hamilton County, IL","05000US17065","hamilton-county-il"
1,"White",2020,"2020",55983,3313,"Hancock County, IL","05000US17067","hancock-county-il"
1,"White",2020,"2020",51411,8690,"Hardin County, IL","05000US17069","hardin-county-il"
1,"White",2020,"2020",56071,3282,"Henderson County, IL","05000US17071","henderson-county-il"
1,"White",2020,"2020",60505,2093,"Henry County, IL","05000US17073","henry-county-il"
1,"White",2020,"2020",54588,3609,"Iroquois County, IL","05000US17075","iroquois-county-il"
1,"White",2020,"2020",44141,2606,"Jackson County, IL","05000US17077","jackson-county-il"
1,"White",2020,"2020",56214,4908,"Jasper County, IL","05000US17079","jasper-county-il"
1,"White",2020,"2020",52947,2900,"Jefferson County, IL","05000US17081","jefferson-county-il"
1,"White",2020,"2020",67974,6481,"Jersey County, IL","05000US17083","jersey-county-il"
1,"White",2020,"2020",59405,3079,"Jo Daviess County, IL","05000US17085","jo-daviess-county-il"
1,"White",2020,"2020",55484,3198,"Johnson County, IL","05000US17087","johnson-county-il"
1,"White",2020,"2020",89705,2312,"Kane County, IL","05000US17089","kane-county-il"
1,"White",2020,"2020",65480,2371,"Kankakee County, IL","05000US17091","kankakee-county-il"
1,"White",2020,"2020",99637,5016,"Kendall County, IL","05000US17093","kendall-county-il"
1,"White",2020,"2020",46232,2809,"Knox County, IL","05000US17095","knox-county-il"
1,"White",2020,"2020",98620,1744,"Lake County, IL","05000US17097","lake-county-il"
1,"White",2020,"2020",60726,1470,"LaSalle County, IL","05000US17099","lasalle-county-il"
1,"White",2020,"2020",51481,5304,"Lawrence County, IL","05000US17101","lawrence-county-il"
1,"White",2020,"2020",59465,4029,"Lee County, IL","05000US17103","lee-county-il"
1,"White",2020,"2020",59284,2986,"Livingston County, IL","05000US17105","livingston-county-il"
1,"White",2020,"2020",59050,2912,"Logan County, IL","05000US17107","logan-county-il"
1,"White",2020,"2020",43756,4889,"McDonough County, IL","05000US17109","mcdonough-county-il"
1,"White",2020,"2020",90615,2028,"McHenry County, IL","05000US17111","mchenry-county-il"
1,"White",2020,"2020",69863,2114,"McLean County, IL","05000US17113","mclean-county-il"
1,"White",2020,"2020",58079,2005,"Macon County, IL","05000US17115","macon-county-il"
1,"White",2020,"2020",57368,3443.9999999999995,"Macoupin County, IL","05000US17117","macoupin-county-il"
1,"White",2020,"2020",68078,1438,"Madison County, IL","05000US17119","madison-county-il"
1,"White",2020,"2020",50526,2205,"Marion County, IL","05000US17121","marion-county-il"
1,"White",2020,"2020",57836,3085,"Marshall County, IL","05000US17123","marshall-county-il"
1,"White",2020,"2020",51462,2585,"Mason County, IL","05000US17125","mason-county-il"
1,"White",2020,"2020",49821,5207,"Massac County, IL","05000US17127","massac-county-il"
1,"White",2020,"2020",78234,4952,"Menard County, IL","05000US17129","menard-county-il"
1,"White",2020,"2020",57560,4069,"Mercer County, IL","05000US17131","mercer-county-il"
1,"White",2020,"2020",89909,5134,"Monroe County, IL","05000US17133","monroe-county-il"
1,"White",2020,"2020",55050,3448.9999999999995,"Montgomery County, IL","05000US17135","montgomery-county-il"
1,"White",2020,"2020",54352,3691,"Morgan County, IL","05000US17137","morgan-county-il"
1,"White",2020,"2020",64004,6525,"Moultrie County, IL","05000US17139","moultrie-county-il"
1,"White",2020,"2020",65443,1868.9999999999998,"Ogle County, IL","05000US17141","ogle-county-il"
1,"White",2020,"2020",59665,1657,"Peoria County, IL","05000US17143","peoria-county-il"
1,"White",2020,"2020",52724,4304,"Perry County, IL","05000US17145","perry-county-il"
1,"White",2020,"2020",73942,5714,"Piatt County, IL","05000US17147","piatt-county-il"
1,"White",2020,"2020",46229,2817,"Pike County, IL","05000US17149","pike-county-il"
1,"White",2020,"2020",43401,9133,"Pope County, IL","05000US17151","pope-county-il"
1,"White",2020,"2020",51435,8153,"Pulaski County, IL","05000US17153","pulaski-county-il"
1,"White",2020,"2020",64639,4408,"Putnam County, IL","05000US17155","putnam-county-il"
1,"White",2020,"2020",56044,3618,"Randolph County, IL","05000US17157","randolph-county-il"
1,"White",2020,"2020",54225,4709,"Richland County, IL","05000US17159","richland-county-il"
1,"White",2020,"2020",58414,2166,"Rock Island County, IL","05000US17161","rock-island-county-il"
1,"White",2020,"2020",69689,2155,"St. Clair County, IL","05000US17163","st-clair-county-il"
1,"White",2020,"2020",45307,3071,"Saline County, IL","05000US17165","saline-county-il"
1,"White",2020,"2020",66599,2449,"Sangamon County, IL","05000US17167","sangamon-county-il"
1,"White",2020,"2020",51461,5228,"Schuyler County, IL","05000US17169","schuyler-county-il"
1,"White",2020,"2020",59756,3209,"Scott County, IL","05000US17171","scott-county-il"
1,"White",2020,"2020",59163,2566,"Shelby County, IL","05000US17173","shelby-county-il"
1,"White",2020,"2020",54316,5138,"Stark County, IL","05000US17175","stark-county-il"
1,"White",2020,"2020",54697,2395,"Stephenson County, IL","05000US17177","stephenson-county-il"
1,"White",2020,"2020",66649,1784,"Tazewell County, IL","05000US17179","tazewell-county-il"
1,"White",2020,"2020",51914,2287,"Union County, IL","05000US17181","union-county-il"
1,"White",2020,"2020",50892,2184,"Vermilion County, IL","05000US17183","vermilion-county-il"
1,"White",2020,"2020",48984,4383,"Wabash County, IL","05000US17185","wabash-county-il"
1,"White",2020,"2020",55840,6570,"Warren County, IL","05000US17187","warren-county-il"
1,"White",2020,"2020",64596,3828.9999999999995,"Washington County, IL","05000US17189","washington-county-il"
1,"White",2020,"2020",51199,4173,"Wayne County, IL","05000US17191","wayne-county-il"
1,"White",2020,"2020",48138,3175,"White County, IL","05000US17193","white-county-il"
1,"White",2020,"2020",58716,2584,"Whiteside County, IL","05000US17195","whiteside-county-il"
1,"White",2020,"2020",95739,1393,"Will County, IL","05000US17197","will-county-il"
1,"White",2020,"2020",53892,2196,"Williamson County, IL","05000US17199","williamson-county-il"
1,"White",2020,"2020",60489,1616,"Winnebago County, IL","05000US17201","winnebago-county-il"
1,"White",2020,"2020",75071,2562,"Woodford County, IL","05000US17203","woodford-county-il"
2,"Black",2020,"2020",25877,7477,"Adams County, IL","05000US17001","adams-county-il"
2,"Black",2020,"2020",29175,3787.9999999999995,"Alexander County, IL","05000US17003","alexander-county-il"
2,"Black",2020,"2020",23308,13036,"Bond County, IL","05000US17005","bond-county-il"
2,"Black",2020,"2020",73776,27589.000000000004,"Boone County, IL","05000US17007","boone-county-il"
2,"Black",2020,"2020",32715,2917,"Champaign County, IL","05000US17019","champaign-county-il"
2,"Black",2020,"2020",36176,7958,"Coles County, IL","05000US17029","coles-county-il"
2,"Black",2020,"2020",41902,643,"Cook County, IL","05000US17031","cook-county-il"
2,"Black",2020,"2020",30500,13001,"DeKalb County, IL","05000US17037","dekalb-county-il"
2,"Black",2020,"2020",62712,3902,"DuPage County, IL","05000US17043","dupage-county-il"
2,"Black",2020,"2020",44856,11897,"Effingham County, IL","05000US17049","effingham-county-il"
2,"Black",2020,"2020",85938,76872,"Grundy County, IL","05000US17063","grundy-county-il"
2,"Black",2020,"2020",49338,34464,"Henry County, IL","05000US17073","henry-county-il"
2,"Black",2020,"2020",80888,16355,"Iroquois County, IL","05000US17075","iroquois-county-il"
2,"Black",2020,"2020",24234,3443.9999999999995,"Jackson County, IL","05000US17077","jackson-county-il"
2,"Black",2020,"2020",31366,4111,"Jefferson County, IL","05000US17081","jefferson-county-il"
2,"Black",2020,"2020",52721,50991,"Jo Daviess County, IL","05000US17085","jo-daviess-county-il"
2,"Black",2020,"2020",46250,35025,"Johnson County, IL","05000US17087","johnson-county-il"
2,"Black",2020,"2020",50492,5935,"Kane County, IL","05000US17089","kane-county-il"
2,"Black",2020,"2020",33761,4406,"Kankakee County, IL","05000US17091","kankakee-county-il"
2,"Black",2020,"2020",74150,32911,"Kendall County, IL","05000US17093","kendall-county-il"
2,"Black",2020,"2020",17989,3101,"Knox County, IL","05000US17095","knox-county-il"
2,"Black",2020,"2020",49104,3780,"Lake County, IL","05000US17097","lake-county-il"
2,"Black",2020,"2020",26719,18437,"LaSalle County, IL","05000US17099","lasalle-county-il"
2,"Black",2020,"2020",58756,204,"Lawrence County, IL","05000US17101","lawrence-county-il"
2,"Black",2020,"2020",19330,18523,"Livingston County, IL","05000US17105","livingston-county-il"
2,"Black",2020,"2020",3906,312,"Logan County, IL","05000US17107","logan-county-il"
2,"Black",2020,"2020",31250,14283.999999999998,"McDonough County, IL","05000US17109","mcdonough-county-il"
2,"Black",2020,"2020",99417,30165,"McHenry County, IL","05000US17111","mchenry-county-il"
2,"Black",2020,"2020",28901,6466,"McLean County, IL","05000US17113","mclean-county-il"
2,"Black",2020,"2020",30588,1891,"Macon County, IL","05000US17115","macon-county-il"
2,"Black",2020,"2020",18417,5742,"Macoupin County, IL","05000US17117","macoupin-county-il"
2,"Black",2020,"2020",30423,4222,"Madison County, IL","05000US17119","madison-county-il"
2,"Black",2020,"2020",39063,25662,"Marion County, IL","05000US17121","marion-county-il"
2,"Black",2020,"2020",48854,25958,"Massac County, IL","05000US17127","massac-county-il"
2,"Black",2020,"2020",28340,15857,"Morgan County, IL","05000US17137","morgan-county-il"
2,"Black",2020,"2020",29482,4255,"Peoria County, IL","05000US17143","peoria-county-il"
2,"Black",2020,"2020",26575,4063.0000000000005,"Pulaski County, IL","05000US17153","pulaski-county-il"
2,"Black",2020,"2020",51307,29906,"Randolph County, IL","05000US17157","randolph-county-il"
2,"Black",2020,"2020",32671,7387,"Rock Island County, IL","05000US17161","rock-island-county-il"
2,"Black",2020,"2020",31671,1954,"St. Clair County, IL","05000US17163","st-clair-county-il"
2,"Black",2020,"2020",36298,11218,"Saline County, IL","05000US17165","saline-county-il"
2,"Black",2020,"2020",27416,2906,"Sangamon County, IL","05000US17167","sangamon-county-il"
2,"Black",2020,"2020",40972,33662,"Schuyler County, IL","05000US17169","schuyler-county-il"
2,"Black",2020,"2020",22298,3708.0000000000005,"Stephenson County, IL","05000US17177","stephenson-county-il"
2,"Black",2020,"2020",39167,11920,"Tazewell County, IL","05000US17179","tazewell-county-il"
2,"Black",2020,"2020",26344,3853,"Vermilion County, IL","05000US17183","vermilion-county-il"
2,"Black",2020,"2020",66827,33869,"Warren County, IL","05000US17187","warren-county-il"
2,"Black",2020,"2020",28879,4556,"Whiteside County, IL","05000US17195","whiteside-county-il"
2,"Black",2020,"2020",63282,3042,"Will County, IL","05000US17197","will-county-il"
2,"Black",2020,"2020",21934,7610.000000000001,"Williamson County, IL","05000US17199","williamson-county-il"
2,"Black",2020,"2020",30704,1615,"Winnebago County, IL","05000US17201","winnebago-county-il"
3,"Native American",2020,"2020",55417,47832,"Adams County, IL","05000US17001","adams-county-il"
3,"Native American",2020,"2020",101458,1476,"Bureau County, IL","05000US17011","bureau-county-il"
3,"Native American",2020,"2020",58482,650,"Clay County, IL","05000US17025","clay-county-il"
3,"Native American",2020,"2020",95156,68492,"Coles County, IL","05000US17029","coles-county-il"
3,"Native American",2020,"2020",55020,9310,"Cook County, IL","05000US17031","cook-county-il"
3,"Native American",2020,"2020",30263,6458,"Douglas County, IL","05000US17041","douglas-county-il"
3,"Native American",2020,"2020",93750,34787,"DuPage County, IL","05000US17043","dupage-county-il"
3,"Native American",2020,"2020",83875,8581,"Effingham County, IL","05000US17049","effingham-county-il"
3,"Native American",2020,"2020",24118,16817,"Henry County, IL","05000US17073","henry-county-il"
3,"Native American",2020,"2020",2499,,"Jackson County, IL","05000US17077","jackson-county-il"
3,"Native American",2020,"2020",32188,30743,"Jefferson County, IL","05000US17081","jefferson-county-il"
3,"Native American",2020,"2020",59792,24285,"Kane County, IL","05000US17089","kane-county-il"
3,"Native American",2020,"2020",61719,6984,"Lake County, IL","05000US17097","lake-county-il"
3,"Native American",2020,"2020",22813,8559,"LaSalle County, IL","05000US17099","lasalle-county-il"
3,"Native American",2020,"2020",39805,27815,"McHenry County, IL","05000US17111","mchenry-county-il"
3,"Native American",2020,"2020",28088,4952,"Macon County, IL","05000US17115","macon-county-il"
3,"Native American",2020,"2020",8654,1764,"Macoupin County, IL","05000US17117","macoupin-county-il"
3,"Native American",2020,"2020",60500,45239,"Montgomery County, IL","05000US17135","montgomery-county-il"
3,"Native American",2020,"2020",48600,300,"Ogle County, IL","05000US17141","ogle-county-il"
3,"Native American",2020,"2020",72167,49851,"Peoria County, IL","05000US17143","peoria-county-il"
3,"Native American",2020,"2020",91136,21790,"Randolph County, IL","05000US17157","randolph-county-il"
3,"Native American",2020,"2020",65676,47905,"Rock Island County, IL","05000US17161","rock-island-county-il"
3,"Native American",2020,"2020",53021,27219,"St. Clair County, IL","05000US17163","st-clair-county-il"
3,"Native American",2020,"2020",21332,584,"Saline County, IL","05000US17165","saline-county-il"
3,"Native American",2020,"2020",32344,29543.000000000004,"Whiteside County, IL","05000US17195","whiteside-county-il"
3,"Native American",2020,"2020",77549,13197,"Will County, IL","05000US17197","will-county-il"
3,"Native American",2020,"2020",76250,67976,"Williamson County, IL","05000US17199","williamson-county-il"
3,"Native American",2020,"2020",14583,2615,"Woodford County, IL","05000US17203","woodford-county-il"
4,"Asian",2020,"2020",112552,27491.999999999996,"Adams County, IL","05000US17001","adams-county-il"
4,"Asian",2020,"2020",37404,33812,"Bureau County, IL","05000US17011","bureau-county-il"
4,"Asian",2020,"2020",19231,17484,"Carroll County, IL","05000US17015","carroll-county-il"
4,"Asian",2020,"2020",25289,2402,"Champaign County, IL","05000US17019","champaign-county-il"
4,"Asian",2020,"2020",93750,32867,"Clinton County, IL","05000US17027","clinton-county-il"
4,"Asian",2020,"2020",36250,22395,"Coles County, IL","05000US17029","coles-county-il"
4,"Asian",2020,"2020",87414,2881,"Cook County, IL","05000US17031","cook-county-il"
4,"Asian",2020,"2020",23603,13084,"DeKalb County, IL","05000US17037","dekalb-county-il"
4,"Asian",2020,"2020",65298,37231,"Douglas County, IL","05000US17041","douglas-county-il"
4,"Asian",2020,"2020",112142,3904.9999999999995,"DuPage County, IL","05000US17043","dupage-county-il"
4,"Asian",2020,"2020",73750,41053,"Edwards County, IL","05000US17047","edwards-county-il"
4,"Asian",2020,"2020",88649,743,"Effingham County, IL","05000US17049","effingham-county-il"
4,"Asian",2020,"2020",126369,123412,"Grundy County, IL","05000US17063","grundy-county-il"
4,"Asian",2020,"2020",78438,48784,"Henry County, IL","05000US17073","henry-county-il"
4,"Asian",2020,"2020",61176,17475,"Jo Daviess County, IL","05000US17085","jo-daviess-county-il"
4,"Asian",2020,"2020",104912,16552,"Kane County, IL","05000US17089","kane-county-il"
4,"Asian",2020,"2020",88081,61466,"Kankakee County, IL","05000US17091","kankakee-county-il"
4,"Asian",2020,"2020",131276,65313,"Kendall County, IL","05000US17093","kendall-county-il"
4,"Asian",2020,"2020",96563,58891.99999999999,"Knox County, IL","05000US17095","knox-county-il"
4,"Asian",2020,"2020",129219,6093,"Lake County, IL","05000US17097","lake-county-il"
4,"Asian",2020,"2020",63125,45567,"LaSalle County, IL","05000US17099","lasalle-county-il"
4,"Asian",2020,"2020",70446,36360,"Lee County, IL","05000US17103","lee-county-il"
4,"Asian",2020,"2020",250001,,"Livingston County, IL","05000US17105","livingston-county-il"
4,"Asian",2020,"2020",63533,7540,"Logan County, IL","05000US17107","logan-county-il"
4,"Asian",2020,"2020",81500,73036,"McDonough County, IL","05000US17109","mcdonough-county-il"
4,"Asian",2020,"2020",109889,21164,"McHenry County, IL","05000US17111","mchenry-county-il"
4,"Asian",2020,"2020",96404,12967,"McLean County, IL","05000US17113","mclean-county-il"
4,"Asian",2020,"2020",83125,24580,"Macon County, IL","05000US17115","macon-county-il"
4,"Asian",2020,"2020",101250,17196,"Macoupin County, IL","05000US17117","macoupin-county-il"
4,"Asian",2020,"2020",72202,38359,"Madison County, IL","05000US17119","madison-county-il"
4,"Asian",2020,"2020",49444,45209,"Mercer County, IL","05000US17131","mercer-county-il"
4,"Asian",2020,"2020",58906,31917.000000000004,"Ogle County, IL","05000US17141","ogle-county-il"
4,"Asian",2020,"2020",99298,11352,"Peoria County, IL","05000US17143","peoria-county-il"
4,"Asian",2020,"2020",28994,1618,"Perry County, IL","05000US17145","perry-county-il"
4,"Asian",2020,"2020",108438,58762.99999999999,"Pike County, IL","05000US17149","pike-county-il"
4,"Asian",2020,"2020",62143,36245,"Richland County, IL","05000US17159","richland-county-il"
4,"Asian",2020,"2020",68836,22563,"Rock Island County, IL","05000US17161","rock-island-county-il"
4,"Asian",2020,"2020",73608,14694,"St. Clair County, IL","05000US17163","st-clair-county-il"
4,"Asian",2020,"2020",26319,19475,"Saline County, IL","05000US17165","saline-county-il"
4,"Asian",2020,"2020",92906,19477,"Sangamon County, IL","05000US17167","sangamon-county-il"
4,"Asian",2020,"2020",198864,1150,"Shelby County, IL","05000US17173","shelby-county-il"
4,"Asian",2020,"2020",58438,48159,"Stephenson County, IL","05000US17177","stephenson-county-il"
4,"Asian",2020,"2020",70727,15647,"Tazewell County, IL","05000US17179","tazewell-county-il"
4,"Asian",2020,"2020",66550,50996,"Vermilion County, IL","05000US17183","vermilion-county-il"
4,"Asian",2020,"2020",61157,15393,"Whiteside County, IL","05000US17195","whiteside-county-il"
4,"Asian",2020,"2020",128112,7969.000000000001,"Will County, IL","05000US17197","will-county-il"
4,"Asian",2020,"2020",76813,50306,"Williamson County, IL","05000US17199","williamson-county-il"
4,"Asian",2020,"2020",73992,17713,"Winnebago County, IL","05000US17201","winnebago-county-il"
5,"Pacific Islander",2020,"2020",82887,41463,"Cook County, IL","05000US17031","cook-county-il"
5,"Pacific Islander",2020,"2020",43578,707,"Jackson County, IL","05000US17077","jackson-county-il"
5,"Pacific Islander",2020,"2020",46027,15533,"Kane County, IL","05000US17089","kane-county-il"
5,"Pacific Islander",2020,"2020",42917,29114,"Madison County, IL","05000US17119","madison-county-il"
5,"Pacific Islander",2020,"2020",165361,19308,"Sangamon County, IL","05000US17167","sangamon-county-il"
5,"Pacific Islander",2020,"2020",86193,43335,"Will County, IL","05000US17197","will-county-il"
6,"Other",2020,"2020",250001,,"Adams County, IL","05000US17001","adams-county-il"
6,"Other",2020,"2020",71213,25933,"Boone County, IL","05000US17007","boone-county-il"
6,"Other",2020,"2020",65909,24119,"Bureau County, IL","05000US17011","bureau-county-il"
6,"Other",2020,"2020",64219,30951.999999999996,"Cass County, IL","05000US17017","cass-county-il"
6,"Other",2020,"2020",47454,10389,"Champaign County, IL","05000US17019","champaign-county-il"
6,"Other",2020,"2020",39632,36379,"Clinton County, IL","05000US17027","clinton-county-il"
6,"Other",2020,"2020",28500,22153,"Coles County, IL","05000US17029","coles-county-il"
6,"Other",2020,"2020",54339,1106,"Cook County, IL","05000US17031","cook-county-il"
6,"Other",2020,"2020",63804,30392.999999999996,"DeKalb County, IL","05000US17037","dekalb-county-il"
6,"Other",2020,"2020",85729,71822,"De Witt County, IL","05000US17039","de-witt-county-il"
6,"Other",2020,"2020",54000,35322,"Douglas County, IL","05000US17041","douglas-county-il"
6,"Other",2020,"2020",64492,5591,"DuPage County, IL","05000US17043","dupage-county-il"
6,"Other",2020,"2020",38942,9554,"Effingham County, IL","05000US17049","effingham-county-il"
6,"Other",2020,"2020",26728,25398,"Franklin County, IL","05000US17055","franklin-county-il"
6,"Other",2020,"2020",178194,81921,"Fulton County, IL","05000US17057","fulton-county-il"
6,"Other",2020,"2020",45323,16725,"Grundy County, IL","05000US17063","grundy-county-il"
6,"Other",2020,"2020",29327,18228,"Henry County, IL","05000US17073","henry-county-il"
6,"Other",2020,"2020",41375,16025,"Iroquois County, IL","05000US17075","iroquois-county-il"
6,"Other",2020,"2020",21731,16008.000000000002,"Jackson County, IL","05000US17077","jackson-county-il"
6,"Other",2020,"2020",60350,3263,"Kane County, IL","05000US17089","kane-county-il"
6,"Other",2020,"2020",43036,8041.999999999999,"Kankakee County, IL","05000US17091","kankakee-county-il"
6,"Other",2020,"2020",66982,26830,"Kendall County, IL","05000US17093","kendall-county-il"
6,"Other",2020,"2020",41136,29321,"Knox County, IL","05000US17095","knox-county-il"
6,"Other",2020,"2020",60267,3715,"Lake County, IL","05000US17097","lake-county-il"
6,"Other",2020,"2020",50880,12598,"LaSalle County, IL","05000US17099","lasalle-county-il"
6,"Other",2020,"2020",63750,62756.00000000001,"Lee County, IL","05000US17103","lee-county-il"
6,"Other",2020,"2020",60089,34303,"Livingston County, IL","05000US17105","livingston-county-il"
6,"Other",2020,"2020",2499,,"McDonough County, IL","05000US17109","mcdonough-county-il"
6,"Other",2020,"2020",74609,17190,"McHenry County, IL","05000US17111","mchenry-county-il"
6,"Other",2020,"2020",56154,38338,"McLean County, IL","05000US17113","mclean-county-il"
6,"Other",2020,"2020",59375,26822,"Macon County, IL","05000US17115","macon-county-il"
6,"Other",2020,"2020",2499,,"Macoupin County, IL","05000US17117","macoupin-county-il"
6,"Other",2020,"2020",35304,21082,"Madison County, IL","05000US17119","madison-county-il"
6,"Other",2020,"2020",39245,33155,"Marion County, IL","05000US17121","marion-county-il"
6,"Other",2020,"2020",47795,4799,"Ogle County, IL","05000US17141","ogle-county-il"
6,"Other",2020,"2020",45182,15375.000000000002,"Peoria County, IL","05000US17143","peoria-county-il"
6,"Other",2020,"2020",80893,39671,"Pike County, IL","05000US17149","pike-county-il"
6,"Other",2020,"2020",36534,14885,"Putnam County, IL","05000US17155","putnam-county-il"
6,"Other",2020,"2020",100875,9565,"Richland County, IL","05000US17159","richland-county-il"
6,"Other",2020,"2020",44918,9464,"Rock Island County, IL","05000US17161","rock-island-county-il"
6,"Other",2020,"2020",70208,46116,"St. Clair County, IL","05000US17163","st-clair-county-il"
6,"Other",2020,"2020",69286,8401,"Sangamon County, IL","05000US17167","sangamon-county-il"
6,"Other",2020,"2020",48295,38561,"Stephenson County, IL","05000US17177","stephenson-county-il"
6,"Other",2020,"2020",70735,28926.000000000004,"Tazewell County, IL","05000US17179","tazewell-county-il"
6,"Other",2020,"2020",40673,7104,"Union County, IL","05000US17181","union-county-il"
6,"Other",2020,"2020",96734,4724,"Vermilion County, IL","05000US17183","vermilion-county-il"
6,"Other",2020,"2020",42416,17340,"Warren County, IL","05000US17187","warren-county-il"
6,"Other",2020,"2020",35670,15829.000000000002,"Wayne County, IL","05000US17191","wayne-county-il"
6,"Other",2020,"2020",52683,2379,"Whiteside County, IL","05000US17195","whiteside-county-il"
6,"Other",2020,"2020",66500,7368.999999999999,"Will County, IL","05000US17197","will-county-il"
6,"Other",2020,"2020",44213,3617.0000000000005,"Winnebago County, IL","05000US17201","winnebago-county-il"
7,"Two Or More",2020,"2020",51940,37498,"Adams County, IL","05000US17001","adams-county-il"
7,"Two Or More",2020,"2020",56250,42766,"Bureau County, IL","05000US17011","bureau-county-il"
7,"Two Or More",2020,"2020",93750,38686,"Carroll County, IL","05000US17015","carroll-county-il"
7,"Two Or More",2020,"2020",53875,34540,"Cass County, IL","05000US17017","cass-county-il"
7,"Two Or More",2020,"2020",51678,15445.999999999998,"Champaign County, IL","05000US17019","champaign-county-il"
7,"Two Or More",2020,"2020",45721,34988,"Christian County, IL","05000US17021","christian-county-il"
7,"Two Or More",2020,"2020",54706,36240,"Clark County, IL","05000US17023","clark-county-il"
7,"Two Or More",2020,"2020",65402,1981,"Cook County, IL","05000US17031","cook-county-il"
7,"Two Or More",2020,"2020",67788,40110,"Cumberland County, IL","05000US17035","cumberland-county-il"
7,"Two Or More",2020,"2020",49805,25805,"DeKalb County, IL","05000US17037","dekalb-county-il"
7,"Two Or More",2020,"2020",108617,42457,"Douglas County, IL","05000US17041","douglas-county-il"
7,"Two Or More",2020,"2020",71055,7612.999999999999,"DuPage County, IL","05000US17043","dupage-county-il"
7,"Two Or More",2020,"2020",85147,58547,"Edgar County, IL","05000US17045","edgar-county-il"
7,"Two Or More",2020,"2020",52768,34916,"Effingham County, IL","05000US17049","effingham-county-il"
7,"Two Or More",2020,"2020",41402,7236,"Franklin County, IL","05000US17055","franklin-county-il"
7,"Two Or More",2020,"2020",81250,13614,"Gallatin County, IL","05000US17059","gallatin-county-il"
7,"Two Or More",2020,"2020",30625,23212,"Greene County, IL","05000US17061","greene-county-il"
7,"Two Or More",2020,"2020",65703,9915,"Grundy County, IL","05000US17063","grundy-county-il"
7,"Two Or More",2020,"2020",35417,21099,"Henderson County, IL","05000US17071","henderson-county-il"
7,"Two Or More",2020,"2020",44643,36103,"Henry County, IL","05000US17073","henry-county-il"
7,"Two Or More",2020,"2020",65083,11194,"Iroquois County, IL","05000US17075","iroquois-county-il"
7,"Two Or More",2020,"2020",37161,8066.999999999999,"Jackson County, IL","05000US17077","jackson-county-il"
7,"Two Or More",2020,"2020",36042,22782,"Jasper County, IL","05000US17079","jasper-county-il"
7,"Two Or More",2020,"2020",40717,7839,"Jefferson County, IL","05000US17081","jefferson-county-il"
7,"Two Or More",2020,"2020",72917,11025,"Jersey County, IL","05000US17083","jersey-county-il"
7,"Two Or More",2020,"2020",38000,35089,"Jo Daviess County, IL","05000US17085","jo-daviess-county-il"
7,"Two Or More",2020,"2020",45417,33957,"Johnson County, IL","05000US17087","johnson-county-il"
7,"Two Or More",2020,"2020",69033,9835,"Kane County, IL","05000US17089","kane-county-il"
7,"Two Or More",2020,"2020",67973,16189,"Kankakee County, IL","05000US17091","kankakee-county-il"
7,"Two Or More",2020,"2020",95682,43587,"Kendall County, IL","05000US17093","kendall-county-il"
7,"Two Or More",2020,"2020",47250,10503,"Knox County, IL","05000US17095","knox-county-il"
7,"Two Or More",2020,"2020",76105,11225,"Lake County, IL","05000US17097","lake-county-il"
7,"Two Or More",2020,"2020",53125,13431,"LaSalle County, IL","05000US17099","lasalle-county-il"
7,"Two Or More",2020,"2020",40368,30126,"Lawrence County, IL","05000US17101","lawrence-county-il"
7,"Two Or More",2020,"2020",73516,19530,"Lee County, IL","05000US17103","lee-county-il"
7,"Two Or More",2020,"2020",38385,29893.999999999996,"Livingston County, IL","05000US17105","livingston-county-il"
7,"Two Or More",2020,"2020",79727,4319,"McHenry County, IL","05000US17111","mchenry-county-il"
7,"Two Or More",2020,"2020",46402,7093,"McLean County, IL","05000US17113","mclean-county-il"
7,"Two Or More",2020,"2020",55153,29272,"Macon County, IL","05000US17115","macon-county-il"
7,"Two Or More",2020,"2020",36125,11132,"Macoupin County, IL","05000US17117","macoupin-county-il"
7,"Two Or More",2020,"2020",47396,11453,"Madison County, IL","05000US17119","madison-county-il"
7,"Two Or More",2020,"2020",45625,5693,"Marshall County, IL","05000US17123","marshall-county-il"
7,"Two Or More",2020,"2020",71771,1661,"Massac County, IL","05000US17127","massac-county-il"
7,"Two Or More",2020,"2020",67885,28685,"Menard County, IL","05000US17129","menard-county-il"
7,"Two Or More",2020,"2020",117500,17419,"Monroe County, IL","05000US17133","monroe-county-il"
7,"Two Or More",2020,"2020",60833,34471,"Morgan County, IL","05000US17137","morgan-county-il"
7,"Two Or More",2020,"2020",108438,7327,"Moultrie County, IL","05000US17139","moultrie-county-il"
7,"Two Or More",2020,"2020",41433,16067,"Ogle County, IL","05000US17141","ogle-county-il"
7,"Two Or More",2020,"2020",47682,6949.999999999999,"Peoria County, IL","05000US17143","peoria-county-il"
7,"Two Or More",2020,"2020",48224,36905,"Perry County, IL","05000US17145","perry-county-il"
7,"Two Or More",2020,"2020",86250,71947,"Piatt County, IL","05000US17147","piatt-county-il"
7,"Two Or More",2020,"2020",41875,28443,"Pulaski County, IL","05000US17153","pulaski-county-il"
7,"Two Or More",2020,"2020",53510,7269.000000000001,"Randolph County, IL","05000US17157","randolph-county-il"
7,"Two Or More",2020,"2020",73977,61321,"Richland County, IL","05000US17159","richland-county-il"
7,"Two Or More",2020,"2020",58850,11185,"Rock Island County, IL","05000US17161","rock-island-county-il"
7,"Two Or More",2020,"2020",61741,8371,"St. Clair County, IL","05000US17163","st-clair-county-il"
7,"Two Or More",2020,"2020",34769,10079,"Saline County, IL","05000US17165","saline-county-il"
7,"Two Or More",2020,"2020",38834,10874,"Sangamon County, IL","05000US17167","sangamon-county-il"
7,"Two Or More",2020,"2020",46875,33735,"Schuyler County, IL","05000US17169","schuyler-county-il"
7,"Two Or More",2020,"2020",127188,27563,"Shelby County, IL","05000US17173","shelby-county-il"
7,"Two Or More",2020,"2020",38229,3256,"Stark County, IL","05000US17175","stark-county-il"
7,"Two Or More",2020,"2020",41769,9943,"Stephenson County, IL","05000US17177","stephenson-county-il"
7,"Two Or More",2020,"2020",52254,14187,"Tazewell County, IL","05000US17179","tazewell-county-il"
7,"Two Or More",2020,"2020",75978,43013,"Union County, IL","05000US17181","union-county-il"
7,"Two Or More",2020,"2020",43542,13265,"Vermilion County, IL","05000US17183","vermilion-county-il"
7,"Two Or More",2020,"2020",16207,8738,"Whiteside County, IL","05000US17195","whiteside-county-il"
7,"Two Or More",2020,"2020",80040,7503.000000000001,"Will County, IL","05000US17197","will-county-il"
7,"Two Or More",2020,"2020",43031,8517,"Winnebago County, IL","05000US17201","winnebago-county-il"
8,"White Non-Hispanic",2020,"2020",56138,1923,"Adams County, IL","05000US17001","adams-county-il"
8,"White Non-Hispanic",2020,"2020",41038,3229,"Alexander County, IL","05000US17003","alexander-county-il"
8,"White Non-Hispanic",2020,"2020",54755,6457,"Bond County, IL","05000US17005","bond-county-il"
8,"White Non-Hispanic",2020,"2020",71415,5174,"Boone County, IL","05000US17007","boone-county-il"
8,"White Non-Hispanic",2020,"2020",61806,8051,"Brown County, IL","05000US17009","brown-county-il"
8,"White Non-Hispanic",2020,"2020",55613,3064,"Bureau County, IL","05000US17011","bureau-county-il"
8,"White Non-Hispanic",2020,"2020",66016,8024.000000000001,"Calhoun County, IL","05000US17013","calhoun-county-il"
8,"White Non-Hispanic",2020,"2020",53487,3656.9999999999995,"Carroll County, IL","05000US17015","carroll-county-il"
8,"White Non-Hispanic",2020,"2020",54648,3213,"Cass County, IL","05000US17017","cass-county-il"
8,"White Non-Hispanic",2020,"2020",63661,2448,"Champaign County, IL","05000US17019","champaign-county-il"
8,"White Non-Hispanic",2020,"2020",52758,2697,"Christian County, IL","05000US17021","christian-county-il"
8,"White Non-Hispanic",2020,"2020",59830,4906,"Clark County, IL","05000US17023","clark-county-il"
8,"White Non-Hispanic",2020,"2020",52473,4098,"Clay County, IL","05000US17025","clay-county-il"
8,"White Non-Hispanic",2020,"2020",66936,3126,"Clinton County, IL","05000US17027","clinton-county-il"
8,"White Non-Hispanic",2020,"2020",47982,2628,"Coles County, IL","05000US17029","coles-county-il"
8,"White Non-Hispanic",2020,"2020",86637,619,"Cook County, IL","05000US17031","cook-county-il"
8,"White Non-Hispanic",2020,"2020",50534,2298,"Crawford County, IL","05000US17033","crawford-county-il"
8,"White Non-Hispanic",2020,"2020",58708,7112.000000000001,"Cumberland County, IL","05000US17035","cumberland-county-il"
8,"White Non-Hispanic",2020,"2020",65946,1568,"DeKalb County, IL","05000US17037","dekalb-county-il"
8,"White Non-Hispanic",2020,"2020",58213,5763,"De Witt County, IL","05000US17039","de-witt-county-il"
8,"White Non-Hispanic",2020,"2020",60413,4088.0000000000005,"Douglas County, IL","05000US17041","douglas-county-il"
8,"White Non-Hispanic",2020,"2020",99901,1286,"DuPage County, IL","05000US17043","dupage-county-il"
8,"White Non-Hispanic",2020,"2020",48884,4175,"Edgar County, IL","05000US17045","edgar-county-il"
8,"White Non-Hispanic",2020,"2020",53788,2718,"Edwards County, IL","05000US17047","edwards-county-il"
8,"White Non-Hispanic",2020,"2020",60322,3427,"Effingham County, IL","05000US17049","effingham-county-il"
8,"White Non-Hispanic",2020,"2020",45699,3130,"Fayette County, IL","05000US17051","fayette-county-il"
8,"White Non-Hispanic",2020,"2020",50765,4983,"Ford County, IL","05000US17053","ford-county-il"
8,"White Non-Hispanic",2020,"2020",43914,2445,"Franklin County, IL","05000US17055","franklin-county-il"
8,"White Non-Hispanic",2020,"2020",52463,2439,"Fulton County, IL","05000US17057","fulton-county-il"
8,"White Non-Hispanic",2020,"2020",42829,5563,"Gallatin County, IL","05000US17059","gallatin-county-il"
8,"White Non-Hispanic",2020,"2020",51903,3931.0000000000005,"Greene County, IL","05000US17061","greene-county-il"
8,"White Non-Hispanic",2020,"2020",76354,3568,"Grundy County, IL","05000US17063","grundy-county-il"
8,"White Non-Hispanic",2020,"2020",55963,4877,"Hamilton County, IL","05000US17065","hamilton-county-il"
8,"White Non-Hispanic",2020,"2020",56132,3311,"Hancock County, IL","05000US17067","hancock-county-il"
8,"White Non-Hispanic",2020,"2020",51089,8374,"Hardin County, IL","05000US17069","hardin-county-il"
8,"White Non-Hispanic",2020,"2020",56261,3183,"Henderson County, IL","05000US17071","henderson-county-il"
8,"White Non-Hispanic",2020,"2020",60241,2156,"Henry County, IL","05000US17073","henry-county-il"
8,"White Non-Hispanic",2020,"2020",54796,3575.9999999999995,"Iroquois County, IL","05000US17075","iroquois-county-il"
8,"White Non-Hispanic",2020,"2020",44350,2683,"Jackson County, IL","05000US17077","jackson-county-il"
8,"White Non-Hispanic",2020,"2020",56107,4839,"Jasper County, IL","05000US17079","jasper-county-il"
8,"White Non-Hispanic",2020,"2020",52823,2895,"Jefferson County, IL","05000US17081","jefferson-county-il"
8,"White Non-Hispanic",2020,"2020",68405,6528,"Jersey County, IL","05000US17083","jersey-county-il"
8,"White Non-Hispanic",2020,"2020",59444,3430.0000000000005,"Jo Daviess County, IL","05000US17085","jo-daviess-county-il"
8,"White Non-Hispanic",2020,"2020",55544,3180,"Johnson County, IL","05000US17087","johnson-county-il"
8,"White Non-Hispanic",2020,"2020",94165,2272,"Kane County, IL","05000US17089","kane-county-il"
8,"White Non-Hispanic",2020,"2020",66427,2480,"Kankakee County, IL","05000US17091","kankakee-county-il"
8,"White Non-Hispanic",2020,"2020",99620,5199,"Kendall County, IL","05000US17093","kendall-county-il"
8,"White Non-Hispanic",2020,"2020",46164,2891,"Knox County, IL","05000US17095","knox-county-il"
8,"White Non-Hispanic",2020,"2020",103359,2047,"Lake County, IL","05000US17097","lake-county-il"
8,"White Non-Hispanic",2020,"2020",61064,1439,"LaSalle County, IL","05000US17099","lasalle-county-il"
8,"White Non-Hispanic",2020,"2020",51250,5066,"Lawrence County, IL","05000US17101","lawrence-county-il"
8,"White Non-Hispanic",2020,"2020",59624,3863,"Lee County, IL","05000US17103","lee-county-il"
8,"White Non-Hispanic",2020,"2020",59525,2964,"Livingston County, IL","05000US17105","livingston-county-il"
8,"White Non-Hispanic",2020,"2020",59234,2953,"Logan County, IL","05000US17107","logan-county-il"
8,"White Non-Hispanic",2020,"2020",43835,4833,"McDonough County, IL","05000US17109","mcdonough-county-il"
8,"White Non-Hispanic",2020,"2020",93202,1675,"McHenry County, IL","05000US17111","mchenry-county-il"
8,"White Non-Hispanic",2020,"2020",70969,2028,"McLean County, IL","05000US17113","mclean-county-il"
8,"White Non-Hispanic",2020,"2020",58174,2069,"Macon County, IL","05000US17115","macon-county-il"
8,"White Non-Hispanic",2020,"2020",57226,3416,"Macoupin County, IL","05000US17117","macoupin-county-il"
8,"White Non-Hispanic",2020,"2020",68374,1424,"Madison County, IL","05000US17119","madison-county-il"
8,"White Non-Hispanic",2020,"2020",50455,2197,"Marion County, IL","05000US17121","marion-county-il"
8,"White Non-Hispanic",2020,"2020",57621,3320,"Marshall County, IL","05000US17123","marshall-county-il"
8,"White Non-Hispanic",2020,"2020",51535,2630,"Mason County, IL","05000US17125","mason-county-il"
8,"White Non-Hispanic",2020,"2020",51599,5257,"Massac County, IL","05000US17127","massac-county-il"
8,"White Non-Hispanic",2020,"2020",78423,4639,"Menard County, IL","05000US17129","menard-county-il"
8,"White Non-Hispanic",2020,"2020",57692,4071.9999999999995,"Mercer County, IL","05000US17131","mercer-county-il"
8,"White Non-Hispanic",2020,"2020",89709,5017,"Monroe County, IL","05000US17133","monroe-county-il"
8,"White Non-Hispanic",2020,"2020",55281,3509,"Montgomery County, IL","05000US17135","montgomery-county-il"
8,"White Non-Hispanic",2020,"2020",54518,3889.9999999999995,"Morgan County, IL","05000US17137","morgan-county-il"
8,"White Non-Hispanic",2020,"2020",64111,6377,"Moultrie County, IL","05000US17139","moultrie-county-il"
8,"White Non-Hispanic",2020,"2020",65652,1825.9999999999998,"Ogle County, IL","05000US17141","ogle-county-il"
8,"White Non-Hispanic",2020,"2020",60281,1531,"Peoria County, IL","05000US17143","peoria-county-il"
8,"White Non-Hispanic",2020,"2020",52568,4435,"Perry County, IL","05000US17145","perry-county-il"
8,"White Non-Hispanic",2020,"2020",73901,5720,"Piatt County, IL","05000US17147","piatt-county-il"
8,"White Non-Hispanic",2020,"2020",46207,2782,"Pike County, IL","05000US17149","pike-county-il"
8,"White Non-Hispanic",2020,"2020",42965,9401,"Pope County, IL","05000US17151","pope-county-il"
8,"White Non-Hispanic",2020,"2020",51343,8053,"Pulaski County, IL","05000US17153","pulaski-county-il"
8,"White Non-Hispanic",2020,"2020",64778,4316,"Putnam County, IL","05000US17155","putnam-county-il"
8,"White Non-Hispanic",2020,"2020",55812,3471,"Randolph County, IL","05000US17157","randolph-county-il"
8,"White Non-Hispanic",2020,"2020",54463,4701,"Richland County, IL","05000US17159","richland-county-il"
8,"White Non-Hispanic",2020,"2020",58879,2300,"Rock Island County, IL","05000US17161","rock-island-county-il"
8,"White Non-Hispanic",2020,"2020",69759,2139,"St. Clair County, IL","05000US17163","st-clair-county-il"
8,"White Non-Hispanic",2020,"2020",44988,2965,"Saline County, IL","05000US17165","saline-county-il"
8,"White Non-Hispanic",2020,"2020",66674,2435,"Sangamon County, IL","05000US17167","sangamon-county-il"
8,"White Non-Hispanic",2020,"2020",51461,5228,"Schuyler County, IL","05000US17169","schuyler-county-il"
8,"White Non-Hispanic",2020,"2020",59756,3209,"Scott County, IL","05000US17171","scott-county-il"
8,"White Non-Hispanic",2020,"2020",59235,2590,"Shelby County, IL","05000US17173","shelby-county-il"
8,"White Non-Hispanic",2020,"2020",54277,5288,"Stark County, IL","05000US17175","stark-county-il"
8,"White Non-Hispanic",2020,"2020",55346,2146,"Stephenson County, IL","05000US17177","stephenson-county-il"
8,"White Non-Hispanic",2020,"2020",66754,1734,"Tazewell County, IL","05000US17179","tazewell-county-il"
8,"White Non-Hispanic",2020,"2020",52165,2518,"Union County, IL","05000US17181","union-county-il"
8,"White Non-Hispanic",2020,"2020",51042,2075,"Vermilion County, IL","05000US17183","vermilion-county-il"
8,"White Non-Hispanic",2020,"2020",48654,4365,"Wabash County, IL","05000US17185","wabash-county-il"
8,"White Non-Hispanic",2020,"2020",54836,6648,"Warren County, IL","05000US17187","warren-county-il"
8,"White Non-Hispanic",2020,"2020",64272,3559,"Washington County, IL","05000US17189","washington-county-il"
8,"White Non-Hispanic",2020,"2020",51793,4033,"Wayne County, IL","05000US17191","wayne-county-il"
8,"White Non-Hispanic",2020,"2020",48420,3216,"White County, IL","05000US17193","white-county-il"
8,"White Non-Hispanic",2020,"2020",59002,2754,"Whiteside County, IL","05000US17195","whiteside-county-il"
8,"White Non-Hispanic",2020,"2020",97585,1576,"Will County, IL","05000US17197","will-county-il"
8,"White Non-Hispanic",2020,"2020",53946,2379,"Williamson County, IL","05000US17199","williamson-county-il"
8,"White Non-Hispanic",2020,"2020",62311,1477,"Winnebago County, IL","05000US17201","winnebago-county-il"
8,"White Non-Hispanic",2020,"2020",75071,2621,"Woodford County, IL","05000US17203","woodford-county-il"
9,"Hispanic",2020,"2020",80100,28066,"Adams County, IL","05000US17001","adams-county-il"
9,"Hispanic",2020,"2020",65364,16202.999999999998,"Boone County, IL","05000US17007","boone-county-il"
9,"Hispanic",2020,"2020",54792,6744,"Bureau County, IL","05000US17011","bureau-county-il"
9,"Hispanic",2020,"2020",42837,6502,"Carroll County, IL","05000US17015","carroll-county-il"
9,"Hispanic",2020,"2020",44258,14478.999999999998,"Cass County, IL","05000US17017","cass-county-il"
9,"Hispanic",2020,"2020",40222,6599,"Champaign County, IL","05000US17019","champaign-county-il"
9,"Hispanic",2020,"2020",176400,99970,"Christian County, IL","05000US17021","christian-county-il"
9,"Hispanic",2020,"2020",52708,42672,"Clinton County, IL","05000US17027","clinton-county-il"
9,"Hispanic",2020,"2020",29000,18528,"Coles County, IL","05000US17029","coles-county-il"
9,"Hispanic",2020,"2020",57487,784,"Cook County, IL","05000US17031","cook-county-il"
9,"Hispanic",2020,"2020",64391,11235,"DeKalb County, IL","05000US17037","dekalb-county-il"
9,"Hispanic",2020,"2020",52941,43234,"De Witt County, IL","05000US17039","de-witt-county-il"
9,"Hispanic",2020,"2020",53304,25140,"Douglas County, IL","05000US17041","douglas-county-il"
9,"Hispanic",2020,"2020",70158,2534,"DuPage County, IL","05000US17043","dupage-county-il"
9,"Hispanic",2020,"2020",24290,14191,"Edgar County, IL","05000US17045","edgar-county-il"
9,"Hispanic",2020,"2020",20833,5357,"Edwards County, IL","05000US17047","edwards-county-il"
9,"Hispanic",2020,"2020",42607,10766,"Effingham County, IL","05000US17049","effingham-county-il"
9,"Hispanic",2020,"2020",38333,33948,"Ford County, IL","05000US17053","ford-county-il"
9,"Hispanic",2020,"2020",30954,15973.000000000002,"Franklin County, IL","05000US17055","franklin-county-il"
9,"Hispanic",2020,"2020",31667,14498.999999999998,"Greene County, IL","05000US17061","greene-county-il"
9,"Hispanic",2020,"2020",66139,8233,"Grundy County, IL","05000US17063","grundy-county-il"
9,"Hispanic",2020,"2020",70863,21556,"Hancock County, IL","05000US17067","hancock-county-il"
9,"Hispanic",2020,"2020",51875,25852,"Henry County, IL","05000US17073","henry-county-il"
9,"Hispanic",2020,"2020",48906,16706,"Iroquois County, IL","05000US17075","iroquois-county-il"
9,"Hispanic",2020,"2020",33168,12590,"Jackson County, IL","05000US17077","jackson-county-il"
9,"Hispanic",2020,"2020",41714,25062,"Jefferson County, IL","05000US17081","jefferson-county-il"
9,"Hispanic",2020,"2020",59180,17370,"Jo Daviess County, IL","05000US17085","jo-daviess-county-il"
9,"Hispanic",2020,"2020",65462,2819,"Kane County, IL","05000US17089","kane-county-il"
9,"Hispanic",2020,"2020",49159,9290,"Kankakee County, IL","05000US17091","kankakee-county-il"
9,"Hispanic",2020,"2020",79829,12716,"Kendall County, IL","05000US17093","kendall-county-il"
9,"Hispanic",2020,"2020",47813,9260,"Knox County, IL","05000US17095","knox-county-il"
9,"Hispanic",2020,"2020",64417,3499.9999999999995,"Lake County, IL","05000US17097","lake-county-il"
9,"Hispanic",2020,"2020",51950,7256,"LaSalle County, IL","05000US17099","lasalle-county-il"
9,"Hispanic",2020,"2020",67857,22371,"Lee County, IL","05000US17103","lee-county-il"
9,"Hispanic",2020,"2020",48869,24778,"Livingston County, IL","05000US17105","livingston-county-il"
9,"Hispanic",2020,"2020",37750,30671.000000000004,"Logan County, IL","05000US17107","logan-county-il"
9,"Hispanic",2020,"2020",9738,5738,"McDonough County, IL","05000US17109","mcdonough-county-il"
9,"Hispanic",2020,"2020",72554,3608,"McHenry County, IL","05000US17111","mchenry-county-il"
9,"Hispanic",2020,"2020",46970,7296.000000000001,"McLean County, IL","05000US17113","mclean-county-il"
9,"Hispanic",2020,"2020",51453,16688,"Macon County, IL","05000US17115","macon-county-il"
9,"Hispanic",2020,"2020",43571,34520,"Macoupin County, IL","05000US17117","macoupin-county-il"
9,"Hispanic",2020,"2020",45989,6154,"Madison County, IL","05000US17119","madison-county-il"
9,"Hispanic",2020,"2020",41250,40856,"Marshall County, IL","05000US17123","marshall-county-il"
9,"Hispanic",2020,"2020",15133,7007.000000000001,"Massac County, IL","05000US17127","massac-county-il"
9,"Hispanic",2020,"2020",50900,3643.0000000000005,"Mercer County, IL","05000US17131","mercer-county-il"
9,"Hispanic",2020,"2020",107773,42591,"Moultrie County, IL","05000US17139","moultrie-county-il"
9,"Hispanic",2020,"2020",48381,5146,"Ogle County, IL","05000US17141","ogle-county-il"
9,"Hispanic",2020,"2020",45310,7722,"Peoria County, IL","05000US17143","peoria-county-il"
9,"Hispanic",2020,"2020",85217,66220,"Perry County, IL","05000US17145","perry-county-il"
9,"Hispanic",2020,"2020",125521,92359,"Piatt County, IL","05000US17147","piatt-county-il"
9,"Hispanic",2020,"2020",55000,19280,"Pike County, IL","05000US17149","pike-county-il"
9,"Hispanic",2020,"2020",56579,16269,"Putnam County, IL","05000US17155","putnam-county-il"
9,"Hispanic",2020,"2020",53710,12811,"Randolph County, IL","05000US17157","randolph-county-il"
9,"Hispanic",2020,"2020",54040,3862,"Rock Island County, IL","05000US17161","rock-island-county-il"
9,"Hispanic",2020,"2020",57434,10592,"St. Clair County, IL","05000US17163","st-clair-county-il"
9,"Hispanic",2020,"2020",54688,53298,"Saline County, IL","05000US17165","saline-county-il"
9,"Hispanic",2020,"2020",62045,19010,"Sangamon County, IL","05000US17167","sangamon-county-il"
9,"Hispanic",2020,"2020",130076,63435,"Shelby County, IL","05000US17173","shelby-county-il"
9,"Hispanic",2020,"2020",41004,8245,"Stephenson County, IL","05000US17177","stephenson-county-il"
9,"Hispanic",2020,"2020",60282,15395.000000000002,"Tazewell County, IL","05000US17179","tazewell-county-il"
9,"Hispanic",2020,"2020",41484,13263,"Union County, IL","05000US17181","union-county-il"
9,"Hispanic",2020,"2020",43333,6996,"Vermilion County, IL","05000US17183","vermilion-county-il"
9,"Hispanic",2020,"2020",49583,17553,"Warren County, IL","05000US17187","warren-county-il"
9,"Hispanic",2020,"2020",78173,37711,"Washington County, IL","05000US17189","washington-county-il"
9,"Hispanic",2020,"2020",36518,18625,"Wayne County, IL","05000US17191","wayne-county-il"
9,"Hispanic",2020,"2020",50768,6812,"Whiteside County, IL","05000US17195","whiteside-county-il"
9,"Hispanic",2020,"2020",74880,2812,"Will County, IL","05000US17197","will-county-il"
9,"Hispanic",2020,"2020",51771,19115,"Williamson County, IL","05000US17199","williamson-county-il"
9,"Hispanic",2020,"2020",45600,2378,"Winnebago County, IL","05000US17201","winnebago-county-il"
9,"Hispanic",2020,"2020",75724,29370,"Woodford County, IL","05000US17203","woodford-county-il"
0,"Total",2019,"2019",52993,1748.0000000000002,"Adams County, IL","05000US17001","adams-county-il"
0,"Total",2019,"2019",36806,3914.9999999999995,"Alexander County, IL","05000US17003","alexander-county-il"
0,"Total",2019,"2019",57289,5314,"Bond County, IL","05000US17005","bond-county-il"
0,"Total",2019,"2019",69272,3056,"Boone County, IL","05000US17007","boone-county-il"
0,"Total",2019,"2019",61655,2135,"Brown County, IL","05000US17009","brown-county-il"
0,"Total",2019,"2019",57436,2381,"Bureau County, IL","05000US17011","bureau-county-il"
0,"Total",2019,"2019",63009,6847.999999999999,"Calhoun County, IL","05000US17013","calhoun-county-il"
0,"Total",2019,"2019",52410,3149,"Carroll County, IL","05000US17015","carroll-county-il"
0,"Total",2019,"2019",52373,2835,"Cass County, IL","05000US17017","cass-county-il"
0,"Total",2019,"2019",52797,1094,"Champaign County, IL","05000US17019","champaign-county-il"
0,"Total",2019,"2019",52834,1881,"Christian County, IL","05000US17021","christian-county-il"
0,"Total",2019,"2019",56531,3145,"Clark County, IL","05000US17023","clark-county-il"
0,"Total",2019,"2019",48500,2002.9999999999998,"Clay County, IL","05000US17025","clay-county-il"
0,"Total",2019,"2019",66639,2799,"Clinton County, IL","05000US17027","clinton-county-il"
0,"Total",2019,"2019",46202,2982,"Coles County, IL","05000US17029","coles-county-il"
0,"Total",2019,"2019",64660,348,"Cook County, IL","05000US17031","cook-county-il"
0,"Total",2019,"2019",49779,2539,"Crawford County, IL","05000US17033","crawford-county-il"
0,"Total",2019,"2019",56206,6314,"Cumberland County, IL","05000US17035","cumberland-county-il"
0,"Total",2019,"2019",63317,1940.0000000000002,"DeKalb County, IL","05000US17037","dekalb-county-il"
0,"Total",2019,"2019",55587,3818,"De Witt County, IL","05000US17039","de-witt-county-il"
0,"Total",2019,"2019",56714,2861,"Douglas County, IL","05000US17041","douglas-county-il"
0,"Total",2019,"2019",92809,1225,"DuPage County, IL","05000US17043","dupage-county-il"
0,"Total",2019,"2019",53647,4003,"Edgar County, IL","05000US17045","edgar-county-il"
0,"Total",2019,"2019",51080,2986,"Edwards County, IL","05000US17047","edwards-county-il"
0,"Total",2019,"2019",56685,2748,"Effingham County, IL","05000US17049","effingham-county-il"
0,"Total",2019,"2019",46650,2696,"Fayette County, IL","05000US17051","fayette-county-il"
0,"Total",2019,"2019",52092,2750,"Ford County, IL","05000US17053","ford-county-il"
0,"Total",2019,"2019",42769,1651,"Franklin County, IL","05000US17055","franklin-county-il"
0,"Total",2019,"2019",51643,1790,"Fulton County, IL","05000US17057","fulton-county-il"
0,"Total",2019,"2019",44076,3494,"Gallatin County, IL","05000US17059","gallatin-county-il"
0,"Total",2019,"2019",49885,2846,"Greene County, IL","05000US17061","greene-county-il"
0,"Total",2019,"2019",77350,2995,"Grundy County, IL","05000US17063","grundy-county-il"
0,"Total",2019,"2019",54046,2811,"Hamilton County, IL","05000US17065","hamilton-county-il"
0,"Total",2019,"2019",52561,1921,"Hancock County, IL","05000US17067","hancock-county-il"
0,"Total",2019,"2019",51250,7769,"Hardin County, IL","05000US17069","hardin-county-il"
0,"Total",2019,"2019",53676,2371,"Henderson County, IL","05000US17071","henderson-county-il"
0,"Total",2019,"2019",59933,2231,"Henry County, IL","05000US17073","henry-county-il"
0,"Total",2019,"2019",52700,2607,"Iroquois County, IL","05000US17075","iroquois-county-il"
0,"Total",2019,"2019",37241,1961,"Jackson County, IL","05000US17077","jackson-county-il"
0,"Total",2019,"2019",54256,4372,"Jasper County, IL","05000US17079","jasper-county-il"
0,"Total",2019,"2019",49896,2257,"Jefferson County, IL","05000US17081","jefferson-county-il"
0,"Total",2019,"2019",63028,4318,"Jersey County, IL","05000US17083","jersey-county-il"
0,"Total",2019,"2019",57946,1888.9999999999998,"Jo Daviess County, IL","05000US17085","jo-daviess-county-il"
0,"Total",2019,"2019",52774,3215,"Johnson County, IL","05000US17087","johnson-county-il"
0,"Total",2019,"2019",79394,1354,"Kane County, IL","05000US17089","kane-county-il"
0,"Total",2019,"2019",58902,1656,"Kankakee County, IL","05000US17091","kankakee-county-il"
0,"Total",2019,"2019",96563,4721,"Kendall County, IL","05000US17093","kendall-county-il"
0,"Total",2019,"2019",44129,2263,"Knox County, IL","05000US17095","knox-county-il"
0,"Total",2019,"2019",89427,1284,"Lake County, IL","05000US17097","lake-county-il"
0,"Total",2019,"2019",58142,1645,"LaSalle County, IL","05000US17099","lasalle-county-il"
0,"Total",2019,"2019",46636,4679,"Lawrence County, IL","05000US17101","lawrence-county-il"
0,"Total",2019,"2019",58194,3391,"Lee County, IL","05000US17103","lee-county-il"
0,"Total",2019,"2019",55160,3265,"Livingston County, IL","05000US17105","livingston-county-il"
0,"Total",2019,"2019",57308,2900,"Logan County, IL","05000US17107","logan-county-il"
0,"Total",2019,"2019",44471,2569,"McDonough County, IL","05000US17109","mcdonough-county-il"
0,"Total",2019,"2019",86799,1690,"McHenry County, IL","05000US17111","mchenry-county-il"
0,"Total",2019,"2019",67675,1711.9999999999998,"McLean County, IL","05000US17113","mclean-county-il"
0,"Total",2019,"2019",50480,1549,"Macon County, IL","05000US17115","macon-county-il"
0,"Total",2019,"2019",55159,3176,"Macoupin County, IL","05000US17117","macoupin-county-il"
0,"Total",2019,"2019",60738,1285,"Madison County, IL","05000US17119","madison-county-il"
0,"Total",2019,"2019",47519,1613,"Marion County, IL","05000US17121","marion-county-il"
0,"Total",2019,"2019",58465,2521,"Marshall County, IL","05000US17123","marshall-county-il"
0,"Total",2019,"2019",48417,3322,"Mason County, IL","05000US17125","mason-county-il"
0,"Total",2019,"2019",47481,3493,"Massac County, IL","05000US17127","massac-county-il"
0,"Total",2019,"2019",74684,4853,"Menard County, IL","05000US17129","menard-county-il"
0,"Total",2019,"2019",59787,2490,"Mercer County, IL","05000US17131","mercer-county-il"
0,"Total",2019,"2019",85747,4533,"Monroe County, IL","05000US17133","monroe-county-il"
0,"Total",2019,"2019",52748,2729,"Montgomery County, IL","05000US17135","montgomery-county-il"
0,"Total",2019,"2019",51437,3071,"Morgan County, IL","05000US17137","morgan-county-il"
0,"Total",2019,"2019",61456,4262,"Moultrie County, IL","05000US17139","moultrie-county-il"
0,"Total",2019,"2019",60986,1651,"Ogle County, IL","05000US17141","ogle-county-il"
0,"Total",2019,"2019",55842,1432,"Peoria County, IL","05000US17143","peoria-county-il"
0,"Total",2019,"2019",52428,3575,"Perry County, IL","05000US17145","perry-county-il"
0,"Total",2019,"2019",70849,3295,"Piatt County, IL","05000US17147","piatt-county-il"
0,"Total",2019,"2019",47492,2904,"Pike County, IL","05000US17149","pike-county-il"
0,"Total",2019,"2019",38056,7056,"Pope County, IL","05000US17151","pope-county-il"
0,"Total",2019,"2019",34640,2825,"Pulaski County, IL","05000US17153","pulaski-county-il"
0,"Total",2019,"2019",63638,3673.0000000000005,"Putnam County, IL","05000US17155","putnam-county-il"
0,"Total",2019,"2019",53816,1966,"Randolph County, IL","05000US17157","randolph-county-il"
0,"Total",2019,"2019",48894,2692,"Richland County, IL","05000US17159","richland-county-il"
0,"Total",2019,"2019",54858,1256,"Rock Island County, IL","05000US17161","rock-island-county-il"
0,"Total",2019,"2019",55179,1368,"St. Clair County, IL","05000US17163","st-clair-county-il"
0,"Total",2019,"2019",44090,2721,"Saline County, IL","05000US17165","saline-county-il"
0,"Total",2019,"2019",61912,952,"Sangamon County, IL","05000US17167","sangamon-county-il"
0,"Total",2019,"2019",52357,6097,"Schuyler County, IL","05000US17169","schuyler-county-il"
0,"Total",2019,"2019",57118,4231,"Scott County, IL","05000US17171","scott-county-il"
0,"Total",2019,"2019",52953,2732,"Shelby County, IL","05000US17173","shelby-county-il"
0,"Total",2019,"2019",54907,4407,"Stark County, IL","05000US17175","stark-county-il"
0,"Total",2019,"2019",48805,1430,"Stephenson County, IL","05000US17177","stephenson-county-il"
0,"Total",2019,"2019",63454,1421,"Tazewell County, IL","05000US17179","tazewell-county-il"
0,"Total",2019,"2019",50625,2496,"Union County, IL","05000US17181","union-county-il"
0,"Total",2019,"2019",46515,1848,"Vermilion County, IL","05000US17183","vermilion-county-il"
0,"Total",2019,"2019",50770,5162,"Wabash County, IL","05000US17185","wabash-county-il"
0,"Total",2019,"2019",50310,1954,"Warren County, IL","05000US17187","warren-county-il"
0,"Total",2019,"2019",61763,3230,"Washington County, IL","05000US17189","washington-county-il"
0,"Total",2019,"2019",50251,2728,"Wayne County, IL","05000US17191","wayne-county-il"
0,"Total",2019,"2019",49290,3508,"White County, IL","05000US17193","white-county-il"
0,"Total",2019,"2019",54232,1984,"Whiteside County, IL","05000US17195","whiteside-county-il"
0,"Total",2019,"2019",86961,1079,"Will County, IL","05000US17197","will-county-il"
0,"Total",2019,"2019",50734,1701,"Williamson County, IL","05000US17199","williamson-county-il"
0,"Total",2019,"2019",54489,845,"Winnebago County, IL","05000US17201","winnebago-county-il"
0,"Total",2019,"2019",72808,2705,"Woodford County, IL","05000US17203","woodford-county-il"
1,"White",2019,"2019",54541,1838,"Adams County, IL","05000US17001","adams-county-il"
1,"White",2019,"2019",40825,3838.9999999999995,"Alexander County, IL","05000US17003","alexander-county-il"
1,"White",2019,"2019",58373,5467,"Bond County, IL","05000US17005","bond-county-il"
1,"White",2019,"2019",68915,3185,"Boone County, IL","05000US17007","boone-county-il"
1,"White",2019,"2019",61655,2135,"Brown County, IL","05000US17009","brown-county-il"
1,"White",2019,"2019",57509,2394,"Bureau County, IL","05000US17011","bureau-county-il"
1,"White",2019,"2019",63079,6634,"Calhoun County, IL","05000US17013","calhoun-county-il"
1,"White",2019,"2019",52342,3167,"Carroll County, IL","05000US17015","carroll-county-il"
1,"White",2019,"2019",53089,3095,"Cass County, IL","05000US17017","cass-county-il"
1,"White",2019,"2019",59983,1654,"Champaign County, IL","05000US17019","champaign-county-il"
1,"White",2019,"2019",53440,1835,"Christian County, IL","05000US17021","christian-county-il"
1,"White",2019,"2019",56525,3181,"Clark County, IL","05000US17023","clark-county-il"
1,"White",2019,"2019",48432,2043,"Clay County, IL","05000US17025","clay-county-il"
1,"White",2019,"2019",66677,2836,"Clinton County, IL","05000US17027","clinton-county-il"
1,"White",2019,"2019",47844,2316,"Coles County, IL","05000US17029","coles-county-il"
1,"White",2019,"2019",78390,622,"Cook County, IL","05000US17031","cook-county-il"
1,"White",2019,"2019",49220,2778,"Crawford County, IL","05000US17033","crawford-county-il"
1,"White",2019,"2019",55702,5885,"Cumberland County, IL","05000US17035","cumberland-county-il"
1,"White",2019,"2019",67238,1772,"DeKalb County, IL","05000US17037","dekalb-county-il"
1,"White",2019,"2019",56263,3959.9999999999995,"De Witt County, IL","05000US17039","de-witt-county-il"
1,"White",2019,"2019",57081,3116,"Douglas County, IL","05000US17041","douglas-county-il"
1,"White",2019,"2019",95217,1095,"DuPage County, IL","05000US17043","dupage-county-il"
1,"White",2019,"2019",53767,3979,"Edgar County, IL","05000US17045","edgar-county-il"
1,"White",2019,"2019",51250,3003,"Edwards County, IL","05000US17047","edwards-county-il"
1,"White",2019,"2019",57145,2858,"Effingham County, IL","05000US17049","effingham-county-il"
1,"White",2019,"2019",46306,2694,"Fayette County, IL","05000US17051","fayette-county-il"
1,"White",2019,"2019",52491,2845,"Ford County, IL","05000US17053","ford-county-il"
1,"White",2019,"2019",42984,1669,"Franklin County, IL","05000US17055","franklin-county-il"
1,"White",2019,"2019",51827,1837,"Fulton County, IL","05000US17057","fulton-county-il"
1,"White",2019,"2019",44312,3756,"Gallatin County, IL","05000US17059","gallatin-county-il"
1,"White",2019,"2019",49947,2849,"Greene County, IL","05000US17061","greene-county-il"
1,"White",2019,"2019",77856,2842,"Grundy County, IL","05000US17063","grundy-county-il"
1,"White",2019,"2019",53947,2897,"Hamilton County, IL","05000US17065","hamilton-county-il"
1,"White",2019,"2019",52644,1918,"Hancock County, IL","05000US17067","hancock-county-il"
1,"White",2019,"2019",51563,8092,"Hardin County, IL","05000US17069","hardin-county-il"
1,"White",2019,"2019",53867,2331,"Henderson County, IL","05000US17071","henderson-county-il"
1,"White",2019,"2019",61448,2119,"Henry County, IL","05000US17073","henry-county-il"
1,"White",2019,"2019",52912,2654,"Iroquois County, IL","05000US17075","iroquois-county-il"
1,"White",2019,"2019",42730,1939,"Jackson County, IL","05000US17077","jackson-county-il"
1,"White",2019,"2019",54858,4432,"Jasper County, IL","05000US17079","jasper-county-il"
1,"White",2019,"2019",50936,2216,"Jefferson County, IL","05000US17081","jefferson-county-il"
1,"White",2019,"2019",63140,4152,"Jersey County, IL","05000US17083","jersey-county-il"
1,"White",2019,"2019",58038,1892.0000000000002,"Jo Daviess County, IL","05000US17085","jo-daviess-county-il"
1,"White",2019,"2019",52865,3110,"Johnson County, IL","05000US17087","johnson-county-il"
1,"White",2019,"2019",86381,1667,"Kane County, IL","05000US17089","kane-county-il"
1,"White",2019,"2019",65102,2474,"Kankakee County, IL","05000US17091","kankakee-county-il"
1,"White",2019,"2019",98651,5286,"Kendall County, IL","05000US17093","kendall-county-il"
1,"White",2019,"2019",46234,1870,"Knox County, IL","05000US17095","knox-county-il"
1,"White",2019,"2019",94456,1545,"Lake County, IL","05000US17097","lake-county-il"
1,"White",2019,"2019",59276,1565,"LaSalle County, IL","05000US17099","lasalle-county-il"
1,"White",2019,"2019",49665,4339,"Lawrence County, IL","05000US17101","lawrence-county-il"
1,"White",2019,"2019",58377,3405.0000000000005,"Lee County, IL","05000US17103","lee-county-il"
1,"White",2019,"2019",56736,3165,"Livingston County, IL","05000US17105","livingston-county-il"
1,"White",2019,"2019",58035,3035,"Logan County, IL","05000US17107","logan-county-il"
1,"White",2019,"2019",44790,2852,"McDonough County, IL","05000US17109","mcdonough-county-il"
1,"White",2019,"2019",87386,1848,"McHenry County, IL","05000US17111","mchenry-county-il"
1,"White",2019,"2019",70025,1863.9999999999998,"McLean County, IL","05000US17113","mclean-county-il"
1,"White",2019,"2019",54924,1748.0000000000002,"Macon County, IL","05000US17115","macon-county-il"
1,"White",2019,"2019",55877,3164,"Macoupin County, IL","05000US17117","macoupin-county-il"
1,"White",2019,"2019",64204,1426,"Madison County, IL","05000US17119","madison-county-il"
1,"White",2019,"2019",48040,1565,"Marion County, IL","05000US17121","marion-county-il"
1,"White",2019,"2019",58740,2489,"Marshall County, IL","05000US17123","marshall-county-il"
1,"White",2019,"2019",49350,3115,"Mason County, IL","05000US17125","mason-county-il"
1,"White",2019,"2019",47500,3893,"Massac County, IL","05000US17127","massac-county-il"
1,"White",2019,"2019",76109,5177,"Menard County, IL","05000US17129","menard-county-il"
1,"White",2019,"2019",59929,2395,"Mercer County, IL","05000US17131","mercer-county-il"
1,"White",2019,"2019",86189,4298,"Monroe County, IL","05000US17133","monroe-county-il"
1,"White",2019,"2019",52795,2963,"Montgomery County, IL","05000US17135","montgomery-county-il"
1,"White",2019,"2019",53097,2526,"Morgan County, IL","05000US17137","morgan-county-il"
1,"White",2019,"2019",61894,4146,"Moultrie County, IL","05000US17139","moultrie-county-il"
1,"White",2019,"2019",61691,1706.9999999999998,"Ogle County, IL","05000US17141","ogle-county-il"
1,"White",2019,"2019",60529,1304,"Peoria County, IL","05000US17143","peoria-county-il"
1,"White",2019,"2019",53016,3549,"Perry County, IL","05000US17145","perry-county-il"
1,"White",2019,"2019",71156,3012,"Piatt County, IL","05000US17147","piatt-county-il"
1,"White",2019,"2019",47899,2921,"Pike County, IL","05000US17149","pike-county-il"
1,"White",2019,"2019",38796,7249.000000000001,"Pope County, IL","05000US17151","pope-county-il"
1,"White",2019,"2019",42049,5747,"Pulaski County, IL","05000US17153","pulaski-county-il"
1,"White",2019,"2019",63771,3892,"Putnam County, IL","05000US17155","putnam-county-il"
1,"White",2019,"2019",55440,2860,"Randolph County, IL","05000US17157","randolph-county-il"
1,"White",2019,"2019",48949,2867,"Richland County, IL","05000US17159","richland-county-il"
1,"White",2019,"2019",57626,1779,"Rock Island County, IL","05000US17161","rock-island-county-il"
1,"White",2019,"2019",67816,1509,"St. Clair County, IL","05000US17163","st-clair-county-il"
1,"White",2019,"2019",46276,3284,"Saline County, IL","05000US17165","saline-county-il"
1,"White",2019,"2019",66648,1431,"Sangamon County, IL","05000US17167","sangamon-county-il"
1,"White",2019,"2019",52825,7420,"Schuyler County, IL","05000US17169","schuyler-county-il"
1,"White",2019,"2019",57344,4299,"Scott County, IL","05000US17171","scott-county-il"
1,"White",2019,"2019",53073,3083,"Shelby County, IL","05000US17173","shelby-county-il"
1,"White",2019,"2019",55291,4632,"Stark County, IL","05000US17175","stark-county-il"
1,"White",2019,"2019",51331,1820.9999999999998,"Stephenson County, IL","05000US17177","stephenson-county-il"
1,"White",2019,"2019",63826,1439,"Tazewell County, IL","05000US17179","tazewell-county-il"
1,"White",2019,"2019",51171,2352,"Union County, IL","05000US17181","union-county-il"
1,"White",2019,"2019",50021,1989,"Vermilion County, IL","05000US17183","vermilion-county-il"
1,"White",2019,"2019",50859,5208,"Wabash County, IL","05000US17185","wabash-county-il"
1,"White",2019,"2019",51637,2630,"Warren County, IL","05000US17187","warren-county-il"
1,"White",2019,"2019",61998,3341,"Washington County, IL","05000US17189","washington-county-il"
1,"White",2019,"2019",50715,2630,"Wayne County, IL","05000US17191","wayne-county-il"
1,"White",2019,"2019",48788,3423.9999999999995,"White County, IL","05000US17193","white-county-il"
1,"White",2019,"2019",54719,1951,"Whiteside County, IL","05000US17195","whiteside-county-il"
1,"White",2019,"2019",92090,1285,"Will County, IL","05000US17197","will-county-il"
1,"White",2019,"2019",51467,1600,"Williamson County, IL","05000US17199","williamson-county-il"
1,"White",2019,"2019",59018,1313,"Winnebago County, IL","05000US17201","winnebago-county-il"
1,"White",2019,"2019",72996,2672,"Woodford County, IL","05000US17203","woodford-county-il"
2,"Black",2019,"2019",26833,4161,"Adams County, IL","05000US17001","adams-county-il"
2,"Black",2019,"2019",27214,5608,"Alexander County, IL","05000US17003","alexander-county-il"
2,"Black",2019,"2019",73646,16770,"Boone County, IL","05000US17007","boone-county-il"
2,"Black",2019,"2019",39714,12226,"Cass County, IL","05000US17017","cass-county-il"
2,"Black",2019,"2019",31395,1807.9999999999998,"Champaign County, IL","05000US17019","champaign-county-il"
2,"Black",2019,"2019",30125,19868,"Coles County, IL","05000US17029","coles-county-il"
2,"Black",2019,"2019",39149,493,"Cook County, IL","05000US17031","cook-county-il"
2,"Black",2019,"2019",23280,7509,"DeKalb County, IL","05000US17037","dekalb-county-il"
2,"Black",2019,"2019",60072,5327,"DuPage County, IL","05000US17043","dupage-county-il"
2,"Black",2019,"2019",41116,10758,"Effingham County, IL","05000US17049","effingham-county-il"
2,"Black",2019,"2019",29900,26521,"Franklin County, IL","05000US17055","franklin-county-il"
2,"Black",2019,"2019",60795,22310,"Grundy County, IL","05000US17063","grundy-county-il"
2,"Black",2019,"2019",32083,22252,"Henry County, IL","05000US17073","henry-county-il"
2,"Black",2019,"2019",80081,52452,"Iroquois County, IL","05000US17075","iroquois-county-il"
2,"Black",2019,"2019",22181,2332,"Jackson County, IL","05000US17077","jackson-county-il"
2,"Black",2019,"2019",31483,8001,"Jefferson County, IL","05000US17081","jefferson-county-il"
2,"Black",2019,"2019",23214,5147,"Jo Daviess County, IL","05000US17085","jo-daviess-county-il"
2,"Black",2019,"2019",43750,4471,"Johnson County, IL","05000US17087","johnson-county-il"
2,"Black",2019,"2019",45445,3405.0000000000005,"Kane County, IL","05000US17089","kane-county-il"
2,"Black",2019,"2019",30382,3053,"Kankakee County, IL","05000US17091","kankakee-county-il"
2,"Black",2019,"2019",89590,18317,"Kendall County, IL","05000US17093","kendall-county-il"
2,"Black",2019,"2019",14767,4701,"Knox County, IL","05000US17095","knox-county-il"
2,"Black",2019,"2019",46973,4410,"Lake County, IL","05000US17097","lake-county-il"
2,"Black",2019,"2019",27000,12476,"LaSalle County, IL","05000US17099","lasalle-county-il"
2,"Black",2019,"2019",35060,6974,"Lawrence County, IL","05000US17101","lawrence-county-il"
2,"Black",2019,"2019",19250,17669,"Livingston County, IL","05000US17105","livingston-county-il"
2,"Black",2019,"2019",31932,17640,"Logan County, IL","05000US17107","logan-county-il"
2,"Black",2019,"2019",69754,19737,"McHenry County, IL","05000US17111","mchenry-county-il"
2,"Black",2019,"2019",30591,8039.000000000001,"McLean County, IL","05000US17113","mclean-county-il"
2,"Black",2019,"2019",25846,3017,"Macon County, IL","05000US17115","macon-county-il"
2,"Black",2019,"2019",29901,3344,"Madison County, IL","05000US17119","madison-county-il"
2,"Black",2019,"2019",31094,14964,"Marion County, IL","05000US17121","marion-county-il"
2,"Black",2019,"2019",43750,5653,"Mason County, IL","05000US17125","mason-county-il"
2,"Black",2019,"2019",46058,17482,"Massac County, IL","05000US17127","massac-county-il"
2,"Black",2019,"2019",23750,12046,"Morgan County, IL","05000US17137","morgan-county-il"
2,"Black",2019,"2019",42619,28606.000000000004,"Ogle County, IL","05000US17141","ogle-county-il"
2,"Black",2019,"2019",27859,3542,"Peoria County, IL","05000US17143","peoria-county-il"
2,"Black",2019,"2019",35263,24004,"Perry County, IL","05000US17145","perry-county-il"
2,"Black",2019,"2019",24875,2736,"Pulaski County, IL","05000US17153","pulaski-county-il"
2,"Black",2019,"2019",28782,18030,"Randolph County, IL","05000US17157","randolph-county-il"
2,"Black",2019,"2019",34905,5739,"Rock Island County, IL","05000US17161","rock-island-county-il"
2,"Black",2019,"2019",31261,2073,"St. Clair County, IL","05000US17163","st-clair-county-il"
2,"Black",2019,"2019",19250,19197,"Saline County, IL","05000US17165","saline-county-il"
2,"Black",2019,"2019",27003,2234,"Sangamon County, IL","05000US17167","sangamon-county-il"
2,"Black",2019,"2019",47500,16312.999999999998,"Schuyler County, IL","05000US17169","schuyler-county-il"
2,"Black",2019,"2019",29162,8301,"Stephenson County, IL","05000US17177","stephenson-county-il"
2,"Black",2019,"2019",27633,16097,"Tazewell County, IL","05000US17179","tazewell-county-il"
2,"Black",2019,"2019",26039,5377,"Vermilion County, IL","05000US17183","vermilion-county-il"
2,"Black",2019,"2019",35551,9651,"Whiteside County, IL","05000US17195","whiteside-county-il"
2,"Black",2019,"2019",60321,2507,"Will County, IL","05000US17197","will-county-il"
2,"Black",2019,"2019",33750,18181,"Williamson County, IL","05000US17199","williamson-county-il"
2,"Black",2019,"2019",31064,1428,"Winnebago County, IL","05000US17201","winnebago-county-il"
3,"Native American",2019,"2019",31607,17016,"Adams County, IL","05000US17001","adams-county-il"
3,"Native American",2019,"2019",47750,2868,"Bond County, IL","05000US17005","bond-county-il"
3,"Native American",2019,"2019",98864,61870.99999999999,"Bureau County, IL","05000US17011","bureau-county-il"
3,"Native American",2019,"2019",26503,12325,"Christian County, IL","05000US17021","christian-county-il"
3,"Native American",2019,"2019",44317,8871,"Cook County, IL","05000US17031","cook-county-il"
3,"Native American",2019,"2019",105500,55043.99999999999,"DeKalb County, IL","05000US17037","dekalb-county-il"
3,"Native American",2019,"2019",26563,3433,"Douglas County, IL","05000US17041","douglas-county-il"
3,"Native American",2019,"2019",73750,28527.999999999996,"DuPage County, IL","05000US17043","dupage-county-il"
3,"Native American",2019,"2019",80500,7822.000000000001,"Effingham County, IL","05000US17049","effingham-county-il"
3,"Native American",2019,"2019",60726,45251,"Franklin County, IL","05000US17055","franklin-county-il"
3,"Native American",2019,"2019",23681,1481,"Henry County, IL","05000US17073","henry-county-il"
3,"Native American",2019,"2019",2499,,"Jackson County, IL","05000US17077","jackson-county-il"
3,"Native American",2019,"2019",44375,37364,"Jefferson County, IL","05000US17081","jefferson-county-il"
3,"Native American",2019,"2019",70750,62685.00000000001,"Jo Daviess County, IL","05000US17085","jo-daviess-county-il"
3,"Native American",2019,"2019",57326,28181,"Kane County, IL","05000US17089","kane-county-il"
3,"Native American",2019,"2019",57344,8996,"Lake County, IL","05000US17097","lake-county-il"
3,"Native American",2019,"2019",19511,5798,"LaSalle County, IL","05000US17099","lasalle-county-il"
3,"Native American",2019,"2019",54250,9205,"Logan County, IL","05000US17107","logan-county-il"
3,"Native American",2019,"2019",70125,61190,"McHenry County, IL","05000US17111","mchenry-county-il"
3,"Native American",2019,"2019",91736,31223,"McLean County, IL","05000US17113","mclean-county-il"
3,"Native American",2019,"2019",29493,2947,"Macon County, IL","05000US17115","macon-county-il"
3,"Native American",2019,"2019",76298,38933,"Madison County, IL","05000US17119","madison-county-il"
3,"Native American",2019,"2019",48836,488,"Ogle County, IL","05000US17141","ogle-county-il"
3,"Native American",2019,"2019",86944,6163,"Peoria County, IL","05000US17143","peoria-county-il"
3,"Native American",2019,"2019",51420,42412,"Randolph County, IL","05000US17157","randolph-county-il"
3,"Native American",2019,"2019",91490,27244,"Sangamon County, IL","05000US17167","sangamon-county-il"
3,"Native American",2019,"2019",62656,2052,"Union County, IL","05000US17181","union-county-il"
3,"Native American",2019,"2019",21184,760,"Vermilion County, IL","05000US17183","vermilion-county-il"
3,"Native American",2019,"2019",42841,25081,"Whiteside County, IL","05000US17195","whiteside-county-il"
3,"Native American",2019,"2019",78971,24070,"Will County, IL","05000US17197","will-county-il"
3,"Native American",2019,"2019",89167,52726,"Williamson County, IL","05000US17199","williamson-county-il"
4,"Asian",2019,"2019",37440,2428,"Bureau County, IL","05000US17011","bureau-county-il"
4,"Asian",2019,"2019",27273,4167,"Champaign County, IL","05000US17019","champaign-county-il"
4,"Asian",2019,"2019",97396,51463,"Clinton County, IL","05000US17027","clinton-county-il"
4,"Asian",2019,"2019",37176,18847,"Coles County, IL","05000US17029","coles-county-il"
4,"Asian",2019,"2019",81503,1241,"Cook County, IL","05000US17031","cook-county-il"
4,"Asian",2019,"2019",22310,16772,"DeKalb County, IL","05000US17037","dekalb-county-il"
4,"Asian",2019,"2019",65435,31118.000000000004,"Douglas County, IL","05000US17041","douglas-county-il"
4,"Asian",2019,"2019",111124,2896,"DuPage County, IL","05000US17043","dupage-county-il"
4,"Asian",2019,"2019",87900,41558,"Effingham County, IL","05000US17049","effingham-county-il"
4,"Asian",2019,"2019",59375,40941,"Fayette County, IL","05000US17051","fayette-county-il"
4,"Asian",2019,"2019",123480,49861,"Grundy County, IL","05000US17063","grundy-county-il"
4,"Asian",2019,"2019",73750,60046.00000000001,"Hancock County, IL","05000US17067","hancock-county-il"
4,"Asian",2019,"2019",141500,133395,"Henry County, IL","05000US17073","henry-county-il"
4,"Asian",2019,"2019",22098,20525,"Jackson County, IL","05000US17077","jackson-county-il"
4,"Asian",2019,"2019",61974,20169,"Jo Daviess County, IL","05000US17085","jo-daviess-county-il"
4,"Asian",2019,"2019",103293,13103,"Kane County, IL","05000US17089","kane-county-il"
4,"Asian",2019,"2019",106250,27301.000000000004,"Kankakee County, IL","05000US17091","kankakee-county-il"
4,"Asian",2019,"2019",103015,25273,"Kendall County, IL","05000US17093","kendall-county-il"
4,"Asian",2019,"2019",117734,90749,"Knox County, IL","05000US17095","knox-county-il"
4,"Asian",2019,"2019",120041,5460,"Lake County, IL","05000US17097","lake-county-il"
4,"Asian",2019,"2019",60625,22066,"LaSalle County, IL","05000US17099","lasalle-county-il"
4,"Asian",2019,"2019",52250,20130,"Logan County, IL","05000US17107","logan-county-il"
4,"Asian",2019,"2019",63472,37473,"McDonough County, IL","05000US17109","mcdonough-county-il"
4,"Asian",2019,"2019",117829,19280,"McHenry County, IL","05000US17111","mchenry-county-il"
4,"Asian",2019,"2019",95350,9644,"McLean County, IL","05000US17113","mclean-county-il"
4,"Asian",2019,"2019",82683,17622,"Macon County, IL","05000US17115","macon-county-il"
4,"Asian",2019,"2019",64000,17499,"Macoupin County, IL","05000US17117","macoupin-county-il"
4,"Asian",2019,"2019",58393,37158,"Madison County, IL","05000US17119","madison-county-il"
4,"Asian",2019,"2019",48413,40931,"Marion County, IL","05000US17121","marion-county-il"
4,"Asian",2019,"2019",70313,45145,"Mercer County, IL","05000US17131","mercer-county-il"
4,"Asian",2019,"2019",41200,11274,"Monroe County, IL","05000US17133","monroe-county-il"
4,"Asian",2019,"2019",95769,72333,"Montgomery County, IL","05000US17135","montgomery-county-il"
4,"Asian",2019,"2019",55125,13650.999999999998,"Ogle County, IL","05000US17141","ogle-county-il"
4,"Asian",2019,"2019",99792,10394,"Peoria County, IL","05000US17143","peoria-county-il"
4,"Asian",2019,"2019",61806,35192,"Richland County, IL","05000US17159","richland-county-il"
4,"Asian",2019,"2019",69100,9273,"Rock Island County, IL","05000US17161","rock-island-county-il"
4,"Asian",2019,"2019",80804,12597,"St. Clair County, IL","05000US17163","st-clair-county-il"
4,"Asian",2019,"2019",53875,33740,"Saline County, IL","05000US17165","saline-county-il"
4,"Asian",2019,"2019",77630,13807,"Sangamon County, IL","05000US17167","sangamon-county-il"
4,"Asian",2019,"2019",70441,16847,"Tazewell County, IL","05000US17179","tazewell-county-il"
4,"Asian",2019,"2019",16641,11097,"Union County, IL","05000US17181","union-county-il"
4,"Asian",2019,"2019",54609,23148,"Vermilion County, IL","05000US17183","vermilion-county-il"
4,"Asian",2019,"2019",48167,12333,"Warren County, IL","05000US17187","warren-county-il"
4,"Asian",2019,"2019",61328,17299,"Whiteside County, IL","05000US17195","whiteside-county-il"
4,"Asian",2019,"2019",125129,6391,"Will County, IL","05000US17197","will-county-il"
4,"Asian",2019,"2019",79796,19074,"Winnebago County, IL","05000US17201","winnebago-county-il"
4,"Asian",2019,"2019",103214,95043,"Woodford County, IL","05000US17203","woodford-county-il"
5,"Pacific Islander",2019,"2019",46250,17228,"Kane County, IL","05000US17089","kane-county-il"
5,"Pacific Islander",2019,"2019",41250,22039,"Madison County, IL","05000US17119","madison-county-il"
5,"Pacific Islander",2019,"2019",154135,8197,"Sangamon County, IL","05000US17167","sangamon-county-il"
5,"Pacific Islander",2019,"2019",39091,33721,"Will County, IL","05000US17197","will-county-il"
6,"Other",2019,"2019",65257,28906.000000000004,"Boone County, IL","05000US17007","boone-county-il"
6,"Other",2019,"2019",55852,8097,"Bureau County, IL","05000US17011","bureau-county-il"
6,"Other",2019,"2019",51042,35803,"Cass County, IL","05000US17017","cass-county-il"
6,"Other",2019,"2019",52500,11193,"Champaign County, IL","05000US17019","champaign-county-il"
6,"Other",2019,"2019",36833,29245.000000000004,"Clinton County, IL","05000US17027","clinton-county-il"
6,"Other",2019,"2019",33352,28582,"Coles County, IL","05000US17029","coles-county-il"
6,"Other",2019,"2019",51693,1098,"Cook County, IL","05000US17031","cook-county-il"
6,"Other",2019,"2019",65044,17903,"DeKalb County, IL","05000US17037","dekalb-county-il"
6,"Other",2019,"2019",34087,4550,"De Witt County, IL","05000US17039","de-witt-county-il"
6,"Other",2019,"2019",54167,28248.000000000004,"Douglas County, IL","05000US17041","douglas-county-il"
6,"Other",2019,"2019",60322,5101,"DuPage County, IL","05000US17043","dupage-county-il"
6,"Other",2019,"2019",36691,10902,"Effingham County, IL","05000US17049","effingham-county-il"
6,"Other",2019,"2019",45694,19390,"Grundy County, IL","05000US17063","grundy-county-il"
6,"Other",2019,"2019",24079,11438,"Henry County, IL","05000US17073","henry-county-il"
6,"Other",2019,"2019",42222,16167,"Iroquois County, IL","05000US17075","iroquois-county-il"
6,"Other",2019,"2019",22092,8199,"Jackson County, IL","05000US17077","jackson-county-il"
6,"Other",2019,"2019",2499,,"Jo Daviess County, IL","05000US17085","jo-daviess-county-il"
6,"Other",2019,"2019",54929,2944,"Kane County, IL","05000US17089","kane-county-il"
6,"Other",2019,"2019",41979,8778,"Kankakee County, IL","05000US17091","kankakee-county-il"
6,"Other",2019,"2019",64156,10090,"Kendall County, IL","05000US17093","kendall-county-il"
6,"Other",2019,"2019",27383,17622,"Knox County, IL","05000US17095","knox-county-il"
6,"Other",2019,"2019",57279,2932,"Lake County, IL","05000US17097","lake-county-il"
6,"Other",2019,"2019",47321,9176,"LaSalle County, IL","05000US17099","lasalle-county-il"
6,"Other",2019,"2019",26364,19928,"Lee County, IL","05000US17103","lee-county-il"
6,"Other",2019,"2019",30481,21586,"Livingston County, IL","05000US17105","livingston-county-il"
6,"Other",2019,"2019",11313,3670,"McDonough County, IL","05000US17109","mcdonough-county-il"
6,"Other",2019,"2019",62833,14672.999999999998,"McHenry County, IL","05000US17111","mchenry-county-il"
6,"Other",2019,"2019",70417,29076.999999999996,"Macon County, IL","05000US17115","macon-county-il"
6,"Other",2019,"2019",30288,15803,"Macoupin County, IL","05000US17117","macoupin-county-il"
6,"Other",2019,"2019",37059,13822,"Madison County, IL","05000US17119","madison-county-il"
6,"Other",2019,"2019",44911,4837,"Ogle County, IL","05000US17141","ogle-county-il"
6,"Other",2019,"2019",46625,7497,"Peoria County, IL","05000US17143","peoria-county-il"
6,"Other",2019,"2019",36688,11883,"Putnam County, IL","05000US17155","putnam-county-il"
6,"Other",2019,"2019",45441,27909.999999999996,"Randolph County, IL","05000US17157","randolph-county-il"
6,"Other",2019,"2019",48750,9970,"Rock Island County, IL","05000US17161","rock-island-county-il"
6,"Other",2019,"2019",48350,42445,"St. Clair County, IL","05000US17163","st-clair-county-il"
6,"Other",2019,"2019",41176,946.0000000000001,"Saline County, IL","05000US17165","saline-county-il"
6,"Other",2019,"2019",59911,13571.000000000002,"Sangamon County, IL","05000US17167","sangamon-county-il"
6,"Other",2019,"2019",70625,24246,"Tazewell County, IL","05000US17179","tazewell-county-il"
6,"Other",2019,"2019",30781,23464,"Union County, IL","05000US17181","union-county-il"
6,"Other",2019,"2019",86406,59758,"Vermilion County, IL","05000US17183","vermilion-county-il"
6,"Other",2019,"2019",41430,1351,"Warren County, IL","05000US17187","warren-county-il"
6,"Other",2019,"2019",50919,4568,"Whiteside County, IL","05000US17195","whiteside-county-il"
6,"Other",2019,"2019",61823,4375,"Will County, IL","05000US17197","will-county-il"
6,"Other",2019,"2019",44674,2658,"Winnebago County, IL","05000US17201","winnebago-county-il"
7,"Two Or More",2019,"2019",44250,17989,"Adams County, IL","05000US17001","adams-county-il"
7,"Two Or More",2019,"2019",113750,69904,"Boone County, IL","05000US17007","boone-county-il"
7,"Two Or More",2019,"2019",71103,15794.000000000002,"Bureau County, IL","05000US17011","bureau-county-il"
7,"Two Or More",2019,"2019",81250,22146,"Carroll County, IL","05000US17015","carroll-county-il"
7,"Two Or More",2019,"2019",42941,9966,"Champaign County, IL","05000US17019","champaign-county-il"
7,"Two Or More",2019,"2019",58412,16968,"Clay County, IL","05000US17025","clay-county-il"
7,"Two Or More",2019,"2019",64149,1676,"Cook County, IL","05000US17031","cook-county-il"
7,"Two Or More",2019,"2019",51131,19085,"Crawford County, IL","05000US17033","crawford-county-il"
7,"Two Or More",2019,"2019",46189,9338,"DeKalb County, IL","05000US17037","dekalb-county-il"
7,"Two Or More",2019,"2019",31786,25997,"De Witt County, IL","05000US17039","de-witt-county-il"
7,"Two Or More",2019,"2019",71952,8674,"DuPage County, IL","05000US17043","dupage-county-il"
7,"Two Or More",2019,"2019",13594,860.0000000000001,"Edwards County, IL","05000US17047","edwards-county-il"
7,"Two Or More",2019,"2019",34076,16156,"Effingham County, IL","05000US17049","effingham-county-il"
7,"Two Or More",2019,"2019",41528,11240,"Ford County, IL","05000US17053","ford-county-il"
7,"Two Or More",2019,"2019",28125,7236,"Franklin County, IL","05000US17055","franklin-county-il"
7,"Two Or More",2019,"2019",82679,11390,"Gallatin County, IL","05000US17059","gallatin-county-il"
7,"Two Or More",2019,"2019",58500,10104,"Grundy County, IL","05000US17063","grundy-county-il"
7,"Two Or More",2019,"2019",38929,7283,"Henderson County, IL","05000US17071","henderson-county-il"
7,"Two Or More",2019,"2019",55469,30883,"Iroquois County, IL","05000US17075","iroquois-county-il"
7,"Two Or More",2019,"2019",28319,8408,"Jackson County, IL","05000US17077","jackson-county-il"
7,"Two Or More",2019,"2019",36146,9371,"Jasper County, IL","05000US17079","jasper-county-il"
7,"Two Or More",2019,"2019",26029,13520,"Jefferson County, IL","05000US17081","jefferson-county-il"
7,"Two Or More",2019,"2019",70852,28307.000000000004,"Jersey County, IL","05000US17083","jersey-county-il"
7,"Two Or More",2019,"2019",65978,8418,"Kane County, IL","05000US17089","kane-county-il"
7,"Two Or More",2019,"2019",58839,15646,"Kankakee County, IL","05000US17091","kankakee-county-il"
7,"Two Or More",2019,"2019",100313,25488,"Kendall County, IL","05000US17093","kendall-county-il"
7,"Two Or More",2019,"2019",35114,10757,"Knox County, IL","05000US17095","knox-county-il"
7,"Two Or More",2019,"2019",73767,6984.999999999999,"Lake County, IL","05000US17097","lake-county-il"
7,"Two Or More",2019,"2019",26964,19768,"LaSalle County, IL","05000US17099","lasalle-county-il"
7,"Two Or More",2019,"2019",38165,2765,"Lawrence County, IL","05000US17101","lawrence-county-il"
7,"Two Or More",2019,"2019",72905,44236,"Lee County, IL","05000US17103","lee-county-il"
7,"Two Or More",2019,"2019",27350,7782.000000000001,"Livingston County, IL","05000US17105","livingston-county-il"
7,"Two Or More",2019,"2019",31169,7891,"Logan County, IL","05000US17107","logan-county-il"
7,"Two Or More",2019,"2019",70429,16351,"McHenry County, IL","05000US17111","mchenry-county-il"
7,"Two Or More",2019,"2019",47755,5714,"McLean County, IL","05000US17113","mclean-county-il"
7,"Two Or More",2019,"2019",37925,11002,"Macon County, IL","05000US17115","macon-county-il"
7,"Two Or More",2019,"2019",32216,6865.000000000001,"Macoupin County, IL","05000US17117","macoupin-county-il"
7,"Two Or More",2019,"2019",51042,10418,"Madison County, IL","05000US17119","madison-county-il"
7,"Two Or More",2019,"2019",41250,20661,"Marion County, IL","05000US17121","marion-county-il"
7,"Two Or More",2019,"2019",42500,11082,"Marshall County, IL","05000US17123","marshall-county-il"
7,"Two Or More",2019,"2019",35820,9430,"Mason County, IL","05000US17125","mason-county-il"
7,"Two Or More",2019,"2019",78333,7493.000000000001,"Massac County, IL","05000US17127","massac-county-il"
7,"Two Or More",2019,"2019",65129,57077,"Menard County, IL","05000US17129","menard-county-il"
7,"Two Or More",2019,"2019",76389,22402,"Mercer County, IL","05000US17131","mercer-county-il"
7,"Two Or More",2019,"2019",111250,20742,"Monroe County, IL","05000US17133","monroe-county-il"
7,"Two Or More",2019,"2019",59120,11396,"Morgan County, IL","05000US17137","morgan-county-il"
7,"Two Or More",2019,"2019",48438,44938,"Ogle County, IL","05000US17141","ogle-county-il"
7,"Two Or More",2019,"2019",43925,6885.000000000001,"Peoria County, IL","05000US17143","peoria-county-il"
7,"Two Or More",2019,"2019",46250,21438,"Piatt County, IL","05000US17147","piatt-county-il"
7,"Two Or More",2019,"2019",34000,26914,"Pike County, IL","05000US17149","pike-county-il"
7,"Two Or More",2019,"2019",44375,33079,"Pulaski County, IL","05000US17153","pulaski-county-il"
7,"Two Or More",2019,"2019",21077,4689,"Randolph County, IL","05000US17157","randolph-county-il"
7,"Two Or More",2019,"2019",50034,11234,"Rock Island County, IL","05000US17161","rock-island-county-il"
7,"Two Or More",2019,"2019",65365,12056,"St. Clair County, IL","05000US17163","st-clair-county-il"
7,"Two Or More",2019,"2019",33712,2662,"Saline County, IL","05000US17165","saline-county-il"
7,"Two Or More",2019,"2019",35224,12742,"Sangamon County, IL","05000US17167","sangamon-county-il"
7,"Two Or More",2019,"2019",31250,19947,"Stark County, IL","05000US17175","stark-county-il"
7,"Two Or More",2019,"2019",29107,15447,"Stephenson County, IL","05000US17177","stephenson-county-il"
7,"Two Or More",2019,"2019",46489,6100,"Tazewell County, IL","05000US17179","tazewell-county-il"
7,"Two Or More",2019,"2019",46488,18794,"Union County, IL","05000US17181","union-county-il"
7,"Two Or More",2019,"2019",38906,14802.000000000002,"Vermilion County, IL","05000US17183","vermilion-county-il"
7,"Two Or More",2019,"2019",24107,19756,"Washington County, IL","05000US17189","washington-county-il"
7,"Two Or More",2019,"2019",70284,52408,"Wayne County, IL","05000US17191","wayne-county-il"
7,"Two Or More",2019,"2019",68889,37411,"Whiteside County, IL","05000US17195","whiteside-county-il"
7,"Two Or More",2019,"2019",66329,9007,"Will County, IL","05000US17197","will-county-il"
7,"Two Or More",2019,"2019",18333,4641,"Williamson County, IL","05000US17199","williamson-county-il"
7,"Two Or More",2019,"2019",43402,6540,"Winnebago County, IL","05000US17201","winnebago-county-il"
7,"Two Or More",2019,"2019",41176,26571,"Woodford County, IL","05000US17203","woodford-county-il"
8,"White Non-Hispanic",2019,"2019",54553,1807,"Adams County, IL","05000US17001","adams-county-il"
8,"White Non-Hispanic",2019,"2019",40967,3803,"Alexander County, IL","05000US17003","alexander-county-il"
8,"White Non-Hispanic",2019,"2019",58290,5412,"Bond County, IL","05000US17005","bond-county-il"
8,"White Non-Hispanic",2019,"2019",71014,3519.9999999999995,"Boone County, IL","05000US17007","boone-county-il"
8,"White Non-Hispanic",2019,"2019",62417,2201,"Brown County, IL","05000US17009","brown-county-il"
8,"White Non-Hispanic",2019,"2019",57844,2434,"Bureau County, IL","05000US17011","bureau-county-il"
8,"White Non-Hispanic",2019,"2019",63079,6583,"Calhoun County, IL","05000US17013","calhoun-county-il"
8,"White Non-Hispanic",2019,"2019",53018,2768,"Carroll County, IL","05000US17015","carroll-county-il"
8,"White Non-Hispanic",2019,"2019",54748,4020.9999999999995,"Cass County, IL","05000US17017","cass-county-il"
8,"White Non-Hispanic",2019,"2019",60886,1973.0000000000002,"Champaign County, IL","05000US17019","champaign-county-il"
8,"White Non-Hispanic",2019,"2019",53389,1840,"Christian County, IL","05000US17021","christian-county-il"
8,"White Non-Hispanic",2019,"2019",56543,3202,"Clark County, IL","05000US17023","clark-county-il"
8,"White Non-Hispanic",2019,"2019",48436,2043,"Clay County, IL","05000US17025","clay-county-il"
8,"White Non-Hispanic",2019,"2019",66925,2777,"Clinton County, IL","05000US17027","clinton-county-il"
8,"White Non-Hispanic",2019,"2019",48055,2133,"Coles County, IL","05000US17029","coles-county-il"
8,"White Non-Hispanic",2019,"2019",84545,655,"Cook County, IL","05000US17031","cook-county-il"
8,"White Non-Hispanic",2019,"2019",49212,2743,"Crawford County, IL","05000US17033","crawford-county-il"
8,"White Non-Hispanic",2019,"2019",56140,6176,"Cumberland County, IL","05000US17035","cumberland-county-il"
8,"White Non-Hispanic",2019,"2019",67578,1942,"DeKalb County, IL","05000US17037","dekalb-county-il"
8,"White Non-Hispanic",2019,"2019",56543,3972.0000000000005,"De Witt County, IL","05000US17039","de-witt-county-il"
8,"White Non-Hispanic",2019,"2019",57337,3352,"Douglas County, IL","05000US17041","douglas-county-il"
8,"White Non-Hispanic",2019,"2019",97391,1097,"DuPage County, IL","05000US17043","dupage-county-il"
8,"White Non-Hispanic",2019,"2019",53425,4033,"Edgar County, IL","05000US17045","edgar-county-il"
8,"White Non-Hispanic",2019,"2019",51326,3006,"Edwards County, IL","05000US17047","edwards-county-il"
8,"White Non-Hispanic",2019,"2019",57441,2976,"Effingham County, IL","05000US17049","effingham-county-il"
8,"White Non-Hispanic",2019,"2019",46306,2694,"Fayette County, IL","05000US17051","fayette-county-il"
8,"White Non-Hispanic",2019,"2019",52761,2867,"Ford County, IL","05000US17053","ford-county-il"
8,"White Non-Hispanic",2019,"2019",43030,1676,"Franklin County, IL","05000US17055","franklin-county-il"
8,"White Non-Hispanic",2019,"2019",52088,1883,"Fulton County, IL","05000US17057","fulton-county-il"
8,"White Non-Hispanic",2019,"2019",44293,3786,"Gallatin County, IL","05000US17059","gallatin-county-il"
8,"White Non-Hispanic",2019,"2019",50021,2869,"Greene County, IL","05000US17061","greene-county-il"
8,"White Non-Hispanic",2019,"2019",77592,2743,"Grundy County, IL","05000US17063","grundy-county-il"
8,"White Non-Hispanic",2019,"2019",53947,2897,"Hamilton County, IL","05000US17065","hamilton-county-il"
8,"White Non-Hispanic",2019,"2019",52799,1962,"Hancock County, IL","05000US17067","hancock-county-il"
8,"White Non-Hispanic",2019,"2019",51384,8004.000000000001,"Hardin County, IL","05000US17069","hardin-county-il"
8,"White Non-Hispanic",2019,"2019",54036,2314,"Henderson County, IL","05000US17071","henderson-county-il"
8,"White Non-Hispanic",2019,"2019",60907,2157,"Henry County, IL","05000US17073","henry-county-il"
8,"White Non-Hispanic",2019,"2019",53075,2755,"Iroquois County, IL","05000US17075","iroquois-county-il"
8,"White Non-Hispanic",2019,"2019",42804,1986.0000000000002,"Jackson County, IL","05000US17077","jackson-county-il"
8,"White Non-Hispanic",2019,"2019",54873,4448,"Jasper County, IL","05000US17079","jasper-county-il"
8,"White Non-Hispanic",2019,"2019",50909,2227,"Jefferson County, IL","05000US17081","jefferson-county-il"
8,"White Non-Hispanic",2019,"2019",63393,3873,"Jersey County, IL","05000US17083","jersey-county-il"
8,"White Non-Hispanic",2019,"2019",58064,1963.0000000000002,"Jo Daviess County, IL","05000US17085","jo-daviess-county-il"
8,"White Non-Hispanic",2019,"2019",52879,3035,"Johnson County, IL","05000US17087","johnson-county-il"
8,"White Non-Hispanic",2019,"2019",93129,1900,"Kane County, IL","05000US17089","kane-county-il"
8,"White Non-Hispanic",2019,"2019",66135,2393,"Kankakee County, IL","05000US17091","kankakee-county-il"
8,"White Non-Hispanic",2019,"2019",99913,5347,"Kendall County, IL","05000US17093","kendall-county-il"
8,"White Non-Hispanic",2019,"2019",46432,1916.9999999999998,"Knox County, IL","05000US17095","knox-county-il"
8,"White Non-Hispanic",2019,"2019",101179,1621,"Lake County, IL","05000US17097","lake-county-il"
8,"White Non-Hispanic",2019,"2019",59716,1591,"LaSalle County, IL","05000US17099","lasalle-county-il"
8,"White Non-Hispanic",2019,"2019",49588,4274,"Lawrence County, IL","05000US17101","lawrence-county-il"
8,"White Non-Hispanic",2019,"2019",58704,3400.0000000000005,"Lee County, IL","05000US17103","lee-county-il"
8,"White Non-Hispanic",2019,"2019",57640,2716,"Livingston County, IL","05000US17105","livingston-county-il"
8,"White Non-Hispanic",2019,"2019",57693,2862,"Logan County, IL","05000US17107","logan-county-il"
8,"White Non-Hispanic",2019,"2019",44777,2792,"McDonough County, IL","05000US17109","mcdonough-county-il"
8,"White Non-Hispanic",2019,"2019",89759,1747,"McHenry County, IL","05000US17111","mchenry-county-il"
8,"White Non-Hispanic",2019,"2019",71170,1928,"McLean County, IL","05000US17113","mclean-county-il"
8,"White Non-Hispanic",2019,"2019",55031,1835,"Macon County, IL","05000US17115","macon-county-il"
8,"White Non-Hispanic",2019,"2019",55759,3172,"Macoupin County, IL","05000US17117","macoupin-county-il"
8,"White Non-Hispanic",2019,"2019",64622,1451,"Madison County, IL","05000US17119","madison-county-il"
8,"White Non-Hispanic",2019,"2019",48122,1594,"Marion County, IL","05000US17121","marion-county-il"
8,"White Non-Hispanic",2019,"2019",58859,2721,"Marshall County, IL","05000US17123","marshall-county-il"
8,"White Non-Hispanic",2019,"2019",49534,2987,"Mason County, IL","05000US17125","mason-county-il"
8,"White Non-Hispanic",2019,"2019",48542,3711,"Massac County, IL","05000US17127","massac-county-il"
8,"White Non-Hispanic",2019,"2019",76021,5170,"Menard County, IL","05000US17129","menard-county-il"
8,"White Non-Hispanic",2019,"2019",59929,2448,"Mercer County, IL","05000US17131","mercer-county-il"
8,"White Non-Hispanic",2019,"2019",85965,4323,"Monroe County, IL","05000US17133","monroe-county-il"
8,"White Non-Hispanic",2019,"2019",52822,2950,"Montgomery County, IL","05000US17135","montgomery-county-il"
8,"White Non-Hispanic",2019,"2019",53228,2482,"Morgan County, IL","05000US17137","morgan-county-il"
8,"White Non-Hispanic",2019,"2019",62191,4054,"Moultrie County, IL","05000US17139","moultrie-county-il"
8,"White Non-Hispanic",2019,"2019",62186,1882.0000000000002,"Ogle County, IL","05000US17141","ogle-county-il"
8,"White Non-Hispanic",2019,"2019",60958,1315,"Peoria County, IL","05000US17143","peoria-county-il"
8,"White Non-Hispanic",2019,"2019",52849,3615,"Perry County, IL","05000US17145","perry-county-il"
8,"White Non-Hispanic",2019,"2019",71093,3081,"Piatt County, IL","05000US17147","piatt-county-il"
8,"White Non-Hispanic",2019,"2019",47909,2911,"Pike County, IL","05000US17149","pike-county-il"
8,"White Non-Hispanic",2019,"2019",38657,7185,"Pope County, IL","05000US17151","pope-county-il"
8,"White Non-Hispanic",2019,"2019",41910,5585,"Pulaski County, IL","05000US17153","pulaski-county-il"
8,"White Non-Hispanic",2019,"2019",63458,3750,"Putnam County, IL","05000US17155","putnam-county-il"
8,"White Non-Hispanic",2019,"2019",55230,2775,"Randolph County, IL","05000US17157","randolph-county-il"
8,"White Non-Hispanic",2019,"2019",49188,2944,"Richland County, IL","05000US17159","richland-county-il"
8,"White Non-Hispanic",2019,"2019",57766,1784,"Rock Island County, IL","05000US17161","rock-island-county-il"
8,"White Non-Hispanic",2019,"2019",67850,1489,"St. Clair County, IL","05000US17163","st-clair-county-il"
8,"White Non-Hispanic",2019,"2019",46113,3325,"Saline County, IL","05000US17165","saline-county-il"
8,"White Non-Hispanic",2019,"2019",66835,1467,"Sangamon County, IL","05000US17167","sangamon-county-il"
8,"White Non-Hispanic",2019,"2019",52841,7412,"Schuyler County, IL","05000US17169","schuyler-county-il"
8,"White Non-Hispanic",2019,"2019",57344,4299,"Scott County, IL","05000US17171","scott-county-il"
8,"White Non-Hispanic",2019,"2019",53169,3114,"Shelby County, IL","05000US17173","shelby-county-il"
8,"White Non-Hispanic",2019,"2019",55145,4639,"Stark County, IL","05000US17175","stark-county-il"
8,"White Non-Hispanic",2019,"2019",52091,1944,"Stephenson County, IL","05000US17177","stephenson-county-il"
8,"White Non-Hispanic",2019,"2019",64070,1440,"Tazewell County, IL","05000US17179","tazewell-county-il"
8,"White Non-Hispanic",2019,"2019",51534,2458,"Union County, IL","05000US17181","union-county-il"
8,"White Non-Hispanic",2019,"2019",50318,2083,"Vermilion County, IL","05000US17183","vermilion-county-il"
8,"White Non-Hispanic",2019,"2019",50417,5121,"Wabash County, IL","05000US17185","wabash-county-il"
8,"White Non-Hispanic",2019,"2019",51679,2718,"Warren County, IL","05000US17187","warren-county-il"
8,"White Non-Hispanic",2019,"2019",61853,3280,"Washington County, IL","05000US17189","washington-county-il"
8,"White Non-Hispanic",2019,"2019",50863,2635,"Wayne County, IL","05000US17191","wayne-county-il"
8,"White Non-Hispanic",2019,"2019",49514,3607.0000000000005,"White County, IL","05000US17193","white-county-il"
8,"White Non-Hispanic",2019,"2019",55054,1895,"Whiteside County, IL","05000US17195","whiteside-county-il"
8,"White Non-Hispanic",2019,"2019",93918,1652,"Will County, IL","05000US17197","will-county-il"
8,"White Non-Hispanic",2019,"2019",51456,1593,"Williamson County, IL","05000US17199","williamson-county-il"
8,"White Non-Hispanic",2019,"2019",61159,1064,"Winnebago County, IL","05000US17201","winnebago-county-il"
8,"White Non-Hispanic",2019,"2019",73166,2773,"Woodford County, IL","05000US17203","woodford-county-il"
9,"Hispanic",2019,"2019",65380,32824,"Adams County, IL","05000US17001","adams-county-il"
9,"Hispanic",2019,"2019",60601,9121,"Boone County, IL","05000US17007","boone-county-il"
9,"Hispanic",2019,"2019",54091,4488,"Bureau County, IL","05000US17011","bureau-county-il"
9,"Hispanic",2019,"2019",43646,3552,"Carroll County, IL","05000US17015","carroll-county-il"
9,"Hispanic",2019,"2019",41205,6824,"Cass County, IL","05000US17017","cass-county-il"
9,"Hispanic",2019,"2019",42578,7462,"Champaign County, IL","05000US17019","champaign-county-il"
9,"Hispanic",2019,"2019",128750,111401,"Christian County, IL","05000US17021","christian-county-il"
9,"Hispanic",2019,"2019",38750,24339,"Clinton County, IL","05000US17027","clinton-county-il"
9,"Hispanic",2019,"2019",35114,6777,"Coles County, IL","05000US17029","coles-county-il"
9,"Hispanic",2019,"2019",53942,673,"Cook County, IL","05000US17031","cook-county-il"
9,"Hispanic",2019,"2019",55949,11950,"DeKalb County, IL","05000US17037","dekalb-county-il"
9,"Hispanic",2019,"2019",34327,25978,"De Witt County, IL","05000US17039","de-witt-county-il"
9,"Hispanic",2019,"2019",37250,22199,"Douglas County, IL","05000US17041","douglas-county-il"
9,"Hispanic",2019,"2019",67858,2460,"DuPage County, IL","05000US17043","dupage-county-il"
9,"Hispanic",2019,"2019",20357,11003,"Edwards County, IL","05000US17047","edwards-county-il"
9,"Hispanic",2019,"2019",36793,8778,"Effingham County, IL","05000US17049","effingham-county-il"
9,"Hispanic",2019,"2019",45278,41849,"Ford County, IL","05000US17053","ford-county-il"
9,"Hispanic",2019,"2019",30625,9894,"Franklin County, IL","05000US17055","franklin-county-il"
9,"Hispanic",2019,"2019",38929,18842,"Fulton County, IL","05000US17057","fulton-county-il"
9,"Hispanic",2019,"2019",74046,25378,"Grundy County, IL","05000US17063","grundy-county-il"
9,"Hispanic",2019,"2019",43625,25907,"Henry County, IL","05000US17073","henry-county-il"
9,"Hispanic",2019,"2019",42036,12912,"Iroquois County, IL","05000US17075","iroquois-county-il"
9,"Hispanic",2019,"2019",28828,9840,"Jackson County, IL","05000US17077","jackson-county-il"
9,"Hispanic",2019,"2019",56815,32793,"Jo Daviess County, IL","05000US17085","jo-daviess-county-il"
9,"Hispanic",2019,"2019",59449,1952,"Kane County, IL","05000US17089","kane-county-il"
9,"Hispanic",2019,"2019",47795,6102,"Kankakee County, IL","05000US17091","kankakee-county-il"
9,"Hispanic",2019,"2019",85365,12663,"Kendall County, IL","05000US17093","kendall-county-il"
9,"Hispanic",2019,"2019",35644,8719,"Knox County, IL","05000US17095","knox-county-il"
9,"Hispanic",2019,"2019",59778,2493,"Lake County, IL","05000US17097","lake-county-il"
9,"Hispanic",2019,"2019",48017,4879,"LaSalle County, IL","05000US17099","lasalle-county-il"
9,"Hispanic",2019,"2019",45694,24748,"Lee County, IL","05000US17103","lee-county-il"
9,"Hispanic",2019,"2019",32019,15025,"Livingston County, IL","05000US17105","livingston-county-il"
9,"Hispanic",2019,"2019",61696,3810.0000000000005,"Logan County, IL","05000US17107","logan-county-il"
9,"Hispanic",2019,"2019",67117,5203,"McHenry County, IL","05000US17111","mchenry-county-il"
9,"Hispanic",2019,"2019",47352,6693,"McLean County, IL","05000US17113","mclean-county-il"
9,"Hispanic",2019,"2019",50200,11505,"Macon County, IL","05000US17115","macon-county-il"
9,"Hispanic",2019,"2019",31955,26351,"Macoupin County, IL","05000US17117","macoupin-county-il"
9,"Hispanic",2019,"2019",42788,9017,"Madison County, IL","05000US17119","madison-county-il"
9,"Hispanic",2019,"2019",56806,26659,"Marshall County, IL","05000US17123","marshall-county-il"
9,"Hispanic",2019,"2019",15513,6182,"Massac County, IL","05000US17127","massac-county-il"
9,"Hispanic",2019,"2019",55357,13919.999999999998,"Mercer County, IL","05000US17131","mercer-county-il"
9,"Hispanic",2019,"2019",48512,2278,"Ogle County, IL","05000US17141","ogle-county-il"
9,"Hispanic",2019,"2019",41202,7971.999999999999,"Peoria County, IL","05000US17143","peoria-county-il"
9,"Hispanic",2019,"2019",88125,54912,"Piatt County, IL","05000US17147","piatt-county-il"
9,"Hispanic",2019,"2019",51250,18001,"Pike County, IL","05000US17149","pike-county-il"
9,"Hispanic",2019,"2019",55417,16524,"Randolph County, IL","05000US17157","randolph-county-il"
9,"Hispanic",2019,"2019",53500,5693,"Rock Island County, IL","05000US17161","rock-island-county-il"
9,"Hispanic",2019,"2019",60380,13463,"St. Clair County, IL","05000US17163","st-clair-county-il"
9,"Hispanic",2019,"2019",53571,49561,"Saline County, IL","05000US17165","saline-county-il"
9,"Hispanic",2019,"2019",56465,4974,"Sangamon County, IL","05000US17167","sangamon-county-il"
9,"Hispanic",2019,"2019",35425,12284,"Stephenson County, IL","05000US17177","stephenson-county-il"
9,"Hispanic",2019,"2019",54432,16332.999999999998,"Tazewell County, IL","05000US17179","tazewell-county-il"
9,"Hispanic",2019,"2019",37708,13026,"Union County, IL","05000US17181","union-county-il"
9,"Hispanic",2019,"2019",40398,7848,"Vermilion County, IL","05000US17183","vermilion-county-il"
9,"Hispanic",2019,"2019",41610,4010.9999999999995,"Warren County, IL","05000US17187","warren-county-il"
9,"Hispanic",2019,"2019",51667,28228.999999999996,"Washington County, IL","05000US17189","washington-county-il"
9,"Hispanic",2019,"2019",34792,16215,"Wayne County, IL","05000US17191","wayne-county-il"
9,"Hispanic",2019,"2019",38274,25515,"White County, IL","05000US17193","white-county-il"
9,"Hispanic",2019,"2019",50560,4914,"Whiteside County, IL","05000US17195","whiteside-county-il"
9,"Hispanic",2019,"2019",71166,2951,"Will County, IL","05000US17197","will-county-il"
9,"Hispanic",2019,"2019",53243,15079,"Williamson County, IL","05000US17199","williamson-county-il"
9,"Hispanic",2019,"2019",43381,2388,"Winnebago County, IL","05000US17201","winnebago-county-il"
9,"Hispanic",2019,"2019",62044,15240.999999999998,"Woodford County, IL","05000US17203","woodford-county-il"
0,"Total",2018,"2018",51398,1583,"Adams County, IL","05000US17001","adams-county-il"
0,"Total",2018,"2018",34709,3017,"Alexander County, IL","05000US17003","alexander-county-il"
0,"Total",2018,"2018",58097,5803,"Bond County, IL","05000US17005","bond-county-il"
0,"Total",2018,"2018",66898,4955,"Boone County, IL","05000US17007","boone-county-il"
0,"Total",2018,"2018",58762,2302,"Brown County, IL","05000US17009","brown-county-il"
0,"Total",2018,"2018",55940,2114,"Bureau County, IL","05000US17011","bureau-county-il"
0,"Total",2018,"2018",54392,6158,"Calhoun County, IL","05000US17013","calhoun-county-il"
0,"Total",2018,"2018",51228,3421,"Carroll County, IL","05000US17015","carroll-county-il"
0,"Total",2018,"2018",51997,2526,"Cass County, IL","05000US17017","cass-county-il"
0,"Total",2018,"2018",51692,1225,"Champaign County, IL","05000US17019","champaign-county-il"
0,"Total",2018,"2018",52415,2072,"Christian County, IL","05000US17021","christian-county-il"
0,"Total",2018,"2018",54158,3644,"Clark County, IL","05000US17023","clark-county-il"
0,"Total",2018,"2018",48691,3604,"Clay County, IL","05000US17025","clay-county-il"
0,"Total",2018,"2018",65010,3226,"Clinton County, IL","05000US17027","clinton-county-il"
0,"Total",2018,"2018",44071,3008,"Coles County, IL","05000US17029","coles-county-il"
0,"Total",2018,"2018",62088,368,"Cook County, IL","05000US17031","cook-county-il"
0,"Total",2018,"2018",49233,2101,"Crawford County, IL","05000US17033","crawford-county-il"
0,"Total",2018,"2018",53376,3402,"Cumberland County, IL","05000US17035","cumberland-county-il"
0,"Total",2018,"2018",61086,1996.0000000000002,"DeKalb County, IL","05000US17037","dekalb-county-il"
0,"Total",2018,"2018",55591,4243,"De Witt County, IL","05000US17039","de-witt-county-il"
0,"Total",2018,"2018",54218,1737,"Douglas County, IL","05000US17041","douglas-county-il"
0,"Total",2018,"2018",88711,938,"DuPage County, IL","05000US17043","dupage-county-il"
0,"Total",2018,"2018",51109,4048,"Edgar County, IL","05000US17045","edgar-county-il"
0,"Total",2018,"2018",49766,2324,"Edwards County, IL","05000US17047","edwards-county-il"
0,"Total",2018,"2018",56293,3135,"Effingham County, IL","05000US17049","effingham-county-il"
0,"Total",2018,"2018",44432,2826,"Fayette County, IL","05000US17051","fayette-county-il"
0,"Total",2018,"2018",51120,2513,"Ford County, IL","05000US17053","ford-county-il"
0,"Total",2018,"2018",41414,1698,"Franklin County, IL","05000US17055","franklin-county-il"
0,"Total",2018,"2018",50180,2198,"Fulton County, IL","05000US17057","fulton-county-il"
0,"Total",2018,"2018",42500,3799.0000000000005,"Gallatin County, IL","05000US17059","gallatin-county-il"
0,"Total",2018,"2018",46052,2385,"Greene County, IL","05000US17061","greene-county-il"
0,"Total",2018,"2018",74140,2712,"Grundy County, IL","05000US17063","grundy-county-il"
0,"Total",2018,"2018",56862,4069,"Hamilton County, IL","05000US17065","hamilton-county-il"
0,"Total",2018,"2018",51549,2030,"Hancock County, IL","05000US17067","hancock-county-il"
0,"Total",2018,"2018",43081,6298,"Hardin County, IL","05000US17069","hardin-county-il"
0,"Total",2018,"2018",52712,3262,"Henderson County, IL","05000US17071","henderson-county-il"
0,"Total",2018,"2018",57250,2395,"Henry County, IL","05000US17073","henry-county-il"
0,"Total",2018,"2018",51825,2670,"Iroquois County, IL","05000US17075","iroquois-county-il"
0,"Total",2018,"2018",37802,2222,"Jackson County, IL","05000US17077","jackson-county-il"
0,"Total",2018,"2018",54951,3463.9999999999995,"Jasper County, IL","05000US17079","jasper-county-il"
0,"Total",2018,"2018",47617,2804,"Jefferson County, IL","05000US17081","jefferson-county-il"
0,"Total",2018,"2018",56747,3387.9999999999995,"Jersey County, IL","05000US17083","jersey-county-il"
0,"Total",2018,"2018",57083,2289,"Jo Daviess County, IL","05000US17085","jo-daviess-county-il"
0,"Total",2018,"2018",50923,3303,"Johnson County, IL","05000US17087","johnson-county-il"
0,"Total",2018,"2018",76912,1214,"Kane County, IL","05000US17089","kane-county-il"
0,"Total",2018,"2018",57981,1451,"Kankakee County, IL","05000US17091","kankakee-county-il"
0,"Total",2018,"2018",91764,3050,"Kendall County, IL","05000US17093","kendall-county-il"
0,"Total",2018,"2018",43709,1897.0000000000002,"Knox County, IL","05000US17095","knox-county-il"
0,"Total",2018,"2018",86244,1199,"Lake County, IL","05000US17097","lake-county-il"
0,"Total",2018,"2018",56243,1366,"LaSalle County, IL","05000US17099","lasalle-county-il"
0,"Total",2018,"2018",45654,3655,"Lawrence County, IL","05000US17101","lawrence-county-il"
0,"Total",2018,"2018",57901,2678,"Lee County, IL","05000US17103","lee-county-il"
0,"Total",2018,"2018",56200,3116,"Livingston County, IL","05000US17105","livingston-county-il"
0,"Total",2018,"2018",57899,2733,"Logan County, IL","05000US17107","logan-county-il"
0,"Total",2018,"2018",43724,3039,"McDonough County, IL","05000US17109","mcdonough-county-il"
0,"Total",2018,"2018",84803,1730.0000000000002,"McHenry County, IL","05000US17111","mchenry-county-il"
0,"Total",2018,"2018",65813,1540,"McLean County, IL","05000US17113","mclean-county-il"
0,"Total",2018,"2018",50444,1467,"Macon County, IL","05000US17115","macon-county-il"
0,"Total",2018,"2018",53778,2295,"Macoupin County, IL","05000US17117","macoupin-county-il"
0,"Total",2018,"2018",57890,1377,"Madison County, IL","05000US17119","madison-county-il"
0,"Total",2018,"2018",46102,1606,"Marion County, IL","05000US17121","marion-county-il"
0,"Total",2018,"2018",55901,3261,"Marshall County, IL","05000US17123","marshall-county-il"
0,"Total",2018,"2018",45596,2976,"Mason County, IL","05000US17125","mason-county-il"
0,"Total",2018,"2018",42604,3994,"Massac County, IL","05000US17127","massac-county-il"
0,"Total",2018,"2018",69102,5243,"Menard County, IL","05000US17129","menard-county-il"
0,"Total",2018,"2018",58011,2218,"Mercer County, IL","05000US17131","mercer-county-il"
0,"Total",2018,"2018",81268,5031,"Monroe County, IL","05000US17133","monroe-county-il"
0,"Total",2018,"2018",50304,2160,"Montgomery County, IL","05000US17135","montgomery-county-il"
0,"Total",2018,"2018",48508,2722,"Morgan County, IL","05000US17137","morgan-county-il"
0,"Total",2018,"2018",59623,4609,"Moultrie County, IL","05000US17139","moultrie-county-il"
0,"Total",2018,"2018",59707,1963.0000000000002,"Ogle County, IL","05000US17141","ogle-county-il"
0,"Total",2018,"2018",54770,1331,"Peoria County, IL","05000US17143","peoria-county-il"
0,"Total",2018,"2018",48298,4514,"Perry County, IL","05000US17145","perry-county-il"
0,"Total",2018,"2018",69271,3117,"Piatt County, IL","05000US17147","piatt-county-il"
0,"Total",2018,"2018",42664,2354,"Pike County, IL","05000US17149","pike-county-il"
0,"Total",2018,"2018",40671,11198,"Pope County, IL","05000US17151","pope-county-il"
0,"Total",2018,"2018",33799,3265,"Pulaski County, IL","05000US17153","pulaski-county-il"
0,"Total",2018,"2018",65034,4231,"Putnam County, IL","05000US17155","putnam-county-il"
0,"Total",2018,"2018",52107,2247,"Randolph County, IL","05000US17157","randolph-county-il"
0,"Total",2018,"2018",48724,3352,"Richland County, IL","05000US17159","richland-county-il"
0,"Total",2018,"2018",52630,1218,"Rock Island County, IL","05000US17161","rock-island-county-il"
0,"Total",2018,"2018",53681,1252,"St. Clair County, IL","05000US17163","st-clair-county-il"
0,"Total",2018,"2018",41167,2422,"Saline County, IL","05000US17165","saline-county-il"
0,"Total",2018,"2018",60466,1316,"Sangamon County, IL","05000US17167","sangamon-county-il"
0,"Total",2018,"2018",46151,4089,"Schuyler County, IL","05000US17169","schuyler-county-il"
0,"Total",2018,"2018",53973,4910,"Scott County, IL","05000US17171","scott-county-il"
0,"Total",2018,"2018",51157,1581,"Shelby County, IL","05000US17173","shelby-county-il"
0,"Total",2018,"2018",52260,4203,"Stark County, IL","05000US17175","stark-county-il"
0,"Total",2018,"2018",48016,1535,"Stephenson County, IL","05000US17177","stephenson-county-il"
0,"Total",2018,"2018",62342,1448,"Tazewell County, IL","05000US17179","tazewell-county-il"
0,"Total",2018,"2018",49182,2441,"Union County, IL","05000US17181","union-county-il"
0,"Total",2018,"2018",45384,1686,"Vermilion County, IL","05000US17183","vermilion-county-il"
0,"Total",2018,"2018",51432,4777,"Wabash County, IL","05000US17185","wabash-county-il"
0,"Total",2018,"2018",49607,3625,"Warren County, IL","05000US17187","warren-county-il"
0,"Total",2018,"2018",59469,3085,"Washington County, IL","05000US17189","washington-county-il"
0,"Total",2018,"2018",49764,2309,"Wayne County, IL","05000US17191","wayne-county-il"
0,"Total",2018,"2018",47773,3108,"White County, IL","05000US17193","white-county-il"
0,"Total",2018,"2018",53828,2296,"Whiteside County, IL","05000US17195","whiteside-county-il"
0,"Total",2018,"2018",83504,820,"Will County, IL","05000US17197","will-county-il"
0,"Total",2018,"2018",49053,2034.0000000000002,"Williamson County, IL","05000US17199","williamson-county-il"
0,"Total",2018,"2018",52743,803,"Winnebago County, IL","05000US17201","winnebago-county-il"
0,"Total",2018,"2018",71867,2732,"Woodford County, IL","05000US17203","woodford-county-il"
1,"White",2018,"2018",52610,1485,"Adams County, IL","05000US17001","adams-county-il"
1,"White",2018,"2018",39527,3114,"Alexander County, IL","05000US17003","alexander-county-il"
1,"White",2018,"2018",57459,6461,"Bond County, IL","05000US17005","bond-county-il"
1,"White",2018,"2018",66803,5383,"Boone County, IL","05000US17007","boone-county-il"
1,"White",2018,"2018",58947,2210,"Brown County, IL","05000US17009","brown-county-il"
1,"White",2018,"2018",55821,1944,"Bureau County, IL","05000US17011","bureau-county-il"
1,"White",2018,"2018",54948,8166.000000000001,"Calhoun County, IL","05000US17013","calhoun-county-il"
1,"White",2018,"2018",51150,3438,"Carroll County, IL","05000US17015","carroll-county-il"
1,"White",2018,"2018",52687,2851,"Cass County, IL","05000US17017","cass-county-il"
1,"White",2018,"2018",58216,1377,"Champaign County, IL","05000US17019","champaign-county-il"
1,"White",2018,"2018",52901,1705.0000000000002,"Christian County, IL","05000US17021","christian-county-il"
1,"White",2018,"2018",54000,3539.9999999999995,"Clark County, IL","05000US17023","clark-county-il"
1,"White",2018,"2018",48730,3641.9999999999995,"Clay County, IL","05000US17025","clay-county-il"
1,"White",2018,"2018",65311,3529.9999999999995,"Clinton County, IL","05000US17027","clinton-county-il"
1,"White",2018,"2018",45985,3721,"Coles County, IL","05000US17029","coles-county-il"
1,"White",2018,"2018",74762,491,"Cook County, IL","05000US17031","cook-county-il"
1,"White",2018,"2018",48935,2019,"Crawford County, IL","05000US17033","crawford-county-il"
1,"White",2018,"2018",52991,3319,"Cumberland County, IL","05000US17035","cumberland-county-il"
1,"White",2018,"2018",65170,1951,"DeKalb County, IL","05000US17037","dekalb-county-il"
1,"White",2018,"2018",56217,4477,"De Witt County, IL","05000US17039","de-witt-county-il"
1,"White",2018,"2018",54284,1916.9999999999998,"Douglas County, IL","05000US17041","douglas-county-il"
1,"White",2018,"2018",90815,865.9999999999999,"DuPage County, IL","05000US17043","dupage-county-il"
1,"White",2018,"2018",51258,3877,"Edgar County, IL","05000US17045","edgar-county-il"
1,"White",2018,"2018",49792,2300,"Edwards County, IL","05000US17047","edwards-county-il"
1,"White",2018,"2018",56411,3142,"Effingham County, IL","05000US17049","effingham-county-il"
1,"White",2018,"2018",44312,2786,"Fayette County, IL","05000US17051","fayette-county-il"
1,"White",2018,"2018",51228,2490,"Ford County, IL","05000US17053","ford-county-il"
1,"White",2018,"2018",41686,1619,"Franklin County, IL","05000US17055","franklin-county-il"
1,"White",2018,"2018",50293,2179,"Fulton County, IL","05000US17057","fulton-county-il"
1,"White",2018,"2018",42801,3999,"Gallatin County, IL","05000US17059","gallatin-county-il"
1,"White",2018,"2018",45980,2334,"Greene County, IL","05000US17061","greene-county-il"
1,"White",2018,"2018",74814,2971,"Grundy County, IL","05000US17063","grundy-county-il"
1,"White",2018,"2018",56237,3965,"Hamilton County, IL","05000US17065","hamilton-county-il"
1,"White",2018,"2018",51725,2023,"Hancock County, IL","05000US17067","hancock-county-il"
1,"White",2018,"2018",43547,6221,"Hardin County, IL","05000US17069","hardin-county-il"
1,"White",2018,"2018",52807,3124,"Henderson County, IL","05000US17071","henderson-county-il"
1,"White",2018,"2018",58710,1963.0000000000002,"Henry County, IL","05000US17073","henry-county-il"
1,"White",2018,"2018",52676,2515,"Iroquois County, IL","05000US17075","iroquois-county-il"
1,"White",2018,"2018",42797,2078,"Jackson County, IL","05000US17077","jackson-county-il"
1,"White",2018,"2018",54806,3369.0000000000005,"Jasper County, IL","05000US17079","jasper-county-il"
1,"White",2018,"2018",48665,2934,"Jefferson County, IL","05000US17081","jefferson-county-il"
1,"White",2018,"2018",56484,3509.9999999999995,"Jersey County, IL","05000US17083","jersey-county-il"
1,"White",2018,"2018",57195,2259,"Jo Daviess County, IL","05000US17085","jo-daviess-county-il"
1,"White",2018,"2018",51113,3281,"Johnson County, IL","05000US17087","johnson-county-il"
1,"White",2018,"2018",83442,1680,"Kane County, IL","05000US17089","kane-county-il"
1,"White",2018,"2018",63205,1660,"Kankakee County, IL","05000US17091","kankakee-county-il"
1,"White",2018,"2018",93275,4948,"Kendall County, IL","05000US17093","kendall-county-il"
1,"White",2018,"2018",45859,1981,"Knox County, IL","05000US17095","knox-county-il"
1,"White",2018,"2018",90692,1308,"Lake County, IL","05000US17097","lake-county-il"
1,"White",2018,"2018",57389,1279,"LaSalle County, IL","05000US17099","lasalle-county-il"
1,"White",2018,"2018",47449,3040,"Lawrence County, IL","05000US17101","lawrence-county-il"
1,"White",2018,"2018",58072,2481,"Lee County, IL","05000US17103","lee-county-il"
1,"White",2018,"2018",56433,2902,"Livingston County, IL","05000US17105","livingston-county-il"
1,"White",2018,"2018",59041,2804,"Logan County, IL","05000US17107","logan-county-il"
1,"White",2018,"2018",44505,3294,"McDonough County, IL","05000US17109","mcdonough-county-il"
1,"White",2018,"2018",85240,1820,"McHenry County, IL","05000US17111","mchenry-county-il"
1,"White",2018,"2018",68020,2263,"McLean County, IL","05000US17113","mclean-county-il"
1,"White",2018,"2018",54899,1649,"Macon County, IL","05000US17115","macon-county-il"
1,"White",2018,"2018",54174,2318,"Macoupin County, IL","05000US17117","macoupin-county-il"
1,"White",2018,"2018",61295,1331,"Madison County, IL","05000US17119","madison-county-il"
1,"White",2018,"2018",47192,1918,"Marion County, IL","05000US17121","marion-county-il"
1,"White",2018,"2018",56452,3087,"Marshall County, IL","05000US17123","marshall-county-il"
1,"White",2018,"2018",46260,3087,"Mason County, IL","05000US17125","mason-county-il"
1,"White",2018,"2018",43705,4117,"Massac County, IL","05000US17127","massac-county-il"
1,"White",2018,"2018",70040,4887,"Menard County, IL","05000US17129","menard-county-il"
1,"White",2018,"2018",57901,2214,"Mercer County, IL","05000US17131","mercer-county-il"
1,"White",2018,"2018",81797,4889,"Monroe County, IL","05000US17133","monroe-county-il"
1,"White",2018,"2018",50619,2295,"Montgomery County, IL","05000US17135","montgomery-county-il"
1,"White",2018,"2018",50144,3397,"Morgan County, IL","05000US17137","morgan-county-il"
1,"White",2018,"2018",60060,4397,"Moultrie County, IL","05000US17139","moultrie-county-il"
1,"White",2018,"2018",60109,2355,"Ogle County, IL","05000US17141","ogle-county-il"
1,"White",2018,"2018",59330,1423,"Peoria County, IL","05000US17143","peoria-county-il"
1,"White",2018,"2018",48740,4331,"Perry County, IL","05000US17145","perry-county-il"
1,"White",2018,"2018",69529,3377,"Piatt County, IL","05000US17147","piatt-county-il"
1,"White",2018,"2018",42886,2409,"Pike County, IL","05000US17149","pike-county-il"
1,"White",2018,"2018",41098,11407,"Pope County, IL","05000US17151","pope-county-il"
1,"White",2018,"2018",38125,5067,"Pulaski County, IL","05000US17153","pulaski-county-il"
1,"White",2018,"2018",65000,4481,"Putnam County, IL","05000US17155","putnam-county-il"
1,"White",2018,"2018",53616,2233,"Randolph County, IL","05000US17157","randolph-county-il"
1,"White",2018,"2018",49107,3189,"Richland County, IL","05000US17159","richland-county-il"
1,"White",2018,"2018",54302,1451,"Rock Island County, IL","05000US17161","rock-island-county-il"
1,"White",2018,"2018",65886,1298,"St. Clair County, IL","05000US17163","st-clair-county-il"
1,"White",2018,"2018",42384,2995,"Saline County, IL","05000US17165","saline-county-il"
1,"White",2018,"2018",65356,1706.9999999999998,"Sangamon County, IL","05000US17167","sangamon-county-il"
1,"White",2018,"2018",46941,4401,"Schuyler County, IL","05000US17169","schuyler-county-il"
1,"White",2018,"2018",54464,5401,"Scott County, IL","05000US17171","scott-county-il"
1,"White",2018,"2018",51020,1587,"Shelby County, IL","05000US17173","shelby-county-il"
1,"White",2018,"2018",52188,4164,"Stark County, IL","05000US17175","stark-county-il"
1,"White",2018,"2018",50909,1901,"Stephenson County, IL","05000US17177","stephenson-county-il"
1,"White",2018,"2018",62713,1365,"Tazewell County, IL","05000US17179","tazewell-county-il"
1,"White",2018,"2018",50016,2052,"Union County, IL","05000US17181","union-county-il"
1,"White",2018,"2018",49592,1934,"Vermilion County, IL","05000US17183","vermilion-county-il"
1,"White",2018,"2018",51214,4145,"Wabash County, IL","05000US17185","wabash-county-il"
1,"White",2018,"2018",51789,4170,"Warren County, IL","05000US17187","warren-county-il"
1,"White",2018,"2018",59542,3062,"Washington County, IL","05000US17189","washington-county-il"
1,"White",2018,"2018",50214,2156,"Wayne County, IL","05000US17191","wayne-county-il"
1,"White",2018,"2018",47676,3025,"White County, IL","05000US17193","white-county-il"
1,"White",2018,"2018",54250,2158,"Whiteside County, IL","05000US17195","whiteside-county-il"
1,"White",2018,"2018",88277,1349,"Will County, IL","05000US17197","will-county-il"
1,"White",2018,"2018",49969,1769,"Williamson County, IL","05000US17199","williamson-county-il"
1,"White",2018,"2018",56790,1215,"Winnebago County, IL","05000US17201","winnebago-county-il"
1,"White",2018,"2018",71896,2641,"Woodford County, IL","05000US17203","woodford-county-il"
2,"Black",2018,"2018",30337,7125,"Adams County, IL","05000US17001","adams-county-il"
2,"Black",2018,"2018",24976,2921,"Alexander County, IL","05000US17003","alexander-county-il"
2,"Black",2018,"2018",72077,38805,"Boone County, IL","05000US17007","boone-county-il"
2,"Black",2018,"2018",14375,2371,"Bureau County, IL","05000US17011","bureau-county-il"
2,"Black",2018,"2018",11875,2906,"Carroll County, IL","05000US17015","carroll-county-il"
2,"Black",2018,"2018",39669,10119,"Cass County, IL","05000US17017","cass-county-il"
2,"Black",2018,"2018",31205,2032,"Champaign County, IL","05000US17019","champaign-county-il"
2,"Black",2018,"2018",16903,5864,"Coles County, IL","05000US17029","coles-county-il"
2,"Black",2018,"2018",37607,633,"Cook County, IL","05000US17031","cook-county-il"
2,"Black",2018,"2018",115972,12814,"Crawford County, IL","05000US17033","crawford-county-il"
2,"Black",2018,"2018",24671,6567,"DeKalb County, IL","05000US17037","dekalb-county-il"
2,"Black",2018,"2018",57211,3265,"DuPage County, IL","05000US17043","dupage-county-il"
2,"Black",2018,"2018",36250,21439,"Effingham County, IL","05000US17049","effingham-county-il"
2,"Black",2018,"2018",43125,40198,"Ford County, IL","05000US17053","ford-county-il"
2,"Black",2018,"2018",29565,19860,"Franklin County, IL","05000US17055","franklin-county-il"
2,"Black",2018,"2018",20337,15778,"Henry County, IL","05000US17073","henry-county-il"
2,"Black",2018,"2018",21407,3949,"Jackson County, IL","05000US17077","jackson-county-il"
2,"Black",2018,"2018",32825,7901,"Jefferson County, IL","05000US17081","jefferson-county-il"
2,"Black",2018,"2018",23125,5803,"Jo Daviess County, IL","05000US17085","jo-daviess-county-il"
2,"Black",2018,"2018",40938,25457,"Johnson County, IL","05000US17087","johnson-county-il"
2,"Black",2018,"2018",46996,5490,"Kane County, IL","05000US17089","kane-county-il"
2,"Black",2018,"2018",28992,4465,"Kankakee County, IL","05000US17091","kankakee-county-il"
2,"Black",2018,"2018",84154,19270,"Kendall County, IL","05000US17093","kendall-county-il"
2,"Black",2018,"2018",18602,5466,"Knox County, IL","05000US17095","knox-county-il"
2,"Black",2018,"2018",44000,4958,"Lake County, IL","05000US17097","lake-county-il"
2,"Black",2018,"2018",34000,15844.999999999998,"LaSalle County, IL","05000US17099","lasalle-county-il"
2,"Black",2018,"2018",43779,22652,"Lee County, IL","05000US17103","lee-county-il"
2,"Black",2018,"2018",47619,41723,"Livingston County, IL","05000US17105","livingston-county-il"
2,"Black",2018,"2018",40833,23129,"Logan County, IL","05000US17107","logan-county-il"
2,"Black",2018,"2018",67564,12601,"McHenry County, IL","05000US17111","mchenry-county-il"
2,"Black",2018,"2018",26976,4861,"McLean County, IL","05000US17113","mclean-county-il"
2,"Black",2018,"2018",24410,3494,"Macon County, IL","05000US17115","macon-county-il"
2,"Black",2018,"2018",40000,35314,"Macoupin County, IL","05000US17117","macoupin-county-il"
2,"Black",2018,"2018",29658,3948,"Madison County, IL","05000US17119","madison-county-il"
2,"Black",2018,"2018",23750,5891,"Marion County, IL","05000US17121","marion-county-il"
2,"Black",2018,"2018",41473,5843,"Mason County, IL","05000US17125","mason-county-il"
2,"Black",2018,"2018",31184,15991,"Massac County, IL","05000US17127","massac-county-il"
2,"Black",2018,"2018",42330,26793,"Monroe County, IL","05000US17133","monroe-county-il"
2,"Black",2018,"2018",22463,18365,"Morgan County, IL","05000US17137","morgan-county-il"
2,"Black",2018,"2018",28638,2714,"Peoria County, IL","05000US17143","peoria-county-il"
2,"Black",2018,"2018",26315,2891,"Pulaski County, IL","05000US17153","pulaski-county-il"
2,"Black",2018,"2018",37681,9659,"Randolph County, IL","05000US17157","randolph-county-il"
2,"Black",2018,"2018",36525,2910,"Rock Island County, IL","05000US17161","rock-island-county-il"
2,"Black",2018,"2018",30229,2142,"St. Clair County, IL","05000US17163","st-clair-county-il"
2,"Black",2018,"2018",30365,24271,"Saline County, IL","05000US17165","saline-county-il"
2,"Black",2018,"2018",26543,2496,"Sangamon County, IL","05000US17167","sangamon-county-il"
2,"Black",2018,"2018",40132,14898,"Schuyler County, IL","05000US17169","schuyler-county-il"
2,"Black",2018,"2018",29478,5216,"Stephenson County, IL","05000US17177","stephenson-county-il"
2,"Black",2018,"2018",25809,7837.000000000001,"Tazewell County, IL","05000US17179","tazewell-county-il"
2,"Black",2018,"2018",22419,2737,"Vermilion County, IL","05000US17183","vermilion-county-il"
2,"Black",2018,"2018",35556,29165.999999999996,"Warren County, IL","05000US17187","warren-county-il"
2,"Black",2018,"2018",23382,22139,"Wayne County, IL","05000US17191","wayne-county-il"
2,"Black",2018,"2018",35577,4881,"Whiteside County, IL","05000US17195","whiteside-county-il"
2,"Black",2018,"2018",60137,2086,"Will County, IL","05000US17197","will-county-il"
2,"Black",2018,"2018",29358,2496,"Winnebago County, IL","05000US17201","winnebago-county-il"
3,"Native American",2018,"2018",28808,9961,"Adams County, IL","05000US17001","adams-county-il"
3,"Native American",2018,"2018",50114,49655,"Champaign County, IL","05000US17019","champaign-county-il"
3,"Native American",2018,"2018",26500,11017,"Christian County, IL","05000US17021","christian-county-il"
3,"Native American",2018,"2018",73438,60278.99999999999,"Coles County, IL","05000US17029","coles-county-il"
3,"Native American",2018,"2018",45357,7862.000000000001,"Cook County, IL","05000US17031","cook-county-il"
3,"Native American",2018,"2018",90714,65055,"Crawford County, IL","05000US17033","crawford-county-il"
3,"Native American",2018,"2018",113125,37962,"De Witt County, IL","05000US17039","de-witt-county-il"
3,"Native American",2018,"2018",26250,592,"Douglas County, IL","05000US17041","douglas-county-il"
3,"Native American",2018,"2018",68902,18950,"DuPage County, IL","05000US17043","dupage-county-il"
3,"Native American",2018,"2018",53125,47691,"Henry County, IL","05000US17073","henry-county-il"
3,"Native American",2018,"2018",70833,59680.99999999999,"Jo Daviess County, IL","05000US17085","jo-daviess-county-il"
3,"Native American",2018,"2018",58304,18756,"Kane County, IL","05000US17089","kane-county-il"
3,"Native American",2018,"2018",41471,15851,"Lake County, IL","05000US17097","lake-county-il"
3,"Native American",2018,"2018",54750,25592,"Logan County, IL","05000US17107","logan-county-il"
3,"Native American",2018,"2018",77829,44092,"McHenry County, IL","05000US17111","mchenry-county-il"
3,"Native American",2018,"2018",95192,23531,"McLean County, IL","05000US17113","mclean-county-il"
3,"Native American",2018,"2018",27900,8842,"Macon County, IL","05000US17115","macon-county-il"
3,"Native American",2018,"2018",73438,45988,"Madison County, IL","05000US17119","madison-county-il"
3,"Native American",2018,"2018",16827,11917,"Marion County, IL","05000US17121","marion-county-il"
3,"Native American",2018,"2018",41250,34003,"Moultrie County, IL","05000US17139","moultrie-county-il"
3,"Native American",2018,"2018",48841,412,"Ogle County, IL","05000US17141","ogle-county-il"
3,"Native American",2018,"2018",82697,35281,"Peoria County, IL","05000US17143","peoria-county-il"
3,"Native American",2018,"2018",38281,7712.999999999999,"Richland County, IL","05000US17159","richland-county-il"
3,"Native American",2018,"2018",27563,20747,"St. Clair County, IL","05000US17163","st-clair-county-il"
3,"Native American",2018,"2018",90677,22716,"Sangamon County, IL","05000US17167","sangamon-county-il"
3,"Native American",2018,"2018",61094,60240,"Union County, IL","05000US17181","union-county-il"
3,"Native American",2018,"2018",21563,6877.999999999999,"Vermilion County, IL","05000US17183","vermilion-county-il"
3,"Native American",2018,"2018",40682,15818,"Whiteside County, IL","05000US17195","whiteside-county-il"
3,"Native American",2018,"2018",70417,26712,"Will County, IL","05000US17197","will-county-il"
3,"Native American",2018,"2018",76667,53083,"Williamson County, IL","05000US17199","williamson-county-il"
4,"Asian",2018,"2018",59667,46900,"Adams County, IL","05000US17001","adams-county-il"
4,"Asian",2018,"2018",54519,10098,"Bureau County, IL","05000US17011","bureau-county-il"
4,"Asian",2018,"2018",24564,3680,"Champaign County, IL","05000US17019","champaign-county-il"
4,"Asian",2018,"2018",95057,40996,"Clinton County, IL","05000US17027","clinton-county-il"
4,"Asian",2018,"2018",36420,14483.999999999998,"Coles County, IL","05000US17029","coles-county-il"
4,"Asian",2018,"2018",78221,1628,"Cook County, IL","05000US17031","cook-county-il"
4,"Asian",2018,"2018",50054,30990.000000000004,"DeKalb County, IL","05000US17037","dekalb-county-il"
4,"Asian",2018,"2018",71250,64842,"Douglas County, IL","05000US17041","douglas-county-il"
4,"Asian",2018,"2018",105596,4030.9999999999995,"DuPage County, IL","05000US17043","dupage-county-il"
4,"Asian",2018,"2018",44732,36529,"Edgar County, IL","05000US17045","edgar-county-il"
4,"Asian",2018,"2018",71458,2926,"Effingham County, IL","05000US17049","effingham-county-il"
4,"Asian",2018,"2018",59205,21263,"Fayette County, IL","05000US17051","fayette-county-il"
4,"Asian",2018,"2018",38060,27035,"Jackson County, IL","05000US17077","jackson-county-il"
4,"Asian",2018,"2018",86875,55194,"Jo Daviess County, IL","05000US17085","jo-daviess-county-il"
4,"Asian",2018,"2018",102731,11679,"Kane County, IL","05000US17089","kane-county-il"
4,"Asian",2018,"2018",88359,33470,"Kankakee County, IL","05000US17091","kankakee-county-il"
4,"Asian",2018,"2018",99790,2928,"Kendall County, IL","05000US17093","kendall-county-il"
4,"Asian",2018,"2018",119922,61434.99999999999,"Knox County, IL","05000US17095","knox-county-il"
4,"Asian",2018,"2018",115638,5184,"Lake County, IL","05000US17097","lake-county-il"
4,"Asian",2018,"2018",61131,20401,"LaSalle County, IL","05000US17099","lasalle-county-il"
4,"Asian",2018,"2018",128397,112399.99999999999,"Livingston County, IL","05000US17105","livingston-county-il"
4,"Asian",2018,"2018",60167,16526,"Logan County, IL","05000US17107","logan-county-il"
4,"Asian",2018,"2018",63393,60756.99999999999,"McDonough County, IL","05000US17109","mcdonough-county-il"
4,"Asian",2018,"2018",118231,20278,"McHenry County, IL","05000US17111","mchenry-county-il"
4,"Asian",2018,"2018",88056,8563,"McLean County, IL","05000US17113","mclean-county-il"
4,"Asian",2018,"2018",80735,15484,"Macon County, IL","05000US17115","macon-county-il"
4,"Asian",2018,"2018",61616,28366,"Macoupin County, IL","05000US17117","macoupin-county-il"
4,"Asian",2018,"2018",39500,18050,"Madison County, IL","05000US17119","madison-county-il"
4,"Asian",2018,"2018",49886,40542,"Mercer County, IL","05000US17131","mercer-county-il"
4,"Asian",2018,"2018",40114,34780,"Monroe County, IL","05000US17133","monroe-county-il"
4,"Asian",2018,"2018",100938,58915,"Montgomery County, IL","05000US17135","montgomery-county-il"
4,"Asian",2018,"2018",66875,27321.999999999996,"Ogle County, IL","05000US17141","ogle-county-il"
4,"Asian",2018,"2018",95723,3706.9999999999995,"Peoria County, IL","05000US17143","peoria-county-il"
4,"Asian",2018,"2018",95208,2747,"Perry County, IL","05000US17145","perry-county-il"
4,"Asian",2018,"2018",61442,42731,"Richland County, IL","05000US17159","richland-county-il"
4,"Asian",2018,"2018",66485,13899,"Rock Island County, IL","05000US17161","rock-island-county-il"
4,"Asian",2018,"2018",75703,11967,"St. Clair County, IL","05000US17163","st-clair-county-il"
4,"Asian",2018,"2018",76493,17144,"Sangamon County, IL","05000US17167","sangamon-county-il"
4,"Asian",2018,"2018",82589,27085,"Tazewell County, IL","05000US17179","tazewell-county-il"
4,"Asian",2018,"2018",55250,17726,"Vermilion County, IL","05000US17183","vermilion-county-il"
4,"Asian",2018,"2018",40426,2291,"Warren County, IL","05000US17187","warren-county-il"
4,"Asian",2018,"2018",61734,11917,"Whiteside County, IL","05000US17195","whiteside-county-il"
4,"Asian",2018,"2018",121689,5826,"Will County, IL","05000US17197","will-county-il"
4,"Asian",2018,"2018",70133,19480,"Winnebago County, IL","05000US17201","winnebago-county-il"
5,"Pacific Islander",2018,"2018",38750,26112,"Cook County, IL","05000US17031","cook-county-il"
5,"Pacific Islander",2018,"2018",60625,28042,"Kane County, IL","05000US17089","kane-county-il"
5,"Pacific Islander",2018,"2018",83370,34355,"Lake County, IL","05000US17097","lake-county-il"
5,"Pacific Islander",2018,"2018",160938,95354,"Madison County, IL","05000US17119","madison-county-il"
5,"Pacific Islander",2018,"2018",151750,11720,"Sangamon County, IL","05000US17167","sangamon-county-il"
5,"Pacific Islander",2018,"2018",39107,31134,"Will County, IL","05000US17197","will-county-il"
5,"Pacific Islander",2018,"2018",51007,3664,"Winnebago County, IL","05000US17201","winnebago-county-il"
6,"Other",2018,"2018",63138,13402,"Boone County, IL","05000US17007","boone-county-il"
6,"Other",2018,"2018",61016,13221,"Bureau County, IL","05000US17011","bureau-county-il"
6,"Other",2018,"2018",48095,26938,"Champaign County, IL","05000US17019","champaign-county-il"
6,"Other",2018,"2018",33221,31198.000000000004,"Coles County, IL","05000US17029","coles-county-il"
6,"Other",2018,"2018",49442,1011,"Cook County, IL","05000US17031","cook-county-il"
6,"Other",2018,"2018",49375,27335,"DeKalb County, IL","05000US17037","dekalb-county-il"
6,"Other",2018,"2018",57857,20788,"Douglas County, IL","05000US17041","douglas-county-il"
6,"Other",2018,"2018",60738,3818.9999999999995,"DuPage County, IL","05000US17043","dupage-county-il"
6,"Other",2018,"2018",40313,8532,"Effingham County, IL","05000US17049","effingham-county-il"
6,"Other",2018,"2018",56319,40371,"Grundy County, IL","05000US17063","grundy-county-il"
6,"Other",2018,"2018",19208,5211,"Henry County, IL","05000US17073","henry-county-il"
6,"Other",2018,"2018",40313,12731,"Iroquois County, IL","05000US17075","iroquois-county-il"
6,"Other",2018,"2018",19102,5919,"Jackson County, IL","05000US17077","jackson-county-il"
6,"Other",2018,"2018",51991,2015,"Kane County, IL","05000US17089","kane-county-il"
6,"Other",2018,"2018",40032,6353,"Kankakee County, IL","05000US17091","kankakee-county-il"
6,"Other",2018,"2018",61635,15214,"Kendall County, IL","05000US17093","kendall-county-il"
6,"Other",2018,"2018",25976,11338,"Knox County, IL","05000US17095","knox-county-il"
6,"Other",2018,"2018",56633,3117,"Lake County, IL","05000US17097","lake-county-il"
6,"Other",2018,"2018",45250,7358,"LaSalle County, IL","05000US17099","lasalle-county-il"
6,"Other",2018,"2018",56250,40308,"Livingston County, IL","05000US17105","livingston-county-il"
6,"Other",2018,"2018",62683,15764.000000000002,"McHenry County, IL","05000US17111","mchenry-county-il"
6,"Other",2018,"2018",43125,25930,"McLean County, IL","05000US17113","mclean-county-il"
6,"Other",2018,"2018",55592,18264,"Macon County, IL","05000US17115","macon-county-il"
6,"Other",2018,"2018",22069,11340,"Macoupin County, IL","05000US17117","macoupin-county-il"
6,"Other",2018,"2018",38203,25939,"Madison County, IL","05000US17119","madison-county-il"
6,"Other",2018,"2018",16806,12267,"Marshall County, IL","05000US17123","marshall-county-il"
6,"Other",2018,"2018",51116,7335,"Ogle County, IL","05000US17141","ogle-county-il"
6,"Other",2018,"2018",46094,13697,"Peoria County, IL","05000US17143","peoria-county-il"
6,"Other",2018,"2018",31042,25211,"Randolph County, IL","05000US17157","randolph-county-il"
6,"Other",2018,"2018",48362,15778,"Rock Island County, IL","05000US17161","rock-island-county-il"
6,"Other",2018,"2018",36476,9975,"St. Clair County, IL","05000US17163","st-clair-county-il"
6,"Other",2018,"2018",38984,7639,"Saline County, IL","05000US17165","saline-county-il"
6,"Other",2018,"2018",59063,16937,"Sangamon County, IL","05000US17167","sangamon-county-il"
6,"Other",2018,"2018",67917,38520,"Tazewell County, IL","05000US17179","tazewell-county-il"
6,"Other",2018,"2018",83125,62741,"Vermilion County, IL","05000US17183","vermilion-county-il"
6,"Other",2018,"2018",41961,7029.999999999999,"Warren County, IL","05000US17187","warren-county-il"
6,"Other",2018,"2018",50720,5116,"Whiteside County, IL","05000US17195","whiteside-county-il"
6,"Other",2018,"2018",59526,3009,"Will County, IL","05000US17197","will-county-il"
6,"Other",2018,"2018",43967,3538,"Winnebago County, IL","05000US17201","winnebago-county-il"
6,"Other",2018,"2018",89583,17101,"Woodford County, IL","05000US17203","woodford-county-il"
7,"Two Or More",2018,"2018",69750,23219,"Boone County, IL","05000US17007","boone-county-il"
7,"Two Or More",2018,"2018",68438,20363,"Bureau County, IL","05000US17011","bureau-county-il"
7,"Two Or More",2018,"2018",78456,14860,"Carroll County, IL","05000US17015","carroll-county-il"
7,"Two Or More",2018,"2018",39107,10595,"Champaign County, IL","05000US17019","champaign-county-il"
7,"Two Or More",2018,"2018",11417,9803,"Clinton County, IL","05000US17027","clinton-county-il"
7,"Two Or More",2018,"2018",23393,19548,"Coles County, IL","05000US17029","coles-county-il"
7,"Two Or More",2018,"2018",60131,2607,"Cook County, IL","05000US17031","cook-county-il"
7,"Two Or More",2018,"2018",29196,18680,"Crawford County, IL","05000US17033","crawford-county-il"
7,"Two Or More",2018,"2018",65909,45059,"Cumberland County, IL","05000US17035","cumberland-county-il"
7,"Two Or More",2018,"2018",33333,17793,"DeKalb County, IL","05000US17037","dekalb-county-il"
7,"Two Or More",2018,"2018",32321,20012,"De Witt County, IL","05000US17039","de-witt-county-il"
7,"Two Or More",2018,"2018",69962,7278.999999999999,"DuPage County, IL","05000US17043","dupage-county-il"
7,"Two Or More",2018,"2018",33750,12692,"Effingham County, IL","05000US17049","effingham-county-il"
7,"Two Or More",2018,"2018",41250,21021,"Ford County, IL","05000US17053","ford-county-il"
7,"Two Or More",2018,"2018",27344,4197,"Franklin County, IL","05000US17055","franklin-county-il"
7,"Two Or More",2018,"2018",46250,23253,"Greene County, IL","05000US17061","greene-county-il"
7,"Two Or More",2018,"2018",57583,17975,"Grundy County, IL","05000US17063","grundy-county-il"
7,"Two Or More",2018,"2018",37054,13724,"Henderson County, IL","05000US17071","henderson-county-il"
7,"Two Or More",2018,"2018",43333,29020,"Iroquois County, IL","05000US17075","iroquois-county-il"
7,"Two Or More",2018,"2018",21675,9109,"Jackson County, IL","05000US17077","jackson-county-il"
7,"Two Or More",2018,"2018",23580,11729,"Jefferson County, IL","05000US17081","jefferson-county-il"
7,"Two Or More",2018,"2018",71146,9013,"Jersey County, IL","05000US17083","jersey-county-il"
7,"Two Or More",2018,"2018",26250,4638,"Johnson County, IL","05000US17087","johnson-county-il"
7,"Two Or More",2018,"2018",61541,8758,"Kane County, IL","05000US17089","kane-county-il"
7,"Two Or More",2018,"2018",70338,22002,"Kankakee County, IL","05000US17091","kankakee-county-il"
7,"Two Or More",2018,"2018",98714,14455,"Kendall County, IL","05000US17093","kendall-county-il"
7,"Two Or More",2018,"2018",29333,10098,"Knox County, IL","05000US17095","knox-county-il"
7,"Two Or More",2018,"2018",60956,12525,"Lake County, IL","05000US17097","lake-county-il"
7,"Two Or More",2018,"2018",25227,17540,"LaSalle County, IL","05000US17099","lasalle-county-il"
7,"Two Or More",2018,"2018",36005,21229,"Lawrence County, IL","05000US17101","lawrence-county-il"
7,"Two Or More",2018,"2018",72593,55672,"Lee County, IL","05000US17103","lee-county-il"
7,"Two Or More",2018,"2018",26010,16146,"Livingston County, IL","05000US17105","livingston-county-il"
7,"Two Or More",2018,"2018",31216,5448,"Logan County, IL","05000US17107","logan-county-il"
7,"Two Or More",2018,"2018",54186,17398,"McHenry County, IL","05000US17111","mchenry-county-il"
7,"Two Or More",2018,"2018",49053,13632,"McLean County, IL","05000US17113","mclean-county-il"
7,"Two Or More",2018,"2018",37699,8010,"Macon County, IL","05000US17115","macon-county-il"
7,"Two Or More",2018,"2018",31667,7839.999999999999,"Macoupin County, IL","05000US17117","macoupin-county-il"
7,"Two Or More",2018,"2018",53949,8095,"Madison County, IL","05000US17119","madison-county-il"
7,"Two Or More",2018,"2018",40172,31678.000000000004,"Marion County, IL","05000US17121","marion-county-il"
7,"Two Or More",2018,"2018",43854,4516,"Marshall County, IL","05000US17123","marshall-county-il"
7,"Two Or More",2018,"2018",36283,513,"Mason County, IL","05000US17125","mason-county-il"
7,"Two Or More",2018,"2018",79643,48603,"Massac County, IL","05000US17127","massac-county-il"
7,"Two Or More",2018,"2018",53750,42331,"Menard County, IL","05000US17129","menard-county-il"
7,"Two Or More",2018,"2018",90469,28940,"Mercer County, IL","05000US17131","mercer-county-il"
7,"Two Or More",2018,"2018",116146,56662,"Monroe County, IL","05000US17133","monroe-county-il"
7,"Two Or More",2018,"2018",59605,16953,"Morgan County, IL","05000US17137","morgan-county-il"
7,"Two Or More",2018,"2018",32000,9156,"Moultrie County, IL","05000US17139","moultrie-county-il"
7,"Two Or More",2018,"2018",45547,26398,"Ogle County, IL","05000US17141","ogle-county-il"
7,"Two Or More",2018,"2018",41702,6345,"Peoria County, IL","05000US17143","peoria-county-il"
7,"Two Or More",2018,"2018",38750,12383,"Piatt County, IL","05000US17147","piatt-county-il"
7,"Two Or More",2018,"2018",33036,23271,"Pike County, IL","05000US17149","pike-county-il"
7,"Two Or More",2018,"2018",44479,25182,"Pulaski County, IL","05000US17153","pulaski-county-il"
7,"Two Or More",2018,"2018",84028,19642,"Putnam County, IL","05000US17155","putnam-county-il"
7,"Two Or More",2018,"2018",20969,5560,"Randolph County, IL","05000US17157","randolph-county-il"
7,"Two Or More",2018,"2018",43063,17058,"Richland County, IL","05000US17159","richland-county-il"
7,"Two Or More",2018,"2018",50417,11353,"Rock Island County, IL","05000US17161","rock-island-county-il"
7,"Two Or More",2018,"2018",57607,11628,"St. Clair County, IL","05000US17163","st-clair-county-il"
7,"Two Or More",2018,"2018",31118,13743,"Saline County, IL","05000US17165","saline-county-il"
7,"Two Or More",2018,"2018",35972,8475,"Sangamon County, IL","05000US17167","sangamon-county-il"
7,"Two Or More",2018,"2018",2499,,"Scott County, IL","05000US17171","scott-county-il"
7,"Two Or More",2018,"2018",31250,18690,"Stark County, IL","05000US17175","stark-county-il"
7,"Two Or More",2018,"2018",26940,9076,"Stephenson County, IL","05000US17177","stephenson-county-il"
7,"Two Or More",2018,"2018",30000,21848,"Tazewell County, IL","05000US17179","tazewell-county-il"
7,"Two Or More",2018,"2018",43472,17596,"Union County, IL","05000US17181","union-county-il"
7,"Two Or More",2018,"2018",37778,15978.000000000002,"Vermilion County, IL","05000US17183","vermilion-county-il"
7,"Two Or More",2018,"2018",36657,23247,"Warren County, IL","05000US17187","warren-county-il"
7,"Two Or More",2018,"2018",55833,37942,"Wayne County, IL","05000US17191","wayne-county-il"
7,"Two Or More",2018,"2018",63229,39457,"Whiteside County, IL","05000US17195","whiteside-county-il"
7,"Two Or More",2018,"2018",64676,10487,"Will County, IL","05000US17197","will-county-il"
7,"Two Or More",2018,"2018",19181,9800,"Williamson County, IL","05000US17199","williamson-county-il"
7,"Two Or More",2018,"2018",40307,7838,"Winnebago County, IL","05000US17201","winnebago-county-il"
7,"Two Or More",2018,"2018",38015,30158,"Woodford County, IL","05000US17203","woodford-county-il"
8,"White Non-Hispanic",2018,"2018",52575,1523,"Adams County, IL","05000US17001","adams-county-il"
8,"White Non-Hispanic",2018,"2018",39602,3103,"Alexander County, IL","05000US17003","alexander-county-il"
8,"White Non-Hispanic",2018,"2018",57745,6359,"Bond County, IL","05000US17005","bond-county-il"
8,"White Non-Hispanic",2018,"2018",68466,4500,"Boone County, IL","05000US17007","boone-county-il"
8,"White Non-Hispanic",2018,"2018",59421,3523,"Brown County, IL","05000US17009","brown-county-il"
8,"White Non-Hispanic",2018,"2018",55910,1971,"Bureau County, IL","05000US17011","bureau-county-il"
8,"White Non-Hispanic",2018,"2018",54965,8188,"Calhoun County, IL","05000US17013","calhoun-county-il"
8,"White Non-Hispanic",2018,"2018",51724,3569,"Carroll County, IL","05000US17015","carroll-county-il"
8,"White Non-Hispanic",2018,"2018",54675,4048,"Cass County, IL","05000US17017","cass-county-il"
8,"White Non-Hispanic",2018,"2018",59164,1400,"Champaign County, IL","05000US17019","champaign-county-il"
8,"White Non-Hispanic",2018,"2018",52748,1786.0000000000002,"Christian County, IL","05000US17021","christian-county-il"
8,"White Non-Hispanic",2018,"2018",54059,3560,"Clark County, IL","05000US17023","clark-county-il"
8,"White Non-Hispanic",2018,"2018",48780,3651.9999999999995,"Clay County, IL","05000US17025","clay-county-il"
8,"White Non-Hispanic",2018,"2018",65596,3420.0000000000005,"Clinton County, IL","05000US17027","clinton-county-il"
8,"White Non-Hispanic",2018,"2018",46320,3705,"Coles County, IL","05000US17029","coles-county-il"
8,"White Non-Hispanic",2018,"2018",80546,531,"Cook County, IL","05000US17031","cook-county-il"
8,"White Non-Hispanic",2018,"2018",48965,2025,"Crawford County, IL","05000US17033","crawford-county-il"
8,"White Non-Hispanic",2018,"2018",53194,3358,"Cumberland County, IL","05000US17035","cumberland-county-il"
8,"White Non-Hispanic",2018,"2018",65283,1778.0000000000002,"DeKalb County, IL","05000US17037","dekalb-county-il"
8,"White Non-Hispanic",2018,"2018",57155,4288,"De Witt County, IL","05000US17039","de-witt-county-il"
8,"White Non-Hispanic",2018,"2018",54772,2412,"Douglas County, IL","05000US17041","douglas-county-il"
8,"White Non-Hispanic",2018,"2018",93169,1073,"DuPage County, IL","05000US17043","dupage-county-il"
8,"White Non-Hispanic",2018,"2018",51094,3963,"Edgar County, IL","05000US17045","edgar-county-il"
8,"White Non-Hispanic",2018,"2018",50011,2267,"Edwards County, IL","05000US17047","edwards-county-il"
8,"White Non-Hispanic",2018,"2018",56581,3188,"Effingham County, IL","05000US17049","effingham-county-il"
8,"White Non-Hispanic",2018,"2018",44312,2786,"Fayette County, IL","05000US17051","fayette-county-il"
8,"White Non-Hispanic",2018,"2018",51455,2490,"Ford County, IL","05000US17053","ford-county-il"
8,"White Non-Hispanic",2018,"2018",41714,1627,"Franklin County, IL","05000US17055","franklin-county-il"
8,"White Non-Hispanic",2018,"2018",50540,2258,"Fulton County, IL","05000US17057","fulton-county-il"
8,"White Non-Hispanic",2018,"2018",42731,3967,"Gallatin County, IL","05000US17059","gallatin-county-il"
8,"White Non-Hispanic",2018,"2018",46007,2334,"Greene County, IL","05000US17061","greene-county-il"
8,"White Non-Hispanic",2018,"2018",75247,2979,"Grundy County, IL","05000US17063","grundy-county-il"
8,"White Non-Hispanic",2018,"2018",56237,3965,"Hamilton County, IL","05000US17065","hamilton-county-il"
8,"White Non-Hispanic",2018,"2018",51944,2019,"Hancock County, IL","05000US17067","hancock-county-il"
8,"White Non-Hispanic",2018,"2018",43517,6241,"Hardin County, IL","05000US17069","hardin-county-il"
8,"White Non-Hispanic",2018,"2018",52987,2943,"Henderson County, IL","05000US17071","henderson-county-il"
8,"White Non-Hispanic",2018,"2018",58230,2007,"Henry County, IL","05000US17073","henry-county-il"
8,"White Non-Hispanic",2018,"2018",52708,2606,"Iroquois County, IL","05000US17075","iroquois-county-il"
8,"White Non-Hispanic",2018,"2018",42865,2114,"Jackson County, IL","05000US17077","jackson-county-il"
8,"White Non-Hispanic",2018,"2018",54830,3380,"Jasper County, IL","05000US17079","jasper-county-il"
8,"White Non-Hispanic",2018,"2018",48690,2933,"Jefferson County, IL","05000US17081","jefferson-county-il"
8,"White Non-Hispanic",2018,"2018",56572,3433,"Jersey County, IL","05000US17083","jersey-county-il"
8,"White Non-Hispanic",2018,"2018",57202,2421,"Jo Daviess County, IL","05000US17085","jo-daviess-county-il"
8,"White Non-Hispanic",2018,"2018",51191,3183,"Johnson County, IL","05000US17087","johnson-county-il"
8,"White Non-Hispanic",2018,"2018",90435,1709,"Kane County, IL","05000US17089","kane-county-il"
8,"White Non-Hispanic",2018,"2018",64070,1787.9999999999998,"Kankakee County, IL","05000US17091","kankakee-county-il"
8,"White Non-Hispanic",2018,"2018",95443,4757,"Kendall County, IL","05000US17093","kendall-county-il"
8,"White Non-Hispanic",2018,"2018",46028,2030.9999999999998,"Knox County, IL","05000US17095","knox-county-il"
8,"White Non-Hispanic",2018,"2018",97840,1396,"Lake County, IL","05000US17097","lake-county-il"
8,"White Non-Hispanic",2018,"2018",57947,1203,"LaSalle County, IL","05000US17099","lasalle-county-il"
8,"White Non-Hispanic",2018,"2018",47442,3008,"Lawrence County, IL","05000US17101","lawrence-county-il"
8,"White Non-Hispanic",2018,"2018",58218,2465,"Lee County, IL","05000US17103","lee-county-il"
8,"White Non-Hispanic",2018,"2018",57565,2690,"Livingston County, IL","05000US17105","livingston-county-il"
8,"White Non-Hispanic",2018,"2018",58796,2930,"Logan County, IL","05000US17107","logan-county-il"
8,"White Non-Hispanic",2018,"2018",44587,3385,"McDonough County, IL","05000US17109","mcdonough-county-il"
8,"White Non-Hispanic",2018,"2018",87650,1852,"McHenry County, IL","05000US17111","mchenry-county-il"
8,"White Non-Hispanic",2018,"2018",69245,2271,"McLean County, IL","05000US17113","mclean-county-il"
8,"White Non-Hispanic",2018,"2018",54795,1603,"Macon County, IL","05000US17115","macon-county-il"
8,"White Non-Hispanic",2018,"2018",53959,2278,"Macoupin County, IL","05000US17117","macoupin-county-il"
8,"White Non-Hispanic",2018,"2018",61743,1343,"Madison County, IL","05000US17119","madison-county-il"
8,"White Non-Hispanic",2018,"2018",47237,1905.0000000000002,"Marion County, IL","05000US17121","marion-county-il"
8,"White Non-Hispanic",2018,"2018",56429,3501.0000000000005,"Marshall County, IL","05000US17123","marshall-county-il"
8,"White Non-Hispanic",2018,"2018",46455,3152,"Mason County, IL","05000US17125","mason-county-il"
8,"White Non-Hispanic",2018,"2018",44896,4637,"Massac County, IL","05000US17127","massac-county-il"
8,"White Non-Hispanic",2018,"2018",69941,4943,"Menard County, IL","05000US17129","menard-county-il"
8,"White Non-Hispanic",2018,"2018",58004,2234,"Mercer County, IL","05000US17131","mercer-county-il"
8,"White Non-Hispanic",2018,"2018",81040,4809,"Monroe County, IL","05000US17133","monroe-county-il"
8,"White Non-Hispanic",2018,"2018",50874,2376,"Montgomery County, IL","05000US17135","montgomery-county-il"
8,"White Non-Hispanic",2018,"2018",50444,3408,"Morgan County, IL","05000US17137","morgan-county-il"
8,"White Non-Hispanic",2018,"2018",60121,4276,"Moultrie County, IL","05000US17139","moultrie-county-il"
8,"White Non-Hispanic",2018,"2018",60363,2515,"Ogle County, IL","05000US17141","ogle-county-il"
8,"White Non-Hispanic",2018,"2018",59744,1452,"Peoria County, IL","05000US17143","peoria-county-il"
8,"White Non-Hispanic",2018,"2018",48740,4299,"Perry County, IL","05000US17145","perry-county-il"
8,"White Non-Hispanic",2018,"2018",69736,3676.9999999999995,"Piatt County, IL","05000US17147","piatt-county-il"
8,"White Non-Hispanic",2018,"2018",42836,2386,"Pike County, IL","05000US17149","pike-county-il"
8,"White Non-Hispanic",2018,"2018",41006,11285,"Pope County, IL","05000US17151","pope-county-il"
8,"White Non-Hispanic",2018,"2018",38384,4802,"Pulaski County, IL","05000US17153","pulaski-county-il"
8,"White Non-Hispanic",2018,"2018",64267,4469,"Putnam County, IL","05000US17155","putnam-county-il"
8,"White Non-Hispanic",2018,"2018",53480,2186,"Randolph County, IL","05000US17157","randolph-county-il"
8,"White Non-Hispanic",2018,"2018",49362,3075,"Richland County, IL","05000US17159","richland-county-il"
8,"White Non-Hispanic",2018,"2018",54790,1666,"Rock Island County, IL","05000US17161","rock-island-county-il"
8,"White Non-Hispanic",2018,"2018",66116,1280,"St. Clair County, IL","05000US17163","st-clair-county-il"
8,"White Non-Hispanic",2018,"2018",42168,2959,"Saline County, IL","05000US17165","saline-county-il"
8,"White Non-Hispanic",2018,"2018",65500,1716.9999999999998,"Sangamon County, IL","05000US17167","sangamon-county-il"
8,"White Non-Hispanic",2018,"2018",46957,4412,"Schuyler County, IL","05000US17169","schuyler-county-il"
8,"White Non-Hispanic",2018,"2018",54464,5401,"Scott County, IL","05000US17171","scott-county-il"
8,"White Non-Hispanic",2018,"2018",51086,1571,"Shelby County, IL","05000US17173","shelby-county-il"
8,"White Non-Hispanic",2018,"2018",52067,4125,"Stark County, IL","05000US17175","stark-county-il"
8,"White Non-Hispanic",2018,"2018",51732,1942,"Stephenson County, IL","05000US17177","stephenson-county-il"
8,"White Non-Hispanic",2018,"2018",62882,1256,"Tazewell County, IL","05000US17179","tazewell-county-il"
8,"White Non-Hispanic",2018,"2018",50612,1832,"Union County, IL","05000US17181","union-county-il"
8,"White Non-Hispanic",2018,"2018",49914,1971,"Vermilion County, IL","05000US17183","vermilion-county-il"
8,"White Non-Hispanic",2018,"2018",51019,4192,"Wabash County, IL","05000US17185","wabash-county-il"
8,"White Non-Hispanic",2018,"2018",52279,4518,"Warren County, IL","05000US17187","warren-county-il"
8,"White Non-Hispanic",2018,"2018",59500,3082,"Washington County, IL","05000US17189","washington-county-il"
8,"White Non-Hispanic",2018,"2018",50332,2035.9999999999998,"Wayne County, IL","05000US17191","wayne-county-il"
8,"White Non-Hispanic",2018,"2018",48024,3200,"White County, IL","05000US17193","white-county-il"
8,"White Non-Hispanic",2018,"2018",54597,2133,"Whiteside County, IL","05000US17195","whiteside-county-il"
8,"White Non-Hispanic",2018,"2018",90141,1309,"Will County, IL","05000US17197","will-county-il"
8,"White Non-Hispanic",2018,"2018",49888,1767,"Williamson County, IL","05000US17199","williamson-county-il"
8,"White Non-Hispanic",2018,"2018",58497,1130,"Winnebago County, IL","05000US17201","winnebago-county-il"
8,"White Non-Hispanic",2018,"2018",72222,2548,"Woodford County, IL","05000US17203","woodford-county-il"
9,"Hispanic",2018,"2018",67452,18808,"Adams County, IL","05000US17001","adams-county-il"
9,"Hispanic",2018,"2018",63281,4767,"Boone County, IL","05000US17007","boone-county-il"
9,"Hispanic",2018,"2018",56875,8305,"Bureau County, IL","05000US17011","bureau-county-il"
9,"Hispanic",2018,"2018",47396,11492,"Carroll County, IL","05000US17015","carroll-county-il"
9,"Hispanic",2018,"2018",39208,8544,"Cass County, IL","05000US17017","cass-county-il"
9,"Hispanic",2018,"2018",39500,11060,"Champaign County, IL","05000US17019","champaign-county-il"
9,"Hispanic",2018,"2018",126797,90045,"Christian County, IL","05000US17021","christian-county-il"
9,"Hispanic",2018,"2018",70625,60894,"Clark County, IL","05000US17023","clark-county-il"
9,"Hispanic",2018,"2018",36510,5679,"Clinton County, IL","05000US17027","clinton-county-il"
9,"Hispanic",2018,"2018",33318,15470.000000000002,"Coles County, IL","05000US17029","coles-county-il"
9,"Hispanic",2018,"2018",51674,613,"Cook County, IL","05000US17031","cook-county-il"
9,"Hispanic",2018,"2018",34205,34076,"Cumberland County, IL","05000US17035","cumberland-county-il"
9,"Hispanic",2018,"2018",53765,9054,"DeKalb County, IL","05000US17037","dekalb-county-il"
9,"Hispanic",2018,"2018",32500,15358,"De Witt County, IL","05000US17039","de-witt-county-il"
9,"Hispanic",2018,"2018",43393,13072,"Douglas County, IL","05000US17041","douglas-county-il"
9,"Hispanic",2018,"2018",65457,2577,"DuPage County, IL","05000US17043","dupage-county-il"
9,"Hispanic",2018,"2018",42109,5082,"Effingham County, IL","05000US17049","effingham-county-il"
9,"Hispanic",2018,"2018",30938,7550,"Franklin County, IL","05000US17055","franklin-county-il"
9,"Hispanic",2018,"2018",41250,15124,"Fulton County, IL","05000US17057","fulton-county-il"
9,"Hispanic",2018,"2018",60848,9975,"Grundy County, IL","05000US17063","grundy-county-il"
9,"Hispanic",2018,"2018",44926,25330,"Henry County, IL","05000US17073","henry-county-il"
9,"Hispanic",2018,"2018",44500,9934,"Iroquois County, IL","05000US17075","iroquois-county-il"
9,"Hispanic",2018,"2018",29792,9734,"Jackson County, IL","05000US17077","jackson-county-il"
9,"Hispanic",2018,"2018",56713,31687.000000000004,"Jo Daviess County, IL","05000US17085","jo-daviess-county-il"
9,"Hispanic",2018,"2018",55309,2381,"Kane County, IL","05000US17089","kane-county-il"
9,"Hispanic",2018,"2018",48139,5596,"Kankakee County, IL","05000US17091","kankakee-county-il"
9,"Hispanic",2018,"2018",80492,11408,"Kendall County, IL","05000US17093","kendall-county-il"
9,"Hispanic",2018,"2018",29274,11858,"Knox County, IL","05000US17095","knox-county-il"
9,"Hispanic",2018,"2018",57279,2202,"Lake County, IL","05000US17097","lake-county-il"
9,"Hispanic",2018,"2018",48269,4786,"LaSalle County, IL","05000US17099","lasalle-county-il"
9,"Hispanic",2018,"2018",28782,9978,"Lawrence County, IL","05000US17101","lawrence-county-il"
9,"Hispanic",2018,"2018",53068,28176,"Lee County, IL","05000US17103","lee-county-il"
9,"Hispanic",2018,"2018",30658,14393.999999999998,"Livingston County, IL","05000US17105","livingston-county-il"
9,"Hispanic",2018,"2018",61154,5069,"Logan County, IL","05000US17107","logan-county-il"
9,"Hispanic",2018,"2018",65070,5213,"McHenry County, IL","05000US17111","mchenry-county-il"
9,"Hispanic",2018,"2018",43750,7043,"McLean County, IL","05000US17113","mclean-county-il"
9,"Hispanic",2018,"2018",55202,15101.000000000002,"Macon County, IL","05000US17115","macon-county-il"
9,"Hispanic",2018,"2018",38951,6986,"Madison County, IL","05000US17119","madison-county-il"
9,"Hispanic",2018,"2018",56250,18635,"Marshall County, IL","05000US17123","marshall-county-il"
9,"Hispanic",2018,"2018",22917,6892,"Mason County, IL","05000US17125","mason-county-il"
9,"Hispanic",2018,"2018",53088,12406,"Mercer County, IL","05000US17131","mercer-county-il"
9,"Hispanic",2018,"2018",208112,126417,"Monroe County, IL","05000US17133","monroe-county-il"
9,"Hispanic",2018,"2018",26821,25619,"Montgomery County, IL","05000US17135","montgomery-county-il"
9,"Hispanic",2018,"2018",60071,54803.99999999999,"Morgan County, IL","05000US17137","morgan-county-il"
9,"Hispanic",2018,"2018",51179,7879,"Ogle County, IL","05000US17141","ogle-county-il"
9,"Hispanic",2018,"2018",38672,8574,"Peoria County, IL","05000US17143","peoria-county-il"
9,"Hispanic",2018,"2018",44542,10443,"Piatt County, IL","05000US17147","piatt-county-il"
9,"Hispanic",2018,"2018",53125,11066,"Pike County, IL","05000US17149","pike-county-il"
9,"Hispanic",2018,"2018",30179,2505,"Pulaski County, IL","05000US17153","pulaski-county-il"
9,"Hispanic",2018,"2018",53333,17602,"Randolph County, IL","05000US17157","randolph-county-il"
9,"Hispanic",2018,"2018",48696,3472,"Rock Island County, IL","05000US17161","rock-island-county-il"
9,"Hispanic",2018,"2018",45718,10919,"St. Clair County, IL","05000US17163","st-clair-county-il"
9,"Hispanic",2018,"2018",82813,60534.99999999999,"Saline County, IL","05000US17165","saline-county-il"
9,"Hispanic",2018,"2018",55500,6389,"Sangamon County, IL","05000US17167","sangamon-county-il"
9,"Hispanic",2018,"2018",38482,11287,"Shelby County, IL","05000US17173","shelby-county-il"
9,"Hispanic",2018,"2018",27431,20121,"Stephenson County, IL","05000US17177","stephenson-county-il"
9,"Hispanic",2018,"2018",49741,16003.000000000002,"Tazewell County, IL","05000US17179","tazewell-county-il"
9,"Hispanic",2018,"2018",31522,13657,"Union County, IL","05000US17181","union-county-il"
9,"Hispanic",2018,"2018",40455,6412,"Vermilion County, IL","05000US17183","vermilion-county-il"
9,"Hispanic",2018,"2018",41176,5772,"Warren County, IL","05000US17187","warren-county-il"
9,"Hispanic",2018,"2018",63194,42802,"Washington County, IL","05000US17189","washington-county-il"
9,"Hispanic",2018,"2018",35729,25153,"White County, IL","05000US17193","white-county-il"
9,"Hispanic",2018,"2018",49522,5065,"Whiteside County, IL","05000US17195","whiteside-county-il"
9,"Hispanic",2018,"2018",66540,2699,"Will County, IL","05000US17197","will-county-il"
9,"Hispanic",2018,"2018",53000,26546,"Williamson County, IL","05000US17199","williamson-county-il"
9,"Hispanic",2018,"2018",43717,3097,"Winnebago County, IL","05000US17201","winnebago-county-il"
9,"Hispanic",2018,"2018",59634,13169,"Woodford County, IL","05000US17203","woodford-county-il"
0,"Total",2017,"2017",48454,1688.9999999999998,"Adams County, IL","05000US17001","adams-county-il"
0,"Total",2017,"2017",31014,2759,"Alexander County, IL","05000US17003","alexander-county-il"
0,"Total",2017,"2017",54393,4323,"Bond County, IL","05000US17005","bond-county-il"
0,"Total",2017,"2017",62701,3159,"Boone County, IL","05000US17007","boone-county-il"
0,"Total",2017,"2017",56289,3862,"Brown County, IL","05000US17009","brown-county-il"
0,"Total",2017,"2017",54271,1910.0000000000002,"Bureau County, IL","05000US17011","bureau-county-il"
0,"Total",2017,"2017",53641,3602.0000000000005,"Calhoun County, IL","05000US17013","calhoun-county-il"
0,"Total",2017,"2017",50555,3103,"Carroll County, IL","05000US17015","carroll-county-il"
0,"Total",2017,"2017",50156,2767,"Cass County, IL","05000US17017","cass-county-il"
0,"Total",2017,"2017",49586,1516,"Champaign County, IL","05000US17019","champaign-county-il"
0,"Total",2017,"2017",50668,1800,"Christian County, IL","05000US17021","christian-county-il"
0,"Total",2017,"2017",52068,3823.9999999999995,"Clark County, IL","05000US17023","clark-county-il"
0,"Total",2017,"2017",47427,3055,"Clay County, IL","05000US17025","clay-county-il"
0,"Total",2017,"2017",64543,2635,"Clinton County, IL","05000US17027","clinton-county-il"
0,"Total",2017,"2017",41907,1985,"Coles County, IL","05000US17029","coles-county-il"
0,"Total",2017,"2017",59426,380,"Cook County, IL","05000US17031","cook-county-il"
0,"Total",2017,"2017",47468,2393,"Crawford County, IL","05000US17033","crawford-county-il"
0,"Total",2017,"2017",50680,3553,"Cumberland County, IL","05000US17035","cumberland-county-il"
0,"Total",2017,"2017",58343,1544,"DeKalb County, IL","05000US17037","dekalb-county-il"
0,"Total",2017,"2017",55411,3084,"De Witt County, IL","05000US17039","de-witt-county-il"
0,"Total",2017,"2017",52261,2466,"Douglas County, IL","05000US17041","douglas-county-il"
0,"Total",2017,"2017",84442,675,"DuPage County, IL","05000US17043","dupage-county-il"
0,"Total",2017,"2017",47873,3696.9999999999995,"Edgar County, IL","05000US17045","edgar-county-il"
0,"Total",2017,"2017",49632,3182,"Edwards County, IL","05000US17047","edwards-county-il"
0,"Total",2017,"2017",54655,2216,"Effingham County, IL","05000US17049","effingham-county-il"
0,"Total",2017,"2017",44541,2599,"Fayette County, IL","05000US17051","fayette-county-il"
0,"Total",2017,"2017",50851,3131,"Ford County, IL","05000US17053","ford-county-il"
0,"Total",2017,"2017",39454,1721.9999999999998,"Franklin County, IL","05000US17055","franklin-county-il"
0,"Total",2017,"2017",48599,1862.0000000000002,"Fulton County, IL","05000US17057","fulton-county-il"
0,"Total",2017,"2017",42450,4638,"Gallatin County, IL","05000US17059","gallatin-county-il"
0,"Total",2017,"2017",44502,2341,"Greene County, IL","05000US17061","greene-county-il"
0,"Total",2017,"2017",71598,4283,"Grundy County, IL","05000US17063","grundy-county-il"
0,"Total",2017,"2017",47293,7757.999999999999,"Hamilton County, IL","05000US17065","hamilton-county-il"
0,"Total",2017,"2017",51460,1581,"Hancock County, IL","05000US17067","hancock-county-il"
0,"Total",2017,"2017",39524,6819,"Hardin County, IL","05000US17069","hardin-county-il"
0,"Total",2017,"2017",47428,3256,"Henderson County, IL","05000US17071","henderson-county-il"
0,"Total",2017,"2017",55755,2104,"Henry County, IL","05000US17073","henry-county-il"
0,"Total",2017,"2017",48857,2229,"Iroquois County, IL","05000US17075","iroquois-county-il"
0,"Total",2017,"2017",36008,1699,"Jackson County, IL","05000US17077","jackson-county-il"
0,"Total",2017,"2017",56523,4478,"Jasper County, IL","05000US17079","jasper-county-il"
0,"Total",2017,"2017",46109,1918,"Jefferson County, IL","05000US17081","jefferson-county-il"
0,"Total",2017,"2017",56320,2678,"Jersey County, IL","05000US17083","jersey-county-il"
0,"Total",2017,"2017",55532,1868,"Jo Daviess County, IL","05000US17085","jo-daviess-county-il"
0,"Total",2017,"2017",45743,3322,"Johnson County, IL","05000US17087","johnson-county-il"
0,"Total",2017,"2017",74862,1202,"Kane County, IL","05000US17089","kane-county-il"
0,"Total",2017,"2017",56542,1415,"Kankakee County, IL","05000US17091","kankakee-county-il"
0,"Total",2017,"2017",89860,4149,"Kendall County, IL","05000US17093","kendall-county-il"
0,"Total",2017,"2017",41972,1269,"Knox County, IL","05000US17095","knox-county-il"
0,"Total",2017,"2017",82613,941.9999999999999,"Lake County, IL","05000US17097","lake-county-il"
0,"Total",2017,"2017",54693,1378,"LaSalle County, IL","05000US17099","lasalle-county-il"
0,"Total",2017,"2017",44504,3076,"Lawrence County, IL","05000US17101","lawrence-county-il"
0,"Total",2017,"2017",58319,3413.9999999999995,"Lee County, IL","05000US17103","lee-county-il"
0,"Total",2017,"2017",54339,2539,"Livingston County, IL","05000US17105","livingston-county-il"
0,"Total",2017,"2017",58271,2629,"Logan County, IL","05000US17107","logan-county-il"
0,"Total",2017,"2017",42911,3068,"McDonough County, IL","05000US17109","mcdonough-county-il"
0,"Total",2017,"2017",82230,1657,"McHenry County, IL","05000US17111","mchenry-county-il"
0,"Total",2017,"2017",64573,1837,"McLean County, IL","05000US17113","mclean-county-il"
0,"Total",2017,"2017",49052,1792.9999999999998,"Macon County, IL","05000US17115","macon-county-il"
0,"Total",2017,"2017",53890,2348,"Macoupin County, IL","05000US17117","macoupin-county-il"
0,"Total",2017,"2017",56536,1150,"Madison County, IL","05000US17119","madison-county-il"
0,"Total",2017,"2017",44679,2207,"Marion County, IL","05000US17121","marion-county-il"
0,"Total",2017,"2017",55173,2308,"Marshall County, IL","05000US17123","marshall-county-il"
0,"Total",2017,"2017",44695,3786,"Mason County, IL","05000US17125","mason-county-il"
0,"Total",2017,"2017",42168,3400.0000000000005,"Massac County, IL","05000US17127","massac-county-il"
0,"Total",2017,"2017",62368,2953,"Menard County, IL","05000US17129","menard-county-il"
0,"Total",2017,"2017",55649,2472,"Mercer County, IL","05000US17131","mercer-county-il"
0,"Total",2017,"2017",74410,4039,"Monroe County, IL","05000US17133","monroe-county-il"
0,"Total",2017,"2017",47807,1721,"Montgomery County, IL","05000US17135","montgomery-county-il"
0,"Total",2017,"2017",49353,2807,"Morgan County, IL","05000US17137","morgan-county-il"
0,"Total",2017,"2017",53979,3590.9999999999995,"Moultrie County, IL","05000US17139","moultrie-county-il"
0,"Total",2017,"2017",57655,1762,"Ogle County, IL","05000US17141","ogle-county-il"
0,"Total",2017,"2017",53063,1092,"Peoria County, IL","05000US17143","peoria-county-il"
0,"Total",2017,"2017",45864,3207,"Perry County, IL","05000US17145","perry-county-il"
0,"Total",2017,"2017",67360,4426,"Piatt County, IL","05000US17147","piatt-county-il"
0,"Total",2017,"2017",41387,1354,"Pike County, IL","05000US17149","pike-county-il"
0,"Total",2017,"2017",41139,7064.999999999999,"Pope County, IL","05000US17151","pope-county-il"
0,"Total",2017,"2017",34655,3428.9999999999995,"Pulaski County, IL","05000US17153","pulaski-county-il"
0,"Total",2017,"2017",64741,5458,"Putnam County, IL","05000US17155","putnam-county-il"
0,"Total",2017,"2017",49717,1994,"Randolph County, IL","05000US17157","randolph-county-il"
0,"Total",2017,"2017",46454,3015,"Richland County, IL","05000US17159","richland-county-il"
0,"Total",2017,"2017",51426,957,"Rock Island County, IL","05000US17161","rock-island-county-il"
0,"Total",2017,"2017",51103,1054,"St. Clair County, IL","05000US17163","st-clair-county-il"
0,"Total",2017,"2017",40722,2498,"Saline County, IL","05000US17165","saline-county-il"
0,"Total",2017,"2017",58687,1256,"Sangamon County, IL","05000US17167","sangamon-county-il"
0,"Total",2017,"2017",47321,4462,"Schuyler County, IL","05000US17169","schuyler-county-il"
0,"Total",2017,"2017",48542,6516,"Scott County, IL","05000US17171","scott-county-il"
0,"Total",2017,"2017",49807,2404,"Shelby County, IL","05000US17173","shelby-county-il"
0,"Total",2017,"2017",52284,2543,"Stark County, IL","05000US17175","stark-county-il"
0,"Total",2017,"2017",46427,1906,"Stephenson County, IL","05000US17177","stephenson-county-il"
0,"Total",2017,"2017",60874,1682,"Tazewell County, IL","05000US17179","tazewell-county-il"
0,"Total",2017,"2017",46716,3562.0000000000005,"Union County, IL","05000US17181","union-county-il"
0,"Total",2017,"2017",44930,1688,"Vermilion County, IL","05000US17183","vermilion-county-il"
0,"Total",2017,"2017",49716,3423,"Wabash County, IL","05000US17185","wabash-county-il"
0,"Total",2017,"2017",47278,2781,"Warren County, IL","05000US17187","warren-county-il"
0,"Total",2017,"2017",54520,2760,"Washington County, IL","05000US17189","washington-county-il"
0,"Total",2017,"2017",46405,3218,"Wayne County, IL","05000US17191","wayne-county-il"
0,"Total",2017,"2017",46279,3062,"White County, IL","05000US17193","white-county-il"
0,"Total",2017,"2017",51969,1904,"Whiteside County, IL","05000US17195","whiteside-county-il"
0,"Total",2017,"2017",80782,1137,"Will County, IL","05000US17197","will-county-il"
0,"Total",2017,"2017",48600,1911,"Williamson County, IL","05000US17199","williamson-county-il"
0,"Total",2017,"2017",51110,701,"Winnebago County, IL","05000US17201","winnebago-county-il"
0,"Total",2017,"2017",69507,2304,"Woodford County, IL","05000US17203","woodford-county-il"
1,"White",2017,"2017",49623,1739.9999999999998,"Adams County, IL","05000US17001","adams-county-il"
1,"White",2017,"2017",37773,3156,"Alexander County, IL","05000US17003","alexander-county-il"
1,"White",2017,"2017",54464,4396,"Bond County, IL","05000US17005","bond-county-il"
1,"White",2017,"2017",61943,3152,"Boone County, IL","05000US17007","boone-county-il"
1,"White",2017,"2017",56426,3691.9999999999995,"Brown County, IL","05000US17009","brown-county-il"
1,"White",2017,"2017",54401,1933,"Bureau County, IL","05000US17011","bureau-county-il"
1,"White",2017,"2017",54167,4184,"Calhoun County, IL","05000US17013","calhoun-county-il"
1,"White",2017,"2017",50503,3011,"Carroll County, IL","05000US17015","carroll-county-il"
1,"White",2017,"2017",51078,2374,"Cass County, IL","05000US17017","cass-county-il"
1,"White",2017,"2017",56344,1334,"Champaign County, IL","05000US17019","champaign-county-il"
1,"White",2017,"2017",50978,1714,"Christian County, IL","05000US17021","christian-county-il"
1,"White",2017,"2017",51932,3801,"Clark County, IL","05000US17023","clark-county-il"
1,"White",2017,"2017",47500,3208,"Clay County, IL","05000US17025","clay-county-il"
1,"White",2017,"2017",65030,2520,"Clinton County, IL","05000US17027","clinton-county-il"
1,"White",2017,"2017",43604,2670,"Coles County, IL","05000US17029","coles-county-il"
1,"White",2017,"2017",71522,526,"Cook County, IL","05000US17031","cook-county-il"
1,"White",2017,"2017",47461,2557,"Crawford County, IL","05000US17033","crawford-county-il"
1,"White",2017,"2017",50477,4273,"Cumberland County, IL","05000US17035","cumberland-county-il"
1,"White",2017,"2017",62082,1842,"DeKalb County, IL","05000US17037","dekalb-county-il"
1,"White",2017,"2017",56295,2310,"De Witt County, IL","05000US17039","de-witt-county-il"
1,"White",2017,"2017",52320,2734,"Douglas County, IL","05000US17041","douglas-county-il"
1,"White",2017,"2017",86451,831,"DuPage County, IL","05000US17043","dupage-county-il"
1,"White",2017,"2017",47708,3686,"Edgar County, IL","05000US17045","edgar-county-il"
1,"White",2017,"2017",49853,3150,"Edwards County, IL","05000US17047","edwards-county-il"
1,"White",2017,"2017",54891,2251,"Effingham County, IL","05000US17049","effingham-county-il"
1,"White",2017,"2017",44675,2538,"Fayette County, IL","05000US17051","fayette-county-il"
1,"White",2017,"2017",51005,3075,"Ford County, IL","05000US17053","ford-county-il"
1,"White",2017,"2017",39755,1647,"Franklin County, IL","05000US17055","franklin-county-il"
1,"White",2017,"2017",48718,1862.0000000000002,"Fulton County, IL","05000US17057","fulton-county-il"
1,"White",2017,"2017",43298,4463,"Gallatin County, IL","05000US17059","gallatin-county-il"
1,"White",2017,"2017",44469,2350,"Greene County, IL","05000US17061","greene-county-il"
1,"White",2017,"2017",72933,3888,"Grundy County, IL","05000US17063","grundy-county-il"
1,"White",2017,"2017",47250,7616,"Hamilton County, IL","05000US17065","hamilton-county-il"
1,"White",2017,"2017",51688,1600,"Hancock County, IL","05000US17067","hancock-county-il"
1,"White",2017,"2017",39881,6829,"Hardin County, IL","05000US17069","hardin-county-il"
1,"White",2017,"2017",47516,3309,"Henderson County, IL","05000US17071","henderson-county-il"
1,"White",2017,"2017",56865,2025.9999999999998,"Henry County, IL","05000US17073","henry-county-il"
1,"White",2017,"2017",49720,2383,"Iroquois County, IL","05000US17075","iroquois-county-il"
1,"White",2017,"2017",41108,2212,"Jackson County, IL","05000US17077","jackson-county-il"
1,"White",2017,"2017",56393,4509,"Jasper County, IL","05000US17079","jasper-county-il"
1,"White",2017,"2017",47141,2168,"Jefferson County, IL","05000US17081","jefferson-county-il"
1,"White",2017,"2017",56448,3071,"Jersey County, IL","05000US17083","jersey-county-il"
1,"White",2017,"2017",55831,1814,"Jo Daviess County, IL","05000US17085","jo-daviess-county-il"
1,"White",2017,"2017",46098,3635,"Johnson County, IL","05000US17087","johnson-county-il"
1,"White",2017,"2017",81299,1572,"Kane County, IL","05000US17089","kane-county-il"
1,"White",2017,"2017",61816,1411,"Kankakee County, IL","05000US17091","kankakee-county-il"
1,"White",2017,"2017",93124,3949,"Kendall County, IL","05000US17093","kendall-county-il"
1,"White",2017,"2017",43827,1918,"Knox County, IL","05000US17095","knox-county-il"
1,"White",2017,"2017",86159,1223,"Lake County, IL","05000US17097","lake-county-il"
1,"White",2017,"2017",55486,1315,"LaSalle County, IL","05000US17099","lasalle-county-il"
1,"White",2017,"2017",45983,2828,"Lawrence County, IL","05000US17101","lawrence-county-il"
1,"White",2017,"2017",58277,3356,"Lee County, IL","05000US17103","lee-county-il"
1,"White",2017,"2017",54833,2434,"Livingston County, IL","05000US17105","livingston-county-il"
1,"White",2017,"2017",59157,2634,"Logan County, IL","05000US17107","logan-county-il"
1,"White",2017,"2017",43616,3084,"McDonough County, IL","05000US17109","mcdonough-county-il"
1,"White",2017,"2017",82530,1453,"McHenry County, IL","05000US17111","mchenry-county-il"
1,"White",2017,"2017",66961,2381,"McLean County, IL","05000US17113","mclean-county-il"
1,"White",2017,"2017",52820,1832,"Macon County, IL","05000US17115","macon-county-il"
1,"White",2017,"2017",54130,2375,"Macoupin County, IL","05000US17117","macoupin-county-il"
1,"White",2017,"2017",59832,1202,"Madison County, IL","05000US17119","madison-county-il"
1,"White",2017,"2017",46057,1979.9999999999998,"Marion County, IL","05000US17121","marion-county-il"
1,"White",2017,"2017",55417,2314,"Marshall County, IL","05000US17123","marshall-county-il"
1,"White",2017,"2017",45601,4210,"Mason County, IL","05000US17125","mason-county-il"
1,"White",2017,"2017",43598,4154,"Massac County, IL","05000US17127","massac-county-il"
1,"White",2017,"2017",62672,3403,"Menard County, IL","05000US17129","menard-county-il"
1,"White",2017,"2017",55475,2484,"Mercer County, IL","05000US17131","mercer-county-il"
1,"White",2017,"2017",74821,4379,"Monroe County, IL","05000US17133","monroe-county-il"
1,"White",2017,"2017",48048,1630,"Montgomery County, IL","05000US17135","montgomery-county-il"
1,"White",2017,"2017",51125,2447,"Morgan County, IL","05000US17137","morgan-county-il"
1,"White",2017,"2017",54156,3620.9999999999995,"Moultrie County, IL","05000US17139","moultrie-county-il"
1,"White",2017,"2017",57799,1850,"Ogle County, IL","05000US17141","ogle-county-il"
1,"White",2017,"2017",58166,1624,"Peoria County, IL","05000US17143","peoria-county-il"
1,"White",2017,"2017",46151,3246,"Perry County, IL","05000US17145","perry-county-il"
1,"White",2017,"2017",69328,4937,"Piatt County, IL","05000US17147","piatt-county-il"
1,"White",2017,"2017",41627,1416,"Pike County, IL","05000US17149","pike-county-il"
1,"White",2017,"2017",41194,6770,"Pope County, IL","05000US17151","pope-county-il"
1,"White",2017,"2017",38945,5922,"Pulaski County, IL","05000US17153","pulaski-county-il"
1,"White",2017,"2017",64957,5613,"Putnam County, IL","05000US17155","putnam-county-il"
1,"White",2017,"2017",50802,1699,"Randolph County, IL","05000US17157","randolph-county-il"
1,"White",2017,"2017",46690,3181,"Richland County, IL","05000US17159","richland-county-il"
1,"White",2017,"2017",53001,1374,"Rock Island County, IL","05000US17161","rock-island-county-il"
1,"White",2017,"2017",63452,1351,"St. Clair County, IL","05000US17163","st-clair-county-il"
1,"White",2017,"2017",41843,2559,"Saline County, IL","05000US17165","saline-county-il"
1,"White",2017,"2017",63326,1442,"Sangamon County, IL","05000US17167","sangamon-county-il"
1,"White",2017,"2017",47392,4558,"Schuyler County, IL","05000US17169","schuyler-county-il"
1,"White",2017,"2017",48750,6814,"Scott County, IL","05000US17171","scott-county-il"
1,"White",2017,"2017",49906,2562,"Shelby County, IL","05000US17173","shelby-county-il"
1,"White",2017,"2017",52191,2676,"Stark County, IL","05000US17175","stark-county-il"
1,"White",2017,"2017",48792,1968.0000000000002,"Stephenson County, IL","05000US17177","stephenson-county-il"
1,"White",2017,"2017",61069,1690,"Tazewell County, IL","05000US17179","tazewell-county-il"
1,"White",2017,"2017",47556,3305,"Union County, IL","05000US17181","union-county-il"
1,"White",2017,"2017",48689,1590,"Vermilion County, IL","05000US17183","vermilion-county-il"
1,"White",2017,"2017",49265,3316,"Wabash County, IL","05000US17185","wabash-county-il"
1,"White",2017,"2017",48957,3418.9999999999995,"Warren County, IL","05000US17187","warren-county-il"
1,"White",2017,"2017",54803,2830,"Washington County, IL","05000US17189","washington-county-il"
1,"White",2017,"2017",46755,3065,"Wayne County, IL","05000US17191","wayne-county-il"
1,"White",2017,"2017",45814,3011,"White County, IL","05000US17193","white-county-il"
1,"White",2017,"2017",52024,1900,"Whiteside County, IL","05000US17195","whiteside-county-il"
1,"White",2017,"2017",85053,1051,"Will County, IL","05000US17197","will-county-il"
1,"White",2017,"2017",48844,1966,"Williamson County, IL","05000US17199","williamson-county-il"
1,"White",2017,"2017",54866,1029,"Winnebago County, IL","05000US17201","winnebago-county-il"
1,"White",2017,"2017",69609,2246,"Woodford County, IL","05000US17203","woodford-county-il"
2,"Black",2017,"2017",30801,4929,"Adams County, IL","05000US17001","adams-county-il"
2,"Black",2017,"2017",23084,2802,"Alexander County, IL","05000US17003","alexander-county-il"
2,"Black",2017,"2017",71193,13929.999999999998,"Boone County, IL","05000US17007","boone-county-il"
2,"Black",2017,"2017",11250,3403,"Carroll County, IL","05000US17015","carroll-county-il"
2,"Black",2017,"2017",35750,6059,"Cass County, IL","05000US17017","cass-county-il"
2,"Black",2017,"2017",30339,2165,"Champaign County, IL","05000US17019","champaign-county-il"
2,"Black",2017,"2017",14167,8196,"Christian County, IL","05000US17021","christian-county-il"
2,"Black",2017,"2017",62474,4195,"Clinton County, IL","05000US17027","clinton-county-il"
2,"Black",2017,"2017",14728,5357,"Coles County, IL","05000US17029","coles-county-il"
2,"Black",2017,"2017",36059,456.00000000000006,"Cook County, IL","05000US17031","cook-county-il"
2,"Black",2017,"2017",113500,16687,"Crawford County, IL","05000US17033","crawford-county-il"
2,"Black",2017,"2017",22042,6018,"DeKalb County, IL","05000US17037","dekalb-county-il"
2,"Black",2017,"2017",53005,3443,"DuPage County, IL","05000US17043","dupage-county-il"
2,"Black",2017,"2017",31705,10182,"Effingham County, IL","05000US17049","effingham-county-il"
2,"Black",2017,"2017",29922,18198,"Franklin County, IL","05000US17055","franklin-county-il"
2,"Black",2017,"2017",46324,45824,"Fulton County, IL","05000US17057","fulton-county-il"
2,"Black",2017,"2017",14727,9028,"Henry County, IL","05000US17073","henry-county-il"
2,"Black",2017,"2017",21929,17584,"Iroquois County, IL","05000US17075","iroquois-county-il"
2,"Black",2017,"2017",16895,4568,"Jackson County, IL","05000US17077","jackson-county-il"
2,"Black",2017,"2017",29830,10769,"Jefferson County, IL","05000US17081","jefferson-county-il"
2,"Black",2017,"2017",19792,9472,"Jo Daviess County, IL","05000US17085","jo-daviess-county-il"
2,"Black",2017,"2017",47717,6250,"Kane County, IL","05000US17089","kane-county-il"
2,"Black",2017,"2017",29046,4012.0000000000005,"Kankakee County, IL","05000US17091","kankakee-county-il"
2,"Black",2017,"2017",81579,34305,"Kendall County, IL","05000US17093","kendall-county-il"
2,"Black",2017,"2017",16250,4061.9999999999995,"Knox County, IL","05000US17095","knox-county-il"
2,"Black",2017,"2017",43537,4721,"Lake County, IL","05000US17097","lake-county-il"
2,"Black",2017,"2017",47500,14889,"Logan County, IL","05000US17107","logan-county-il"
2,"Black",2017,"2017",73250,15569.999999999998,"McHenry County, IL","05000US17111","mchenry-county-il"
2,"Black",2017,"2017",29778,6141,"McLean County, IL","05000US17113","mclean-county-il"
2,"Black",2017,"2017",24089,2969,"Macon County, IL","05000US17115","macon-county-il"
2,"Black",2017,"2017",29585,3838,"Madison County, IL","05000US17119","madison-county-il"
2,"Black",2017,"2017",23232,9210,"Marion County, IL","05000US17121","marion-county-il"
2,"Black",2017,"2017",23009,11029,"Massac County, IL","05000US17127","massac-county-il"
2,"Black",2017,"2017",41970,21742,"Monroe County, IL","05000US17133","monroe-county-il"
2,"Black",2017,"2017",26296,13252,"Morgan County, IL","05000US17137","morgan-county-il"
2,"Black",2017,"2017",28143,1127,"Peoria County, IL","05000US17143","peoria-county-il"
2,"Black",2017,"2017",25089,18275,"Perry County, IL","05000US17145","perry-county-il"
2,"Black",2017,"2017",29239,5139,"Pulaski County, IL","05000US17153","pulaski-county-il"
2,"Black",2017,"2017",35158,11021,"Randolph County, IL","05000US17157","randolph-county-il"
2,"Black",2017,"2017",34045,3954,"Rock Island County, IL","05000US17161","rock-island-county-il"
2,"Black",2017,"2017",27852,1767,"St. Clair County, IL","05000US17163","st-clair-county-il"
2,"Black",2017,"2017",26555,3050,"Sangamon County, IL","05000US17167","sangamon-county-il"
2,"Black",2017,"2017",27345,3398.9999999999995,"Stephenson County, IL","05000US17177","stephenson-county-il"
2,"Black",2017,"2017",25900,12993,"Tazewell County, IL","05000US17179","tazewell-county-il"
2,"Black",2017,"2017",23963,4563,"Vermilion County, IL","05000US17183","vermilion-county-il"
2,"Black",2017,"2017",46063,44940,"Warren County, IL","05000US17187","warren-county-il"
2,"Black",2017,"2017",2499,,"Wayne County, IL","05000US17191","wayne-county-il"
2,"Black",2017,"2017",33750,8880,"Whiteside County, IL","05000US17195","whiteside-county-il"
2,"Black",2017,"2017",57475,2747,"Will County, IL","05000US17197","will-county-il"
2,"Black",2017,"2017",40096,39730,"Williamson County, IL","05000US17199","williamson-county-il"
2,"Black",2017,"2017",27289,2281,"Winnebago County, IL","05000US17201","winnebago-county-il"
3,"Native American",2017,"2017",25000,10442,"Adams County, IL","05000US17001","adams-county-il"
3,"Native American",2017,"2017",107540,102406,"Boone County, IL","05000US17007","boone-county-il"
3,"Native American",2017,"2017",26477,7941.999999999999,"Christian County, IL","05000US17021","christian-county-il"
3,"Native American",2017,"2017",50741,49237,"Clinton County, IL","05000US17027","clinton-county-il"
3,"Native American",2017,"2017",40344,3944,"Cook County, IL","05000US17031","cook-county-il"
3,"Native American",2017,"2017",88000,26496,"DeKalb County, IL","05000US17037","dekalb-county-il"
3,"Native American",2017,"2017",88500,10485,"De Witt County, IL","05000US17039","de-witt-county-il"
3,"Native American",2017,"2017",23603,2447,"Douglas County, IL","05000US17041","douglas-county-il"
3,"Native American",2017,"2017",66250,8423,"DuPage County, IL","05000US17043","dupage-county-il"
3,"Native American",2017,"2017",160147,148752,"Ford County, IL","05000US17053","ford-county-il"
3,"Native American",2017,"2017",82946,76823,"Greene County, IL","05000US17061","greene-county-il"
3,"Native American",2017,"2017",24625,11604,"Jackson County, IL","05000US17077","jackson-county-il"
3,"Native American",2017,"2017",67386,26000,"Kane County, IL","05000US17089","kane-county-il"
3,"Native American",2017,"2017",54554,14463.999999999998,"Lake County, IL","05000US17097","lake-county-il"
3,"Native American",2017,"2017",65833,27020,"Logan County, IL","05000US17107","logan-county-il"
3,"Native American",2017,"2017",31875,18530,"McDonough County, IL","05000US17109","mcdonough-county-il"
3,"Native American",2017,"2017",35700,35387,"McHenry County, IL","05000US17111","mchenry-county-il"
3,"Native American",2017,"2017",51875,24305,"McLean County, IL","05000US17113","mclean-county-il"
3,"Native American",2017,"2017",21833,18577,"Macon County, IL","05000US17115","macon-county-il"
3,"Native American",2017,"2017",6806,1416,"Macoupin County, IL","05000US17117","macoupin-county-il"
3,"Native American",2017,"2017",72071,23644,"Madison County, IL","05000US17119","madison-county-il"
3,"Native American",2017,"2017",68125,35001,"Ogle County, IL","05000US17141","ogle-county-il"
3,"Native American",2017,"2017",82667,38768,"Peoria County, IL","05000US17143","peoria-county-il"
3,"Native American",2017,"2017",48947,22575,"Randolph County, IL","05000US17157","randolph-county-il"
3,"Native American",2017,"2017",22679,12162,"Rock Island County, IL","05000US17161","rock-island-county-il"
3,"Native American",2017,"2017",26250,8781,"St. Clair County, IL","05000US17163","st-clair-county-il"
3,"Native American",2017,"2017",86500,42465,"Sangamon County, IL","05000US17167","sangamon-county-il"
3,"Native American",2017,"2017",65781,23935,"Stephenson County, IL","05000US17177","stephenson-county-il"
3,"Native American",2017,"2017",21654,7383.999999999999,"Vermilion County, IL","05000US17183","vermilion-county-il"
3,"Native American",2017,"2017",41389,28082,"Whiteside County, IL","05000US17195","whiteside-county-il"
3,"Native American",2017,"2017",58816,28428.999999999996,"Will County, IL","05000US17197","will-county-il"
3,"Native American",2017,"2017",35813,29967,"Winnebago County, IL","05000US17201","winnebago-county-il"
4,"Asian",2017,"2017",56212,40588,"Adams County, IL","05000US17001","adams-county-il"
4,"Asian",2017,"2017",51579,15432,"Bureau County, IL","05000US17011","bureau-county-il"
4,"Asian",2017,"2017",32273,16957,"Carroll County, IL","05000US17015","carroll-county-il"
4,"Asian",2017,"2017",24215,2380,"Champaign County, IL","05000US17019","champaign-county-il"
4,"Asian",2017,"2017",74954,44878,"Clinton County, IL","05000US17027","clinton-county-il"
4,"Asian",2017,"2017",29205,12897,"Coles County, IL","05000US17029","coles-county-il"
4,"Asian",2017,"2017",74930,1433,"Cook County, IL","05000US17031","cook-county-il"
4,"Asian",2017,"2017",49238,14340,"DeKalb County, IL","05000US17037","dekalb-county-il"
4,"Asian",2017,"2017",101791,4730,"DuPage County, IL","05000US17043","dupage-county-il"
4,"Asian",2017,"2017",67969,6693,"Effingham County, IL","05000US17049","effingham-county-il"
4,"Asian",2017,"2017",21406,17440,"Fulton County, IL","05000US17057","fulton-county-il"
4,"Asian",2017,"2017",41250,37538,"Hancock County, IL","05000US17067","hancock-county-il"
4,"Asian",2017,"2017",58558,55437,"Henry County, IL","05000US17073","henry-county-il"
4,"Asian",2017,"2017",40386,8206,"Jackson County, IL","05000US17077","jackson-county-il"
4,"Asian",2017,"2017",165625,140106,"Jefferson County, IL","05000US17081","jefferson-county-il"
4,"Asian",2017,"2017",41806,2631,"Jo Daviess County, IL","05000US17085","jo-daviess-county-il"
4,"Asian",2017,"2017",97206,10789,"Kane County, IL","05000US17089","kane-county-il"
4,"Asian",2017,"2017",73688,19821,"Kankakee County, IL","05000US17091","kankakee-county-il"
4,"Asian",2017,"2017",92547,24564,"Kendall County, IL","05000US17093","kendall-county-il"
4,"Asian",2017,"2017",113553,46385,"Knox County, IL","05000US17095","knox-county-il"
4,"Asian",2017,"2017",110639,6809,"Lake County, IL","05000US17097","lake-county-il"
4,"Asian",2017,"2017",64750,24017,"LaSalle County, IL","05000US17099","lasalle-county-il"
4,"Asian",2017,"2017",32708,13962,"Lee County, IL","05000US17103","lee-county-il"
4,"Asian",2017,"2017",68500,61367,"Livingston County, IL","05000US17105","livingston-county-il"
4,"Asian",2017,"2017",54375,16476,"Logan County, IL","05000US17107","logan-county-il"
4,"Asian",2017,"2017",54671,38765,"McDonough County, IL","05000US17109","mcdonough-county-il"
4,"Asian",2017,"2017",112589,13600.999999999998,"McHenry County, IL","05000US17111","mchenry-county-il"
4,"Asian",2017,"2017",88268,13712,"McLean County, IL","05000US17113","mclean-county-il"
4,"Asian",2017,"2017",88220,17045,"Macon County, IL","05000US17115","macon-county-il"
4,"Asian",2017,"2017",70375,35351,"Macoupin County, IL","05000US17117","macoupin-county-il"
4,"Asian",2017,"2017",45429,15937,"Madison County, IL","05000US17119","madison-county-il"
4,"Asian",2017,"2017",49594,34711,"Marion County, IL","05000US17121","marion-county-il"
4,"Asian",2017,"2017",65313,10549,"Mercer County, IL","05000US17131","mercer-county-il"
4,"Asian",2017,"2017",65735,22236,"Ogle County, IL","05000US17141","ogle-county-il"
4,"Asian",2017,"2017",91505,3145,"Peoria County, IL","05000US17143","peoria-county-il"
4,"Asian",2017,"2017",92991,48265,"Perry County, IL","05000US17145","perry-county-il"
4,"Asian",2017,"2017",53846,51656,"Randolph County, IL","05000US17157","randolph-county-il"
4,"Asian",2017,"2017",65767,9082,"Rock Island County, IL","05000US17161","rock-island-county-il"
4,"Asian",2017,"2017",78019,12548,"St. Clair County, IL","05000US17163","st-clair-county-il"
4,"Asian",2017,"2017",50865,36535,"Saline County, IL","05000US17165","saline-county-il"
4,"Asian",2017,"2017",69702,16760,"Sangamon County, IL","05000US17167","sangamon-county-il"
4,"Asian",2017,"2017",47885,10744,"Shelby County, IL","05000US17173","shelby-county-il"
4,"Asian",2017,"2017",111063,26719,"Tazewell County, IL","05000US17179","tazewell-county-il"
4,"Asian",2017,"2017",52414,16173.000000000002,"Vermilion County, IL","05000US17183","vermilion-county-il"
4,"Asian",2017,"2017",39944,14575,"Warren County, IL","05000US17187","warren-county-il"
4,"Asian",2017,"2017",90714,32619,"Washington County, IL","05000US17189","washington-county-il"
4,"Asian",2017,"2017",125885,31827.999999999996,"Whiteside County, IL","05000US17195","whiteside-county-il"
4,"Asian",2017,"2017",119892,5627,"Will County, IL","05000US17197","will-county-il"
4,"Asian",2017,"2017",60227,11161,"Winnebago County, IL","05000US17201","winnebago-county-il"
5,"Pacific Islander",2017,"2017",59524,32936,"Cook County, IL","05000US17031","cook-county-il"
5,"Pacific Islander",2017,"2017",62083,57684,"Kane County, IL","05000US17089","kane-county-il"
5,"Pacific Islander",2017,"2017",80335,74895,"Lake County, IL","05000US17097","lake-county-il"
5,"Pacific Islander",2017,"2017",76645,22336,"Lee County, IL","05000US17103","lee-county-il"
5,"Pacific Islander",2017,"2017",158404,64306.99999999999,"Madison County, IL","05000US17119","madison-county-il"
5,"Pacific Islander",2017,"2017",81786,37536,"St. Clair County, IL","05000US17163","st-clair-county-il"
5,"Pacific Islander",2017,"2017",51008,3683.0000000000005,"Winnebago County, IL","05000US17201","winnebago-county-il"
6,"Other",2017,"2017",64518,11966,"Boone County, IL","05000US17007","boone-county-il"
6,"Other",2017,"2017",50556,19588,"Bureau County, IL","05000US17011","bureau-county-il"
6,"Other",2017,"2017",42125,19563,"Cass County, IL","05000US17017","cass-county-il"
6,"Other",2017,"2017",48811,8768,"Champaign County, IL","05000US17019","champaign-county-il"
6,"Other",2017,"2017",46334,865.9999999999999,"Cook County, IL","05000US17031","cook-county-il"
6,"Other",2017,"2017",36958,15789.999999999998,"DeKalb County, IL","05000US17037","dekalb-county-il"
6,"Other",2017,"2017",33304,5957,"De Witt County, IL","05000US17039","de-witt-county-il"
6,"Other",2017,"2017",61563,35212,"Douglas County, IL","05000US17041","douglas-county-il"
6,"Other",2017,"2017",51100,5390,"DuPage County, IL","05000US17043","dupage-county-il"
6,"Other",2017,"2017",42083,12948,"Effingham County, IL","05000US17049","effingham-county-il"
6,"Other",2017,"2017",54405,22436,"Grundy County, IL","05000US17063","grundy-county-il"
6,"Other",2017,"2017",27961,13509,"Henry County, IL","05000US17073","henry-county-il"
6,"Other",2017,"2017",35313,15524,"Iroquois County, IL","05000US17075","iroquois-county-il"
6,"Other",2017,"2017",50605,2373,"Kane County, IL","05000US17089","kane-county-il"
6,"Other",2017,"2017",41065,13536.999999999998,"Kankakee County, IL","05000US17091","kankakee-county-il"
6,"Other",2017,"2017",52477,19689,"Kendall County, IL","05000US17093","kendall-county-il"
6,"Other",2017,"2017",40827,6176,"Knox County, IL","05000US17095","knox-county-il"
6,"Other",2017,"2017",54207,3431,"Lake County, IL","05000US17097","lake-county-il"
6,"Other",2017,"2017",47674,5162,"LaSalle County, IL","05000US17099","lasalle-county-il"
6,"Other",2017,"2017",40833,5170,"Lawrence County, IL","05000US17101","lawrence-county-il"
6,"Other",2017,"2017",68000,28622,"Livingston County, IL","05000US17105","livingston-county-il"
6,"Other",2017,"2017",34821,10848,"McDonough County, IL","05000US17109","mcdonough-county-il"
6,"Other",2017,"2017",56932,13236,"McHenry County, IL","05000US17111","mchenry-county-il"
6,"Other",2017,"2017",64125,29651,"McLean County, IL","05000US17113","mclean-county-il"
6,"Other",2017,"2017",59444,18650,"Macon County, IL","05000US17115","macon-county-il"
6,"Other",2017,"2017",24688,11898,"Macoupin County, IL","05000US17117","macoupin-county-il"
6,"Other",2017,"2017",37885,26662,"Madison County, IL","05000US17119","madison-county-il"
6,"Other",2017,"2017",16833,11287,"Marshall County, IL","05000US17123","marshall-county-il"
6,"Other",2017,"2017",49583,14174.000000000002,"Ogle County, IL","05000US17141","ogle-county-il"
6,"Other",2017,"2017",48594,10842,"Peoria County, IL","05000US17143","peoria-county-il"
6,"Other",2017,"2017",44375,26937,"Randolph County, IL","05000US17157","randolph-county-il"
6,"Other",2017,"2017",53727,9829,"Rock Island County, IL","05000US17161","rock-island-county-il"
6,"Other",2017,"2017",42442,34424,"St. Clair County, IL","05000US17163","st-clair-county-il"
6,"Other",2017,"2017",60658,12460,"Sangamon County, IL","05000US17167","sangamon-county-il"
6,"Other",2017,"2017",85357,69779,"Stephenson County, IL","05000US17177","stephenson-county-il"
6,"Other",2017,"2017",80865,21594,"Tazewell County, IL","05000US17179","tazewell-county-il"
6,"Other",2017,"2017",38750,26138,"Vermilion County, IL","05000US17183","vermilion-county-il"
6,"Other",2017,"2017",39167,5923,"Warren County, IL","05000US17187","warren-county-il"
6,"Other",2017,"2017",54271,9083,"Whiteside County, IL","05000US17195","whiteside-county-il"
6,"Other",2017,"2017",55036,2916,"Will County, IL","05000US17197","will-county-il"
6,"Other",2017,"2017",70610,18118,"Williamson County, IL","05000US17199","williamson-county-il"
6,"Other",2017,"2017",41191,3433.9999999999995,"Winnebago County, IL","05000US17201","winnebago-county-il"
7,"Two Or More",2017,"2017",66250,4389,"Bureau County, IL","05000US17011","bureau-county-il"
7,"Two Or More",2017,"2017",6683,3590,"Calhoun County, IL","05000US17013","calhoun-county-il"
7,"Two Or More",2017,"2017",77188,28919,"Carroll County, IL","05000US17015","carroll-county-il"
7,"Two Or More",2017,"2017",35495,11901,"Champaign County, IL","05000US17019","champaign-county-il"
7,"Two Or More",2017,"2017",23594,13280,"Coles County, IL","05000US17029","coles-county-il"
7,"Two Or More",2017,"2017",57922,2388,"Cook County, IL","05000US17031","cook-county-il"
7,"Two Or More",2017,"2017",35060,13580.000000000002,"Crawford County, IL","05000US17033","crawford-county-il"
7,"Two Or More",2017,"2017",64250,28164,"Cumberland County, IL","05000US17035","cumberland-county-il"
7,"Two Or More",2017,"2017",29853,17843,"DeKalb County, IL","05000US17037","dekalb-county-il"
7,"Two Or More",2017,"2017",32917,17075,"De Witt County, IL","05000US17039","de-witt-county-il"
7,"Two Or More",2017,"2017",66422,7361.000000000001,"DuPage County, IL","05000US17043","dupage-county-il"
7,"Two Or More",2017,"2017",80833,56343,"Edgar County, IL","05000US17045","edgar-county-il"
7,"Two Or More",2017,"2017",32019,23549,"Effingham County, IL","05000US17049","effingham-county-il"
7,"Two Or More",2017,"2017",41071,13493,"Ford County, IL","05000US17053","ford-county-il"
7,"Two Or More",2017,"2017",24141,6416,"Franklin County, IL","05000US17055","franklin-county-il"
7,"Two Or More",2017,"2017",19250,7031,"Gallatin County, IL","05000US17059","gallatin-county-il"
7,"Two Or More",2017,"2017",41250,25085,"Greene County, IL","05000US17061","greene-county-il"
7,"Two Or More",2017,"2017",49250,13779,"Grundy County, IL","05000US17063","grundy-county-il"
7,"Two Or More",2017,"2017",33906,30925,"Hancock County, IL","05000US17067","hancock-county-il"
7,"Two Or More",2017,"2017",55481,39552,"Henry County, IL","05000US17073","henry-county-il"
7,"Two Or More",2017,"2017",38750,16638,"Iroquois County, IL","05000US17075","iroquois-county-il"
7,"Two Or More",2017,"2017",19950,8812,"Jackson County, IL","05000US17077","jackson-county-il"
7,"Two Or More",2017,"2017",41250,38735,"Jasper County, IL","05000US17079","jasper-county-il"
7,"Two Or More",2017,"2017",30313,22844,"Jefferson County, IL","05000US17081","jefferson-county-il"
7,"Two Or More",2017,"2017",35114,15181.000000000002,"Johnson County, IL","05000US17087","johnson-county-il"
7,"Two Or More",2017,"2017",65655,15838,"Kane County, IL","05000US17089","kane-county-il"
7,"Two Or More",2017,"2017",40357,39853,"Kankakee County, IL","05000US17091","kankakee-county-il"
7,"Two Or More",2017,"2017",89055,17697,"Kendall County, IL","05000US17093","kendall-county-il"
7,"Two Or More",2017,"2017",33750,7621,"Knox County, IL","05000US17095","knox-county-il"
7,"Two Or More",2017,"2017",63851,10927,"Lake County, IL","05000US17097","lake-county-il"
7,"Two Or More",2017,"2017",35469,23878,"LaSalle County, IL","05000US17099","lasalle-county-il"
7,"Two Or More",2017,"2017",32864,26246,"Lawrence County, IL","05000US17101","lawrence-county-il"
7,"Two Or More",2017,"2017",70508,35382,"Lee County, IL","05000US17103","lee-county-il"
7,"Two Or More",2017,"2017",30733,4183,"Logan County, IL","05000US17107","logan-county-il"
7,"Two Or More",2017,"2017",52819,17261,"McHenry County, IL","05000US17111","mchenry-county-il"
7,"Two Or More",2017,"2017",55000,17527,"McLean County, IL","05000US17113","mclean-county-il"
7,"Two Or More",2017,"2017",32188,9023,"Macon County, IL","05000US17115","macon-county-il"
7,"Two Or More",2017,"2017",32054,9690,"Macoupin County, IL","05000US17117","macoupin-county-il"
7,"Two Or More",2017,"2017",51190,7286.000000000001,"Madison County, IL","05000US17119","madison-county-il"
7,"Two Or More",2017,"2017",29167,22753,"Marion County, IL","05000US17121","marion-county-il"
7,"Two Or More",2017,"2017",41979,30695,"Marshall County, IL","05000US17123","marshall-county-il"
7,"Two Or More",2017,"2017",36250,587,"Mason County, IL","05000US17125","mason-county-il"
7,"Two Or More",2017,"2017",76641,31723,"Massac County, IL","05000US17127","massac-county-il"
7,"Two Or More",2017,"2017",41250,32496.999999999996,"Menard County, IL","05000US17129","menard-county-il"
7,"Two Or More",2017,"2017",73500,72094,"Mercer County, IL","05000US17131","mercer-county-il"
7,"Two Or More",2017,"2017",92222,56364,"Monroe County, IL","05000US17133","monroe-county-il"
7,"Two Or More",2017,"2017",15750,7104.999999999999,"Montgomery County, IL","05000US17135","montgomery-county-il"
7,"Two Or More",2017,"2017",55913,24563,"Morgan County, IL","05000US17137","morgan-county-il"
7,"Two Or More",2017,"2017",32143,13824,"Moultrie County, IL","05000US17139","moultrie-county-il"
7,"Two Or More",2017,"2017",56250,32644.000000000004,"Ogle County, IL","05000US17141","ogle-county-il"
7,"Two Or More",2017,"2017",37647,11984,"Peoria County, IL","05000US17143","peoria-county-il"
7,"Two Or More",2017,"2017",27604,16311,"Perry County, IL","05000US17145","perry-county-il"
7,"Two Or More",2017,"2017",36875,3463,"Piatt County, IL","05000US17147","piatt-county-il"
7,"Two Or More",2017,"2017",18438,13120,"Pike County, IL","05000US17149","pike-county-il"
7,"Two Or More",2017,"2017",40750,5621,"Pulaski County, IL","05000US17153","pulaski-county-il"
7,"Two Or More",2017,"2017",81375,43203,"Putnam County, IL","05000US17155","putnam-county-il"
7,"Two Or More",2017,"2017",31563,22734,"Randolph County, IL","05000US17157","randolph-county-il"
7,"Two Or More",2017,"2017",43158,1969,"Richland County, IL","05000US17159","richland-county-il"
7,"Two Or More",2017,"2017",41563,12116,"Rock Island County, IL","05000US17161","rock-island-county-il"
7,"Two Or More",2017,"2017",49625,14961.000000000002,"St. Clair County, IL","05000US17163","st-clair-county-il"
7,"Two Or More",2017,"2017",30227,15626,"Saline County, IL","05000US17165","saline-county-il"
7,"Two Or More",2017,"2017",36168,3564,"Sangamon County, IL","05000US17167","sangamon-county-il"
7,"Two Or More",2017,"2017",2499,,"Scott County, IL","05000US17171","scott-county-il"
7,"Two Or More",2017,"2017",36042,10055,"Stark County, IL","05000US17175","stark-county-il"
7,"Two Or More",2017,"2017",37500,13229,"Stephenson County, IL","05000US17177","stephenson-county-il"
7,"Two Or More",2017,"2017",29732,17122,"Tazewell County, IL","05000US17179","tazewell-county-il"
7,"Two Or More",2017,"2017",43000,23519,"Union County, IL","05000US17181","union-county-il"
7,"Two Or More",2017,"2017",38125,10716,"Vermilion County, IL","05000US17183","vermilion-county-il"
7,"Two Or More",2017,"2017",36875,27466,"Warren County, IL","05000US17187","warren-county-il"
7,"Two Or More",2017,"2017",186042,121321,"White County, IL","05000US17193","white-county-il"
7,"Two Or More",2017,"2017",46394,16616,"Whiteside County, IL","05000US17195","whiteside-county-il"
7,"Two Or More",2017,"2017",68209,11838,"Will County, IL","05000US17197","will-county-il"
7,"Two Or More",2017,"2017",19783,13998,"Williamson County, IL","05000US17199","williamson-county-il"
7,"Two Or More",2017,"2017",38401,8705,"Winnebago County, IL","05000US17201","winnebago-county-il"
7,"Two Or More",2017,"2017",41429,8979,"Woodford County, IL","05000US17203","woodford-county-il"
8,"White Non-Hispanic",2017,"2017",49566,1728,"Adams County, IL","05000US17001","adams-county-il"
8,"White Non-Hispanic",2017,"2017",38068,3204,"Alexander County, IL","05000US17003","alexander-county-il"
8,"White Non-Hispanic",2017,"2017",54709,4595,"Bond County, IL","05000US17005","bond-county-il"
8,"White Non-Hispanic",2017,"2017",63846,4886,"Boone County, IL","05000US17007","boone-county-il"
8,"White Non-Hispanic",2017,"2017",56523,3671.9999999999995,"Brown County, IL","05000US17009","brown-county-il"
8,"White Non-Hispanic",2017,"2017",54203,1910.0000000000002,"Bureau County, IL","05000US17011","bureau-county-il"
8,"White Non-Hispanic",2017,"2017",54167,4154,"Calhoun County, IL","05000US17013","calhoun-county-il"
8,"White Non-Hispanic",2017,"2017",50666,3110,"Carroll County, IL","05000US17015","carroll-county-il"
8,"White Non-Hispanic",2017,"2017",52484,3421,"Cass County, IL","05000US17017","cass-county-il"
8,"White Non-Hispanic",2017,"2017",57125,1419,"Champaign County, IL","05000US17019","champaign-county-il"
8,"White Non-Hispanic",2017,"2017",50795,1705.0000000000002,"Christian County, IL","05000US17021","christian-county-il"
8,"White Non-Hispanic",2017,"2017",52000,3803,"Clark County, IL","05000US17023","clark-county-il"
8,"White Non-Hispanic",2017,"2017",47479,3185,"Clay County, IL","05000US17025","clay-county-il"
8,"White Non-Hispanic",2017,"2017",65122,2463,"Clinton County, IL","05000US17027","clinton-county-il"
8,"White Non-Hispanic",2017,"2017",43724,2708,"Coles County, IL","05000US17029","coles-county-il"
8,"White Non-Hispanic",2017,"2017",76699,577,"Cook County, IL","05000US17031","cook-county-il"
8,"White Non-Hispanic",2017,"2017",47560,2538,"Crawford County, IL","05000US17033","crawford-county-il"
8,"White Non-Hispanic",2017,"2017",50898,3343,"Cumberland County, IL","05000US17035","cumberland-county-il"
8,"White Non-Hispanic",2017,"2017",62596,1905.0000000000002,"DeKalb County, IL","05000US17037","dekalb-county-il"
8,"White Non-Hispanic",2017,"2017",56661,2356,"De Witt County, IL","05000US17039","de-witt-county-il"
8,"White Non-Hispanic",2017,"2017",53005,3097,"Douglas County, IL","05000US17041","douglas-county-il"
8,"White Non-Hispanic",2017,"2017",88846,872,"DuPage County, IL","05000US17043","dupage-county-il"
8,"White Non-Hispanic",2017,"2017",47717,3726,"Edgar County, IL","05000US17045","edgar-county-il"
8,"White Non-Hispanic",2017,"2017",49982,3095,"Edwards County, IL","05000US17047","edwards-county-il"
8,"White Non-Hispanic",2017,"2017",54914,2215,"Effingham County, IL","05000US17049","effingham-county-il"
8,"White Non-Hispanic",2017,"2017",44675,2538,"Fayette County, IL","05000US17051","fayette-county-il"
8,"White Non-Hispanic",2017,"2017",51304,2942,"Ford County, IL","05000US17053","ford-county-il"
8,"White Non-Hispanic",2017,"2017",39886,1615,"Franklin County, IL","05000US17055","franklin-county-il"
8,"White Non-Hispanic",2017,"2017",48904,2001.0000000000002,"Fulton County, IL","05000US17057","fulton-county-il"
8,"White Non-Hispanic",2017,"2017",43245,4523,"Gallatin County, IL","05000US17059","gallatin-county-il"
8,"White Non-Hispanic",2017,"2017",44518,2338,"Greene County, IL","05000US17061","greene-county-il"
8,"White Non-Hispanic",2017,"2017",73785,4217,"Grundy County, IL","05000US17063","grundy-county-il"
8,"White Non-Hispanic",2017,"2017",47250,7616,"Hamilton County, IL","05000US17065","hamilton-county-il"
8,"White Non-Hispanic",2017,"2017",51754,1585,"Hancock County, IL","05000US17067","hancock-county-il"
8,"White Non-Hispanic",2017,"2017",39821,6822.999999999999,"Hardin County, IL","05000US17069","hardin-county-il"
8,"White Non-Hispanic",2017,"2017",47596,3319,"Henderson County, IL","05000US17071","henderson-county-il"
8,"White Non-Hispanic",2017,"2017",56698,1962,"Henry County, IL","05000US17073","henry-county-il"
8,"White Non-Hispanic",2017,"2017",49810,2383,"Iroquois County, IL","05000US17075","iroquois-county-il"
8,"White Non-Hispanic",2017,"2017",41350,2259,"Jackson County, IL","05000US17077","jackson-county-il"
8,"White Non-Hispanic",2017,"2017",56393,4413,"Jasper County, IL","05000US17079","jasper-county-il"
8,"White Non-Hispanic",2017,"2017",47234,2164,"Jefferson County, IL","05000US17081","jefferson-county-il"
8,"White Non-Hispanic",2017,"2017",56411,2933,"Jersey County, IL","05000US17083","jersey-county-il"
8,"White Non-Hispanic",2017,"2017",55979,1724,"Jo Daviess County, IL","05000US17085","jo-daviess-county-il"
8,"White Non-Hispanic",2017,"2017",46203,3674,"Johnson County, IL","05000US17087","johnson-county-il"
8,"White Non-Hispanic",2017,"2017",87175,1758.0000000000002,"Kane County, IL","05000US17089","kane-county-il"
8,"White Non-Hispanic",2017,"2017",62759,1462,"Kankakee County, IL","05000US17091","kankakee-county-il"
8,"White Non-Hispanic",2017,"2017",95216,3328,"Kendall County, IL","05000US17093","kendall-county-il"
8,"White Non-Hispanic",2017,"2017",43859,1935.0000000000002,"Knox County, IL","05000US17095","knox-county-il"
8,"White Non-Hispanic",2017,"2017",94177,1300,"Lake County, IL","05000US17097","lake-county-il"
8,"White Non-Hispanic",2017,"2017",56061,1341,"LaSalle County, IL","05000US17099","lasalle-county-il"
8,"White Non-Hispanic",2017,"2017",45827,2697,"Lawrence County, IL","05000US17101","lawrence-county-il"
8,"White Non-Hispanic",2017,"2017",58516,3412,"Lee County, IL","05000US17103","lee-county-il"
8,"White Non-Hispanic",2017,"2017",55623,2184,"Livingston County, IL","05000US17105","livingston-county-il"
8,"White Non-Hispanic",2017,"2017",59149,2923,"Logan County, IL","05000US17107","logan-county-il"
8,"White Non-Hispanic",2017,"2017",43638,3105,"McDonough County, IL","05000US17109","mcdonough-county-il"
8,"White Non-Hispanic",2017,"2017",84424,1353,"McHenry County, IL","05000US17111","mchenry-county-il"
8,"White Non-Hispanic",2017,"2017",68217,2364,"McLean County, IL","05000US17113","mclean-county-il"
8,"White Non-Hispanic",2017,"2017",52787,1794,"Macon County, IL","05000US17115","macon-county-il"
8,"White Non-Hispanic",2017,"2017",53769,2410,"Macoupin County, IL","05000US17117","macoupin-county-il"
8,"White Non-Hispanic",2017,"2017",60185,1162,"Madison County, IL","05000US17119","madison-county-il"
8,"White Non-Hispanic",2017,"2017",46281,1948.0000000000002,"Marion County, IL","05000US17121","marion-county-il"
8,"White Non-Hispanic",2017,"2017",55239,2551,"Marshall County, IL","05000US17123","marshall-county-il"
8,"White Non-Hispanic",2017,"2017",45949,4221,"Mason County, IL","05000US17125","mason-county-il"
8,"White Non-Hispanic",2017,"2017",44482,4249,"Massac County, IL","05000US17127","massac-county-il"
8,"White Non-Hispanic",2017,"2017",62629,3437,"Menard County, IL","05000US17129","menard-county-il"
8,"White Non-Hispanic",2017,"2017",55791,2581,"Mercer County, IL","05000US17131","mercer-county-il"
8,"White Non-Hispanic",2017,"2017",74545,4160,"Monroe County, IL","05000US17133","monroe-county-il"
8,"White Non-Hispanic",2017,"2017",47904,1706.9999999999998,"Montgomery County, IL","05000US17135","montgomery-county-il"
8,"White Non-Hispanic",2017,"2017",51232,2438,"Morgan County, IL","05000US17137","morgan-county-il"
8,"White Non-Hispanic",2017,"2017",54313,3696.9999999999995,"Moultrie County, IL","05000US17139","moultrie-county-il"
8,"White Non-Hispanic",2017,"2017",58268,1789,"Ogle County, IL","05000US17141","ogle-county-il"
8,"White Non-Hispanic",2017,"2017",58611,1679,"Peoria County, IL","05000US17143","peoria-county-il"
8,"White Non-Hispanic",2017,"2017",46092,3259,"Perry County, IL","05000US17145","perry-county-il"
8,"White Non-Hispanic",2017,"2017",69594,4916,"Piatt County, IL","05000US17147","piatt-county-il"
8,"White Non-Hispanic",2017,"2017",41609,1406,"Pike County, IL","05000US17149","pike-county-il"
8,"White Non-Hispanic",2017,"2017",41139,6727,"Pope County, IL","05000US17151","pope-county-il"
8,"White Non-Hispanic",2017,"2017",39336,5963,"Pulaski County, IL","05000US17153","pulaski-county-il"
8,"White Non-Hispanic",2017,"2017",63319,5339,"Putnam County, IL","05000US17155","putnam-county-il"
8,"White Non-Hispanic",2017,"2017",50760,1710.0000000000002,"Randolph County, IL","05000US17157","randolph-county-il"
8,"White Non-Hispanic",2017,"2017",46996,3232,"Richland County, IL","05000US17159","richland-county-il"
8,"White Non-Hispanic",2017,"2017",53414,1459,"Rock Island County, IL","05000US17161","rock-island-county-il"
8,"White Non-Hispanic",2017,"2017",63754,1328,"St. Clair County, IL","05000US17163","st-clair-county-il"
8,"White Non-Hispanic",2017,"2017",41960,2565,"Saline County, IL","05000US17165","saline-county-il"
8,"White Non-Hispanic",2017,"2017",63480,1460,"Sangamon County, IL","05000US17167","sangamon-county-il"
8,"White Non-Hispanic",2017,"2017",47438,4567,"Schuyler County, IL","05000US17169","schuyler-county-il"
8,"White Non-Hispanic",2017,"2017",48750,6814,"Scott County, IL","05000US17171","scott-county-il"
8,"White Non-Hispanic",2017,"2017",49873,2581,"Shelby County, IL","05000US17173","shelby-county-il"
8,"White Non-Hispanic",2017,"2017",52176,2708,"Stark County, IL","05000US17175","stark-county-il"
8,"White Non-Hispanic",2017,"2017",49067,1923,"Stephenson County, IL","05000US17177","stephenson-county-il"
8,"White Non-Hispanic",2017,"2017",61123,1719,"Tazewell County, IL","05000US17179","tazewell-county-il"
8,"White Non-Hispanic",2017,"2017",48031,2872,"Union County, IL","05000US17181","union-county-il"
8,"White Non-Hispanic",2017,"2017",49125,1553,"Vermilion County, IL","05000US17183","vermilion-county-il"
8,"White Non-Hispanic",2017,"2017",50013,3499.9999999999995,"Wabash County, IL","05000US17185","wabash-county-il"
8,"White Non-Hispanic",2017,"2017",49492,3670,"Warren County, IL","05000US17187","warren-county-il"
8,"White Non-Hispanic",2017,"2017",54953,2908,"Washington County, IL","05000US17189","washington-county-il"
8,"White Non-Hispanic",2017,"2017",47182,3089,"Wayne County, IL","05000US17191","wayne-county-il"
8,"White Non-Hispanic",2017,"2017",46125,3239,"White County, IL","05000US17193","white-county-il"
8,"White Non-Hispanic",2017,"2017",52521,1989,"Whiteside County, IL","05000US17195","whiteside-county-il"
8,"White Non-Hispanic",2017,"2017",86524,1112,"Will County, IL","05000US17197","will-county-il"
8,"White Non-Hispanic",2017,"2017",48774,1973.0000000000002,"Williamson County, IL","05000US17199","williamson-county-il"
8,"White Non-Hispanic",2017,"2017",56013,1157,"Winnebago County, IL","05000US17201","winnebago-county-il"
8,"White Non-Hispanic",2017,"2017",69778,2277,"Woodford County, IL","05000US17203","woodford-county-il"
9,"Hispanic",2017,"2017",64961,24040,"Adams County, IL","05000US17001","adams-county-il"
9,"Hispanic",2017,"2017",60918,4343,"Boone County, IL","05000US17007","boone-county-il"
9,"Hispanic",2017,"2017",54375,8720,"Bureau County, IL","05000US17011","bureau-county-il"
9,"Hispanic",2017,"2017",52000,25232,"Carroll County, IL","05000US17015","carroll-county-il"
9,"Hispanic",2017,"2017",38969,4317,"Cass County, IL","05000US17017","cass-county-il"
9,"Hispanic",2017,"2017",38452,8015,"Champaign County, IL","05000US17019","champaign-county-il"
9,"Hispanic",2017,"2017",123047,122049.00000000001,"Christian County, IL","05000US17021","christian-county-il"
9,"Hispanic",2017,"2017",58056,32135.000000000004,"Clay County, IL","05000US17025","clay-county-il"
9,"Hispanic",2017,"2017",47019,46833,"Clinton County, IL","05000US17027","clinton-county-il"
9,"Hispanic",2017,"2017",31116,21036,"Coles County, IL","05000US17029","coles-county-il"
9,"Hispanic",2017,"2017",49201,648,"Cook County, IL","05000US17031","cook-county-il"
9,"Hispanic",2017,"2017",46656,5989,"DeKalb County, IL","05000US17037","dekalb-county-il"
9,"Hispanic",2017,"2017",32931,15714.000000000002,"De Witt County, IL","05000US17039","de-witt-county-il"
9,"Hispanic",2017,"2017",45781,11982,"Douglas County, IL","05000US17041","douglas-county-il"
9,"Hispanic",2017,"2017",61661,2216,"DuPage County, IL","05000US17043","dupage-county-il"
9,"Hispanic",2017,"2017",2499,,"Edwards County, IL","05000US17047","edwards-county-il"
9,"Hispanic",2017,"2017",48056,12778,"Effingham County, IL","05000US17049","effingham-county-il"
9,"Hispanic",2017,"2017",29457,3119,"Franklin County, IL","05000US17055","franklin-county-il"
9,"Hispanic",2017,"2017",31974,16996,"Fulton County, IL","05000US17057","fulton-county-il"
9,"Hispanic",2017,"2017",56625,10375,"Grundy County, IL","05000US17063","grundy-county-il"
9,"Hispanic",2017,"2017",42365,11151,"Henry County, IL","05000US17073","henry-county-il"
9,"Hispanic",2017,"2017",38843,3838,"Iroquois County, IL","05000US17075","iroquois-county-il"
9,"Hispanic",2017,"2017",28500,13187,"Jackson County, IL","05000US17077","jackson-county-il"
9,"Hispanic",2017,"2017",23750,11880,"Jefferson County, IL","05000US17081","jefferson-county-il"
9,"Hispanic",2017,"2017",62702,57784,"Jersey County, IL","05000US17083","jersey-county-il"
9,"Hispanic",2017,"2017",49063,38956,"Jo Daviess County, IL","05000US17085","jo-daviess-county-il"
9,"Hispanic",2017,"2017",53358,1977,"Kane County, IL","05000US17089","kane-county-il"
9,"Hispanic",2017,"2017",46952,4588,"Kankakee County, IL","05000US17091","kankakee-county-il"
9,"Hispanic",2017,"2017",74716,11439,"Kendall County, IL","05000US17093","kendall-county-il"
9,"Hispanic",2017,"2017",40721,7719,"Knox County, IL","05000US17095","knox-county-il"
9,"Hispanic",2017,"2017",54087,1873,"Lake County, IL","05000US17097","lake-county-il"
9,"Hispanic",2017,"2017",48629,2820,"LaSalle County, IL","05000US17099","lasalle-county-il"
9,"Hispanic",2017,"2017",52639,29220,"Lawrence County, IL","05000US17101","lawrence-county-il"
9,"Hispanic",2017,"2017",52206,23220,"Lee County, IL","05000US17103","lee-county-il"
9,"Hispanic",2017,"2017",28889,14147,"Livingston County, IL","05000US17105","livingston-county-il"
9,"Hispanic",2017,"2017",59352,5678,"Logan County, IL","05000US17107","logan-county-il"
9,"Hispanic",2017,"2017",60787,5034,"McHenry County, IL","05000US17111","mchenry-county-il"
9,"Hispanic",2017,"2017",41903,5254,"McLean County, IL","05000US17113","mclean-county-il"
9,"Hispanic",2017,"2017",48750,18782,"Macon County, IL","05000US17115","macon-county-il"
9,"Hispanic",2017,"2017",76094,33147,"Macoupin County, IL","05000US17117","macoupin-county-il"
9,"Hispanic",2017,"2017",41413,6942.999999999999,"Madison County, IL","05000US17119","madison-county-il"
9,"Hispanic",2017,"2017",16803,14301,"Marion County, IL","05000US17121","marion-county-il"
9,"Hispanic",2017,"2017",56167,6147,"Marshall County, IL","05000US17123","marshall-county-il"
9,"Hispanic",2017,"2017",51250,17413,"Mercer County, IL","05000US17131","mercer-county-il"
9,"Hispanic",2017,"2017",67143,21536,"Montgomery County, IL","05000US17135","montgomery-county-il"
9,"Hispanic",2017,"2017",41786,31349.000000000004,"Moultrie County, IL","05000US17139","moultrie-county-il"
9,"Hispanic",2017,"2017",44647,5845,"Ogle County, IL","05000US17141","ogle-county-il"
9,"Hispanic",2017,"2017",44963,5071,"Peoria County, IL","05000US17143","peoria-county-il"
9,"Hispanic",2017,"2017",45000,11980,"Piatt County, IL","05000US17147","piatt-county-il"
9,"Hispanic",2017,"2017",49375,17635,"Pike County, IL","05000US17149","pike-county-il"
9,"Hispanic",2017,"2017",26250,5761,"Pulaski County, IL","05000US17153","pulaski-county-il"
9,"Hispanic",2017,"2017",105313,74693,"Putnam County, IL","05000US17155","putnam-county-il"
9,"Hispanic",2017,"2017",52143,13057,"Randolph County, IL","05000US17157","randolph-county-il"
9,"Hispanic",2017,"2017",48951,4481,"Rock Island County, IL","05000US17161","rock-island-county-il"
9,"Hispanic",2017,"2017",47476,8004.000000000001,"St. Clair County, IL","05000US17163","st-clair-county-il"
9,"Hispanic",2017,"2017",24605,22900,"Saline County, IL","05000US17165","saline-county-il"
9,"Hispanic",2017,"2017",52641,13299,"Sangamon County, IL","05000US17167","sangamon-county-il"
9,"Hispanic",2017,"2017",38518,12200,"Stephenson County, IL","05000US17177","stephenson-county-il"
9,"Hispanic",2017,"2017",57409,12452,"Tazewell County, IL","05000US17179","tazewell-county-il"
9,"Hispanic",2017,"2017",32593,4524,"Union County, IL","05000US17181","union-county-il"
9,"Hispanic",2017,"2017",35052,2142,"Vermilion County, IL","05000US17183","vermilion-county-il"
9,"Hispanic",2017,"2017",2499,,"Wabash County, IL","05000US17185","wabash-county-il"
9,"Hispanic",2017,"2017",38737,3107,"Warren County, IL","05000US17187","warren-county-il"
9,"Hispanic",2017,"2017",36532,7221.999999999999,"White County, IL","05000US17193","white-county-il"
9,"Hispanic",2017,"2017",47273,4008,"Whiteside County, IL","05000US17195","whiteside-county-il"
9,"Hispanic",2017,"2017",61979,2496,"Will County, IL","05000US17197","will-county-il"
9,"Hispanic",2017,"2017",55855,22821,"Williamson County, IL","05000US17199","williamson-county-il"
9,"Hispanic",2017,"2017",43691,3064,"Winnebago County, IL","05000US17201","winnebago-county-il"
9,"Hispanic",2017,"2017",59386,14458.000000000002,"Woodford County, IL","05000US17203","woodford-county-il"
0,"Total",2016,"2016",48065,1919,"Adams County, IL","05000US17001","adams-county-il"
0,"Total",2016,"2016",29071,3123,"Alexander County, IL","05000US17003","alexander-county-il"
0,"Total",2016,"2016",52159,2908,"Bond County, IL","05000US17005","bond-county-il"
0,"Total",2016,"2016",60063,3929.9999999999995,"Boone County, IL","05000US17007","boone-county-il"
0,"Total",2016,"2016",52500,4931,"Brown County, IL","05000US17009","brown-county-il"
0,"Total",2016,"2016",51425,1461,"Bureau County, IL","05000US17011","bureau-county-il"
0,"Total",2016,"2016",52949,4932,"Calhoun County, IL","05000US17013","calhoun-county-il"
0,"Total",2016,"2016",50052,4083.0000000000005,"Carroll County, IL","05000US17015","carroll-county-il"
0,"Total",2016,"2016",48887,2734,"Cass County, IL","05000US17017","cass-county-il"
0,"Total",2016,"2016",48899,1521,"Champaign County, IL","05000US17019","champaign-county-il"
0,"Total",2016,"2016",47417,2411,"Christian County, IL","05000US17021","christian-county-il"
0,"Total",2016,"2016",48693,2461,"Clark County, IL","05000US17023","clark-county-il"
0,"Total",2016,"2016",45984,2939,"Clay County, IL","05000US17025","clay-county-il"
0,"Total",2016,"2016",63929,2330,"Clinton County, IL","05000US17027","clinton-county-il"
0,"Total",2016,"2016",38800,2272,"Coles County, IL","05000US17029","coles-county-il"
0,"Total",2016,"2016",56902,335,"Cook County, IL","05000US17031","cook-county-il"
0,"Total",2016,"2016",47364,2783,"Crawford County, IL","05000US17033","crawford-county-il"
0,"Total",2016,"2016",44281,4298,"Cumberland County, IL","05000US17035","cumberland-county-il"
0,"Total",2016,"2016",56076,2208,"DeKalb County, IL","05000US17037","dekalb-county-il"
0,"Total",2016,"2016",53510,2838,"De Witt County, IL","05000US17039","de-witt-county-il"
0,"Total",2016,"2016",52984,2756,"Douglas County, IL","05000US17041","douglas-county-il"
0,"Total",2016,"2016",81521,686,"DuPage County, IL","05000US17043","dupage-county-il"
0,"Total",2016,"2016",46440,3127,"Edgar County, IL","05000US17045","edgar-county-il"
0,"Total",2016,"2016",47035,2490,"Edwards County, IL","05000US17047","edwards-county-il"
0,"Total",2016,"2016",52977,2067,"Effingham County, IL","05000US17049","effingham-county-il"
0,"Total",2016,"2016",44745,2131,"Fayette County, IL","05000US17051","fayette-county-il"
0,"Total",2016,"2016",49257,2743,"Ford County, IL","05000US17053","ford-county-il"
0,"Total",2016,"2016",39507,1543,"Franklin County, IL","05000US17055","franklin-county-il"
0,"Total",2016,"2016",46183,1892.0000000000002,"Fulton County, IL","05000US17057","fulton-county-il"
0,"Total",2016,"2016",41269,3329,"Gallatin County, IL","05000US17059","gallatin-county-il"
0,"Total",2016,"2016",42880,2357,"Greene County, IL","05000US17061","greene-county-il"
0,"Total",2016,"2016",67162,4049,"Grundy County, IL","05000US17063","grundy-county-il"
0,"Total",2016,"2016",45076,7966,"Hamilton County, IL","05000US17065","hamilton-county-il"
0,"Total",2016,"2016",50077,1713,"Hancock County, IL","05000US17067","hancock-county-il"
0,"Total",2016,"2016",39926,4738,"Hardin County, IL","05000US17069","hardin-county-il"
0,"Total",2016,"2016",46216,4058.0000000000005,"Henderson County, IL","05000US17071","henderson-county-il"
0,"Total",2016,"2016",54757,2066,"Henry County, IL","05000US17073","henry-county-il"
0,"Total",2016,"2016",47823,1953.0000000000002,"Iroquois County, IL","05000US17075","iroquois-county-il"
0,"Total",2016,"2016",33845,1992.9999999999998,"Jackson County, IL","05000US17077","jackson-county-il"
0,"Total",2016,"2016",56305,3818,"Jasper County, IL","05000US17079","jasper-county-il"
0,"Total",2016,"2016",43467,2303,"Jefferson County, IL","05000US17081","jefferson-county-il"
0,"Total",2016,"2016",52738,2791,"Jersey County, IL","05000US17083","jersey-county-il"
0,"Total",2016,"2016",54702,2192,"Jo Daviess County, IL","05000US17085","jo-daviess-county-il"
0,"Total",2016,"2016",44179,2723,"Johnson County, IL","05000US17087","johnson-county-il"
0,"Total",2016,"2016",71602,1205,"Kane County, IL","05000US17089","kane-county-il"
0,"Total",2016,"2016",54697,1493,"Kankakee County, IL","05000US17091","kankakee-county-il"
0,"Total",2016,"2016",85736,3309,"Kendall County, IL","05000US17093","kendall-county-il"
0,"Total",2016,"2016",40605,1405,"Knox County, IL","05000US17095","knox-county-il"
0,"Total",2016,"2016",79886,914,"Lake County, IL","05000US17097","lake-county-il"
0,"Total",2016,"2016",51684,1210,"LaSalle County, IL","05000US17099","lasalle-county-il"
0,"Total",2016,"2016",42650,3600,"Lawrence County, IL","05000US17101","lawrence-county-il"
0,"Total",2016,"2016",55067,2472,"Lee County, IL","05000US17103","lee-county-il"
0,"Total",2016,"2016",54074,2858,"Livingston County, IL","05000US17105","livingston-county-il"
0,"Total",2016,"2016",52676,1839.0000000000002,"Logan County, IL","05000US17107","logan-county-il"
0,"Total",2016,"2016",41484,2369,"McDonough County, IL","05000US17109","mcdonough-county-il"
0,"Total",2016,"2016",79836,1533,"McHenry County, IL","05000US17111","mchenry-county-il"
0,"Total",2016,"2016",63420,1491,"McLean County, IL","05000US17113","mclean-county-il"
0,"Total",2016,"2016",47477,1284,"Macon County, IL","05000US17115","macon-county-il"
0,"Total",2016,"2016",52337,2316,"Macoupin County, IL","05000US17117","macoupin-county-il"
0,"Total",2016,"2016",54573,967,"Madison County, IL","05000US17119","madison-county-il"
0,"Total",2016,"2016",43427,1772,"Marion County, IL","05000US17121","marion-county-il"
0,"Total",2016,"2016",54189,1956,"Marshall County, IL","05000US17123","marshall-county-il"
0,"Total",2016,"2016",43125,3396,"Mason County, IL","05000US17125","mason-county-il"
0,"Total",2016,"2016",42706,2371,"Massac County, IL","05000US17127","massac-county-il"
0,"Total",2016,"2016",60420,3398.9999999999995,"Menard County, IL","05000US17129","menard-county-il"
0,"Total",2016,"2016",55750,2180,"Mercer County, IL","05000US17131","mercer-county-il"
0,"Total",2016,"2016",72956,3912,"Monroe County, IL","05000US17133","monroe-county-il"
0,"Total",2016,"2016",45173,2323,"Montgomery County, IL","05000US17135","montgomery-county-il"
0,"Total",2016,"2016",47760,2693,"Morgan County, IL","05000US17137","morgan-county-il"
0,"Total",2016,"2016",51432,4480,"Moultrie County, IL","05000US17139","moultrie-county-il"
0,"Total",2016,"2016",55832,1594,"Ogle County, IL","05000US17141","ogle-county-il"
0,"Total",2016,"2016",51632,1092,"Peoria County, IL","05000US17143","peoria-county-il"
0,"Total",2016,"2016",43308,3053,"Perry County, IL","05000US17145","perry-county-il"
0,"Total",2016,"2016",69160,3620,"Piatt County, IL","05000US17147","piatt-county-il"
0,"Total",2016,"2016",40157,1857,"Pike County, IL","05000US17149","pike-county-il"
0,"Total",2016,"2016",39243,5381,"Pope County, IL","05000US17151","pope-county-il"
0,"Total",2016,"2016",32538,2364,"Pulaski County, IL","05000US17153","pulaski-county-il"
0,"Total",2016,"2016",64085,4990,"Putnam County, IL","05000US17155","putnam-county-il"
0,"Total",2016,"2016",48343,2348,"Randolph County, IL","05000US17157","randolph-county-il"
0,"Total",2016,"2016",45597,2366,"Richland County, IL","05000US17159","richland-county-il"
0,"Total",2016,"2016",50208,1163,"Rock Island County, IL","05000US17161","rock-island-county-il"
0,"Total",2016,"2016",50006,1258,"St. Clair County, IL","05000US17163","st-clair-county-il"
0,"Total",2016,"2016",40290,2861,"Saline County, IL","05000US17165","saline-county-il"
0,"Total",2016,"2016",56742,1161,"Sangamon County, IL","05000US17167","sangamon-county-il"
0,"Total",2016,"2016",48396,3216,"Schuyler County, IL","05000US17169","schuyler-county-il"
0,"Total",2016,"2016",46210,6195,"Scott County, IL","05000US17171","scott-county-il"
0,"Total",2016,"2016",48572,2335,"Shelby County, IL","05000US17173","shelby-county-il"
0,"Total",2016,"2016",52058,3727.9999999999995,"Stark County, IL","05000US17175","stark-county-il"
0,"Total",2016,"2016",45624,1786.0000000000002,"Stephenson County, IL","05000US17177","stephenson-county-il"
0,"Total",2016,"2016",60178,1528,"Tazewell County, IL","05000US17179","tazewell-county-il"
0,"Total",2016,"2016",45464,3620,"Union County, IL","05000US17181","union-county-il"
0,"Total",2016,"2016",43552,1549,"Vermilion County, IL","05000US17183","vermilion-county-il"
0,"Total",2016,"2016",46871,3014,"Wabash County, IL","05000US17185","wabash-county-il"
0,"Total",2016,"2016",44067,3197,"Warren County, IL","05000US17187","warren-county-il"
0,"Total",2016,"2016",54936,2744,"Washington County, IL","05000US17189","washington-county-il"
0,"Total",2016,"2016",46903,3307,"Wayne County, IL","05000US17191","wayne-county-il"
0,"Total",2016,"2016",43678,3145,"White County, IL","05000US17193","white-county-il"
0,"Total",2016,"2016",49151,2144,"Whiteside County, IL","05000US17195","whiteside-county-il"
0,"Total",2016,"2016",77507,846.9999999999999,"Will County, IL","05000US17197","will-county-il"
0,"Total",2016,"2016",45902,1678,"Williamson County, IL","05000US17199","williamson-county-il"
0,"Total",2016,"2016",49468,912.0000000000001,"Winnebago County, IL","05000US17201","winnebago-county-il"
0,"Total",2016,"2016",68040,3121,"Woodford County, IL","05000US17203","woodford-county-il"
1,"White",2016,"2016",49233,1857,"Adams County, IL","05000US17001","adams-county-il"
1,"White",2016,"2016",35313,3908,"Alexander County, IL","05000US17003","alexander-county-il"
1,"White",2016,"2016",51824,2423,"Bond County, IL","05000US17005","bond-county-il"
1,"White",2016,"2016",59778,4695,"Boone County, IL","05000US17007","boone-county-il"
1,"White",2016,"2016",52660,4902,"Brown County, IL","05000US17009","brown-county-il"
1,"White",2016,"2016",51479,1557,"Bureau County, IL","05000US17011","bureau-county-il"
1,"White",2016,"2016",53333,5343,"Calhoun County, IL","05000US17013","calhoun-county-il"
1,"White",2016,"2016",50565,3408,"Carroll County, IL","05000US17015","carroll-county-il"
1,"White",2016,"2016",50140,2937,"Cass County, IL","05000US17017","cass-county-il"
1,"White",2016,"2016",54501,1366,"Champaign County, IL","05000US17019","champaign-county-il"
1,"White",2016,"2016",47886,2226,"Christian County, IL","05000US17021","christian-county-il"
1,"White",2016,"2016",48554,2482,"Clark County, IL","05000US17023","clark-county-il"
1,"White",2016,"2016",46051,2894,"Clay County, IL","05000US17025","clay-county-il"
1,"White",2016,"2016",64480,2496,"Clinton County, IL","05000US17027","clinton-county-il"
1,"White",2016,"2016",40234,1888,"Coles County, IL","05000US17029","coles-county-il"
1,"White",2016,"2016",68464,482,"Cook County, IL","05000US17031","cook-county-il"
1,"White",2016,"2016",47324,2703,"Crawford County, IL","05000US17033","crawford-county-il"
1,"White",2016,"2016",43852,4373,"Cumberland County, IL","05000US17035","cumberland-county-il"
1,"White",2016,"2016",59926,1943.0000000000002,"DeKalb County, IL","05000US17037","dekalb-county-il"
1,"White",2016,"2016",54082,2948,"De Witt County, IL","05000US17039","de-witt-county-il"
1,"White",2016,"2016",53234,2928,"Douglas County, IL","05000US17041","douglas-county-il"
1,"White",2016,"2016",83489,766,"DuPage County, IL","05000US17043","dupage-county-il"
1,"White",2016,"2016",46508,3160,"Edgar County, IL","05000US17045","edgar-county-il"
1,"White",2016,"2016",46962,2474,"Edwards County, IL","05000US17047","edwards-county-il"
1,"White",2016,"2016",53021,2025.9999999999998,"Effingham County, IL","05000US17049","effingham-county-il"
1,"White",2016,"2016",44751,1961,"Fayette County, IL","05000US17051","fayette-county-il"
1,"White",2016,"2016",49270,2811,"Ford County, IL","05000US17053","ford-county-il"
1,"White",2016,"2016",39810,1552,"Franklin County, IL","05000US17055","franklin-county-il"
1,"White",2016,"2016",46078,1824.0000000000002,"Fulton County, IL","05000US17057","fulton-county-il"
1,"White",2016,"2016",41496,3381,"Gallatin County, IL","05000US17059","gallatin-county-il"
1,"White",2016,"2016",43096,2356,"Greene County, IL","05000US17061","greene-county-il"
1,"White",2016,"2016",68682,4014,"Grundy County, IL","05000US17063","grundy-county-il"
1,"White",2016,"2016",44972,7841,"Hamilton County, IL","05000US17065","hamilton-county-il"
1,"White",2016,"2016",50332,1608,"Hancock County, IL","05000US17067","hancock-county-il"
1,"White",2016,"2016",39559,4743,"Hardin County, IL","05000US17069","hardin-county-il"
1,"White",2016,"2016",46284,4066.9999999999995,"Henderson County, IL","05000US17071","henderson-county-il"
1,"White",2016,"2016",55950,2033,"Henry County, IL","05000US17073","henry-county-il"
1,"White",2016,"2016",48896,2136,"Iroquois County, IL","05000US17075","iroquois-county-il"
1,"White",2016,"2016",39131,2092,"Jackson County, IL","05000US17077","jackson-county-il"
1,"White",2016,"2016",56360,3777,"Jasper County, IL","05000US17079","jasper-county-il"
1,"White",2016,"2016",45052,2227,"Jefferson County, IL","05000US17081","jefferson-county-il"
1,"White",2016,"2016",52650,2826,"Jersey County, IL","05000US17083","jersey-county-il"
1,"White",2016,"2016",54795,2214,"Jo Daviess County, IL","05000US17085","jo-daviess-county-il"
1,"White",2016,"2016",44321,3215,"Johnson County, IL","05000US17087","johnson-county-il"
1,"White",2016,"2016",78575,1631,"Kane County, IL","05000US17089","kane-county-il"
1,"White",2016,"2016",59704,1533,"Kankakee County, IL","05000US17091","kankakee-county-il"
1,"White",2016,"2016",87958,4607,"Kendall County, IL","05000US17093","kendall-county-il"
1,"White",2016,"2016",42122,1469,"Knox County, IL","05000US17095","knox-county-il"
1,"White",2016,"2016",82800,938,"Lake County, IL","05000US17097","lake-county-il"
1,"White",2016,"2016",52173,1257,"LaSalle County, IL","05000US17099","lasalle-county-il"
1,"White",2016,"2016",43610,3883,"Lawrence County, IL","05000US17101","lawrence-county-il"
1,"White",2016,"2016",55071,2464,"Lee County, IL","05000US17103","lee-county-il"
1,"White",2016,"2016",54407,2860,"Livingston County, IL","05000US17105","livingston-county-il"
1,"White",2016,"2016",55316,2773,"Logan County, IL","05000US17107","logan-county-il"
1,"White",2016,"2016",41704,2412,"McDonough County, IL","05000US17109","mcdonough-county-il"
1,"White",2016,"2016",80059,1527,"McHenry County, IL","05000US17111","mchenry-county-il"
1,"White",2016,"2016",65238,1944,"McLean County, IL","05000US17113","mclean-county-il"
1,"White",2016,"2016",51719,1561,"Macon County, IL","05000US17115","macon-county-il"
1,"White",2016,"2016",52600,2359,"Macoupin County, IL","05000US17117","macoupin-county-il"
1,"White",2016,"2016",57462,1469,"Madison County, IL","05000US17119","madison-county-il"
1,"White",2016,"2016",44740,1822,"Marion County, IL","05000US17121","marion-county-il"
1,"White",2016,"2016",54288,2075,"Marshall County, IL","05000US17123","marshall-county-il"
1,"White",2016,"2016",43250,3522,"Mason County, IL","05000US17125","mason-county-il"
1,"White",2016,"2016",43944,2233,"Massac County, IL","05000US17127","massac-county-il"
1,"White",2016,"2016",60681,3248,"Menard County, IL","05000US17129","menard-county-il"
1,"White",2016,"2016",55559,2333,"Mercer County, IL","05000US17131","mercer-county-il"
1,"White",2016,"2016",73385,3808,"Monroe County, IL","05000US17133","monroe-county-il"
1,"White",2016,"2016",45285,2223,"Montgomery County, IL","05000US17135","montgomery-county-il"
1,"White",2016,"2016",49409,2746,"Morgan County, IL","05000US17137","morgan-county-il"
1,"White",2016,"2016",51663,4617,"Moultrie County, IL","05000US17139","moultrie-county-il"
1,"White",2016,"2016",56065,1681,"Ogle County, IL","05000US17141","ogle-county-il"
1,"White",2016,"2016",56800,1487,"Peoria County, IL","05000US17143","peoria-county-il"
1,"White",2016,"2016",43485,3344,"Perry County, IL","05000US17145","perry-county-il"
1,"White",2016,"2016",69830,3544,"Piatt County, IL","05000US17147","piatt-county-il"
1,"White",2016,"2016",40449,1848,"Pike County, IL","05000US17149","pike-county-il"
1,"White",2016,"2016",39112,5300,"Pope County, IL","05000US17151","pope-county-il"
1,"White",2016,"2016",35778,5335,"Pulaski County, IL","05000US17153","pulaski-county-il"
1,"White",2016,"2016",64007,5473,"Putnam County, IL","05000US17155","putnam-county-il"
1,"White",2016,"2016",49838,2206,"Randolph County, IL","05000US17157","randolph-county-il"
1,"White",2016,"2016",46023,2251,"Richland County, IL","05000US17159","richland-county-il"
1,"White",2016,"2016",52057,1226,"Rock Island County, IL","05000US17161","rock-island-county-il"
1,"White",2016,"2016",62108,1339,"St. Clair County, IL","05000US17163","st-clair-county-il"
1,"White",2016,"2016",41472,2322,"Saline County, IL","05000US17165","saline-county-il"
1,"White",2016,"2016",61944,1244,"Sangamon County, IL","05000US17167","sangamon-county-il"
1,"White",2016,"2016",48500,3384.0000000000005,"Schuyler County, IL","05000US17169","schuyler-county-il"
1,"White",2016,"2016",46331,6420,"Scott County, IL","05000US17171","scott-county-il"
1,"White",2016,"2016",48740,2388,"Shelby County, IL","05000US17173","shelby-county-il"
1,"White",2016,"2016",52115,4025,"Stark County, IL","05000US17175","stark-county-il"
1,"White",2016,"2016",47738,1795,"Stephenson County, IL","05000US17177","stephenson-county-il"
1,"White",2016,"2016",60422,1476,"Tazewell County, IL","05000US17179","tazewell-county-il"
1,"White",2016,"2016",46203,3438,"Union County, IL","05000US17181","union-county-il"
1,"White",2016,"2016",46547,1431,"Vermilion County, IL","05000US17183","vermilion-county-il"
1,"White",2016,"2016",46754,2887,"Wabash County, IL","05000US17185","wabash-county-il"
1,"White",2016,"2016",44788,3215,"Warren County, IL","05000US17187","warren-county-il"
1,"White",2016,"2016",55098,2930,"Washington County, IL","05000US17189","washington-county-il"
1,"White",2016,"2016",47361,3051,"Wayne County, IL","05000US17191","wayne-county-il"
1,"White",2016,"2016",43255,2972,"White County, IL","05000US17193","white-county-il"
1,"White",2016,"2016",49534,2094,"Whiteside County, IL","05000US17195","whiteside-county-il"
1,"White",2016,"2016",81553,828,"Will County, IL","05000US17197","will-county-il"
1,"White",2016,"2016",46422,1560,"Williamson County, IL","05000US17199","williamson-county-il"
1,"White",2016,"2016",53095,1064,"Winnebago County, IL","05000US17201","winnebago-county-il"
1,"White",2016,"2016",68189,3135,"Woodford County, IL","05000US17203","woodford-county-il"
2,"Black",2016,"2016",27734,4717,"Adams County, IL","05000US17001","adams-county-il"
2,"Black",2016,"2016",17976,4867,"Alexander County, IL","05000US17003","alexander-county-il"
2,"Black",2016,"2016",56372,26980,"Bond County, IL","05000US17005","bond-county-il"
2,"Black",2016,"2016",69750,35010,"Boone County, IL","05000US17007","boone-county-il"
2,"Black",2016,"2016",53237,8336,"Bureau County, IL","05000US17011","bureau-county-il"
2,"Black",2016,"2016",9663,2219,"Carroll County, IL","05000US17015","carroll-county-il"
2,"Black",2016,"2016",33977,11244,"Cass County, IL","05000US17017","cass-county-il"
2,"Black",2016,"2016",29875,3179,"Champaign County, IL","05000US17019","champaign-county-il"
2,"Black",2016,"2016",14844,5652,"Christian County, IL","05000US17021","christian-county-il"
2,"Black",2016,"2016",61995,1909,"Clinton County, IL","05000US17027","clinton-county-il"
2,"Black",2016,"2016",14583,2282,"Coles County, IL","05000US17029","coles-county-il"
2,"Black",2016,"2016",34893,595,"Cook County, IL","05000US17031","cook-county-il"
2,"Black",2016,"2016",112000,42818,"Crawford County, IL","05000US17033","crawford-county-il"
2,"Black",2016,"2016",19736,5748,"DeKalb County, IL","05000US17037","dekalb-county-il"
2,"Black",2016,"2016",49666,3646.9999999999995,"DuPage County, IL","05000US17043","dupage-county-il"
2,"Black",2016,"2016",47560,34735,"Effingham County, IL","05000US17049","effingham-county-il"
2,"Black",2016,"2016",35000,20609,"Franklin County, IL","05000US17055","franklin-county-il"
2,"Black",2016,"2016",18846,12959,"Henry County, IL","05000US17073","henry-county-il"
2,"Black",2016,"2016",14103,3168,"Jackson County, IL","05000US17077","jackson-county-il"
2,"Black",2016,"2016",26713,7088,"Jefferson County, IL","05000US17081","jefferson-county-il"
2,"Black",2016,"2016",18333,12721,"Jo Daviess County, IL","05000US17085","jo-daviess-county-il"
2,"Black",2016,"2016",38886,3875.0000000000005,"Kane County, IL","05000US17089","kane-county-il"
2,"Black",2016,"2016",28816,3767,"Kankakee County, IL","05000US17091","kankakee-county-il"
2,"Black",2016,"2016",84953,14667.000000000002,"Kendall County, IL","05000US17093","kendall-county-il"
2,"Black",2016,"2016",17542,3992.0000000000005,"Knox County, IL","05000US17095","knox-county-il"
2,"Black",2016,"2016",42806,4539,"Lake County, IL","05000US17097","lake-county-il"
2,"Black",2016,"2016",16720,9438,"Logan County, IL","05000US17107","logan-county-il"
2,"Black",2016,"2016",70208,14082,"McHenry County, IL","05000US17111","mchenry-county-il"
2,"Black",2016,"2016",32680,3635,"McLean County, IL","05000US17113","mclean-county-il"
2,"Black",2016,"2016",21871,1757,"Macon County, IL","05000US17115","macon-county-il"
2,"Black",2016,"2016",51618,14059.999999999998,"Macoupin County, IL","05000US17117","macoupin-county-il"
2,"Black",2016,"2016",30595,4329,"Madison County, IL","05000US17119","madison-county-il"
2,"Black",2016,"2016",22130,7580,"Marion County, IL","05000US17121","marion-county-il"
2,"Black",2016,"2016",22000,12798,"Massac County, IL","05000US17127","massac-county-il"
2,"Black",2016,"2016",26417,26362,"Menard County, IL","05000US17129","menard-county-il"
2,"Black",2016,"2016",31034,8549,"Morgan County, IL","05000US17137","morgan-county-il"
2,"Black",2016,"2016",27094,1442,"Peoria County, IL","05000US17143","peoria-county-il"
2,"Black",2016,"2016",24250,6469,"Pulaski County, IL","05000US17153","pulaski-county-il"
2,"Black",2016,"2016",23750,18171,"Randolph County, IL","05000US17157","randolph-county-il"
2,"Black",2016,"2016",2499,,"Richland County, IL","05000US17159","richland-county-il"
2,"Black",2016,"2016",33234,3983,"Rock Island County, IL","05000US17161","rock-island-county-il"
2,"Black",2016,"2016",27563,1635,"St. Clair County, IL","05000US17163","st-clair-county-il"
2,"Black",2016,"2016",27227,2190,"Sangamon County, IL","05000US17167","sangamon-county-il"
2,"Black",2016,"2016",32206,30739,"Schuyler County, IL","05000US17169","schuyler-county-il"
2,"Black",2016,"2016",25798,4700,"Stephenson County, IL","05000US17177","stephenson-county-il"
2,"Black",2016,"2016",24504,3789.0000000000005,"Vermilion County, IL","05000US17183","vermilion-county-il"
2,"Black",2016,"2016",46397,30591.000000000004,"Warren County, IL","05000US17187","warren-county-il"
2,"Black",2016,"2016",2499,,"Wayne County, IL","05000US17191","wayne-county-il"
2,"Black",2016,"2016",34360,13658,"Whiteside County, IL","05000US17195","whiteside-county-il"
2,"Black",2016,"2016",56419,3029,"Will County, IL","05000US17197","will-county-il"
2,"Black",2016,"2016",31164,12253,"Williamson County, IL","05000US17199","williamson-county-il"
2,"Black",2016,"2016",27715,2185,"Winnebago County, IL","05000US17201","winnebago-county-il"
3,"Native American",2016,"2016",48250,29202,"Champaign County, IL","05000US17019","champaign-county-il"
3,"Native American",2016,"2016",26278,348,"Christian County, IL","05000US17021","christian-county-il"
3,"Native American",2016,"2016",42263,5464,"Cook County, IL","05000US17031","cook-county-il"
3,"Native American",2016,"2016",2499,,"Crawford County, IL","05000US17033","crawford-county-il"
3,"Native American",2016,"2016",67083,35554,"DeKalb County, IL","05000US17037","dekalb-county-il"
3,"Native American",2016,"2016",108438,29615.999999999996,"De Witt County, IL","05000US17039","de-witt-county-il"
3,"Native American",2016,"2016",48542,22768,"Douglas County, IL","05000US17041","douglas-county-il"
3,"Native American",2016,"2016",57750,7669,"DuPage County, IL","05000US17043","dupage-county-il"
3,"Native American",2016,"2016",47273,23763,"Ford County, IL","05000US17053","ford-county-il"
3,"Native American",2016,"2016",20521,9985,"Franklin County, IL","05000US17055","franklin-county-il"
3,"Native American",2016,"2016",23892,13199,"Jackson County, IL","05000US17077","jackson-county-il"
3,"Native American",2016,"2016",48500,30501.999999999996,"Kane County, IL","05000US17089","kane-county-il"
3,"Native American",2016,"2016",48625,7619,"Lake County, IL","05000US17097","lake-county-il"
3,"Native American",2016,"2016",9355,7071,"LaSalle County, IL","05000US17099","lasalle-county-il"
3,"Native American",2016,"2016",66250,18969,"Logan County, IL","05000US17107","logan-county-il"
3,"Native American",2016,"2016",30625,26938,"McDonough County, IL","05000US17109","mcdonough-county-il"
3,"Native American",2016,"2016",27212,15842,"McHenry County, IL","05000US17111","mchenry-county-il"
3,"Native American",2016,"2016",48650,21281,"McLean County, IL","05000US17113","mclean-county-il"
3,"Native American",2016,"2016",6354,940,"Macoupin County, IL","05000US17117","macoupin-county-il"
3,"Native American",2016,"2016",85758,66144,"Madison County, IL","05000US17119","madison-county-il"
3,"Native American",2016,"2016",14432,6765.999999999999,"Marion County, IL","05000US17121","marion-county-il"
3,"Native American",2016,"2016",63333,31967.000000000004,"Mercer County, IL","05000US17131","mercer-county-il"
3,"Native American",2016,"2016",69688,64470.00000000001,"Ogle County, IL","05000US17141","ogle-county-il"
3,"Native American",2016,"2016",50917,35096,"Peoria County, IL","05000US17143","peoria-county-il"
3,"Native American",2016,"2016",8750,2756,"Pike County, IL","05000US17149","pike-county-il"
3,"Native American",2016,"2016",13333,10015,"Rock Island County, IL","05000US17161","rock-island-county-il"
3,"Native American",2016,"2016",26850,26011,"St. Clair County, IL","05000US17163","st-clair-county-il"
3,"Native American",2016,"2016",51875,21502,"Sangamon County, IL","05000US17167","sangamon-county-il"
3,"Native American",2016,"2016",40170,18942,"Tazewell County, IL","05000US17179","tazewell-county-il"
3,"Native American",2016,"2016",21573,6354,"Vermilion County, IL","05000US17183","vermilion-county-il"
3,"Native American",2016,"2016",48594,18429,"Will County, IL","05000US17197","will-county-il"
3,"Native American",2016,"2016",50259,28307.000000000004,"Winnebago County, IL","05000US17201","winnebago-county-il"
4,"Asian",2016,"2016",51866,5637,"Adams County, IL","05000US17001","adams-county-il"
4,"Asian",2016,"2016",58750,23998,"Alexander County, IL","05000US17003","alexander-county-il"
4,"Asian",2016,"2016",120302,50984,"Boone County, IL","05000US17007","boone-county-il"
4,"Asian",2016,"2016",51641,16209,"Bureau County, IL","05000US17011","bureau-county-il"
4,"Asian",2016,"2016",32250,19075,"Carroll County, IL","05000US17015","carroll-county-il"
4,"Asian",2016,"2016",25291,2132,"Champaign County, IL","05000US17019","champaign-county-il"
4,"Asian",2016,"2016",125331,119577.00000000001,"Clinton County, IL","05000US17027","clinton-county-il"
4,"Asian",2016,"2016",32772,12779,"Coles County, IL","05000US17029","coles-county-il"
4,"Asian",2016,"2016",72461,1472,"Cook County, IL","05000US17031","cook-county-il"
4,"Asian",2016,"2016",40938,26181,"DeKalb County, IL","05000US17037","dekalb-county-il"
4,"Asian",2016,"2016",82750,80025,"Douglas County, IL","05000US17041","douglas-county-il"
4,"Asian",2016,"2016",100341,3982.0000000000005,"DuPage County, IL","05000US17043","dupage-county-il"
4,"Asian",2016,"2016",42292,39434,"Edgar County, IL","05000US17045","edgar-county-il"
4,"Asian",2016,"2016",67964,9889,"Effingham County, IL","05000US17049","effingham-county-il"
4,"Asian",2016,"2016",21250,883,"Fulton County, IL","05000US17057","fulton-county-il"
4,"Asian",2016,"2016",52188,37338,"Iroquois County, IL","05000US17075","iroquois-county-il"
4,"Asian",2016,"2016",34643,18040,"Jackson County, IL","05000US17077","jackson-county-il"
4,"Asian",2016,"2016",110750,65728,"Jefferson County, IL","05000US17081","jefferson-county-il"
4,"Asian",2016,"2016",122614,84023,"Jo Daviess County, IL","05000US17085","jo-daviess-county-il"
4,"Asian",2016,"2016",92500,6720,"Kane County, IL","05000US17089","kane-county-il"
4,"Asian",2016,"2016",74012,19278,"Kankakee County, IL","05000US17091","kankakee-county-il"
4,"Asian",2016,"2016",77805,23412,"Kendall County, IL","05000US17093","kendall-county-il"
4,"Asian",2016,"2016",110313,48152,"Knox County, IL","05000US17095","knox-county-il"
4,"Asian",2016,"2016",105558,4166,"Lake County, IL","05000US17097","lake-county-il"
4,"Asian",2016,"2016",72760,26622,"LaSalle County, IL","05000US17099","lasalle-county-il"
4,"Asian",2016,"2016",28625,26264,"Lee County, IL","05000US17103","lee-county-il"
4,"Asian",2016,"2016",44063,30684,"Livingston County, IL","05000US17105","livingston-county-il"
4,"Asian",2016,"2016",49728,46524,"Logan County, IL","05000US17107","logan-county-il"
4,"Asian",2016,"2016",105594,10610,"McHenry County, IL","05000US17111","mchenry-county-il"
4,"Asian",2016,"2016",85738,11130,"McLean County, IL","05000US17113","mclean-county-il"
4,"Asian",2016,"2016",86726,28677.000000000004,"Macon County, IL","05000US17115","macon-county-il"
4,"Asian",2016,"2016",59118,17567,"Macoupin County, IL","05000US17117","macoupin-county-il"
4,"Asian",2016,"2016",46900,13602,"Madison County, IL","05000US17119","madison-county-il"
4,"Asian",2016,"2016",65313,28917.999999999996,"Marion County, IL","05000US17121","marion-county-il"
4,"Asian",2016,"2016",53750,48454,"Marshall County, IL","05000US17123","marshall-county-il"
4,"Asian",2016,"2016",35500,34228,"Massac County, IL","05000US17127","massac-county-il"
4,"Asian",2016,"2016",65625,16685,"Mercer County, IL","05000US17131","mercer-county-il"
4,"Asian",2016,"2016",51842,26256,"Ogle County, IL","05000US17141","ogle-county-il"
4,"Asian",2016,"2016",88172,3377,"Peoria County, IL","05000US17143","peoria-county-il"
4,"Asian",2016,"2016",90563,52323,"Perry County, IL","05000US17145","perry-county-il"
4,"Asian",2016,"2016",54250,30293.999999999996,"Randolph County, IL","05000US17157","randolph-county-il"
4,"Asian",2016,"2016",62600,17241,"Rock Island County, IL","05000US17161","rock-island-county-il"
4,"Asian",2016,"2016",71692,10015,"St. Clair County, IL","05000US17163","st-clair-county-il"
4,"Asian",2016,"2016",39000,33948,"Saline County, IL","05000US17165","saline-county-il"
4,"Asian",2016,"2016",62093,10498,"Sangamon County, IL","05000US17167","sangamon-county-il"
4,"Asian",2016,"2016",250001,,"Stephenson County, IL","05000US17177","stephenson-county-il"
4,"Asian",2016,"2016",85000,30288,"Tazewell County, IL","05000US17179","tazewell-county-il"
4,"Asian",2016,"2016",51696,7221,"Vermilion County, IL","05000US17183","vermilion-county-il"
4,"Asian",2016,"2016",37197,3134,"Warren County, IL","05000US17187","warren-county-il"
4,"Asian",2016,"2016",88281,22408,"Washington County, IL","05000US17189","washington-county-il"
4,"Asian",2016,"2016",123750,12582,"Whiteside County, IL","05000US17195","whiteside-county-il"
4,"Asian",2016,"2016",113556,5745,"Will County, IL","05000US17197","will-county-il"
4,"Asian",2016,"2016",58797,10186,"Winnebago County, IL","05000US17201","winnebago-county-il"
5,"Pacific Islander",2016,"2016",56875,29431,"Cook County, IL","05000US17031","cook-county-il"
5,"Pacific Islander",2016,"2016",67045,35377,"DuPage County, IL","05000US17043","dupage-county-il"
5,"Pacific Islander",2016,"2016",74712,39946,"Lee County, IL","05000US17103","lee-county-il"
5,"Pacific Islander",2016,"2016",2499,,"Logan County, IL","05000US17107","logan-county-il"
5,"Pacific Islander",2016,"2016",79286,40682,"St. Clair County, IL","05000US17163","st-clair-county-il"
5,"Pacific Islander",2016,"2016",48641,791,"Winnebago County, IL","05000US17201","winnebago-county-il"
6,"Other",2016,"2016",63805,17795,"Adams County, IL","05000US17001","adams-county-il"
6,"Other",2016,"2016",53682,23295,"Boone County, IL","05000US17007","boone-county-il"
6,"Other",2016,"2016",38750,23446,"Bureau County, IL","05000US17011","bureau-county-il"
6,"Other",2016,"2016",47778,21209,"Cass County, IL","05000US17017","cass-county-il"
6,"Other",2016,"2016",50833,14245,"Champaign County, IL","05000US17019","champaign-county-il"
6,"Other",2016,"2016",45159,981,"Cook County, IL","05000US17031","cook-county-il"
6,"Other",2016,"2016",36389,9943,"DeKalb County, IL","05000US17037","dekalb-county-il"
6,"Other",2016,"2016",31010,7548.000000000001,"De Witt County, IL","05000US17039","de-witt-county-il"
6,"Other",2016,"2016",52400,16477,"Douglas County, IL","05000US17041","douglas-county-il"
6,"Other",2016,"2016",50222,5982,"DuPage County, IL","05000US17043","dupage-county-il"
6,"Other",2016,"2016",41364,22905,"Effingham County, IL","05000US17049","effingham-county-il"
6,"Other",2016,"2016",46563,29541,"Franklin County, IL","05000US17055","franklin-county-il"
6,"Other",2016,"2016",65574,33396,"Grundy County, IL","05000US17063","grundy-county-il"
6,"Other",2016,"2016",30516,6696,"Henry County, IL","05000US17073","henry-county-il"
6,"Other",2016,"2016",36250,13524,"Iroquois County, IL","05000US17075","iroquois-county-il"
6,"Other",2016,"2016",47570,2043,"Kane County, IL","05000US17089","kane-county-il"
6,"Other",2016,"2016",45670,15151.999999999998,"Kankakee County, IL","05000US17091","kankakee-county-il"
6,"Other",2016,"2016",63147,20534,"Kendall County, IL","05000US17093","kendall-county-il"
6,"Other",2016,"2016",37143,12112,"Knox County, IL","05000US17095","knox-county-il"
6,"Other",2016,"2016",55083,3726,"Lake County, IL","05000US17097","lake-county-il"
6,"Other",2016,"2016",44375,14652.999999999998,"LaSalle County, IL","05000US17099","lasalle-county-il"
6,"Other",2016,"2016",39063,7719,"Lawrence County, IL","05000US17101","lawrence-county-il"
6,"Other",2016,"2016",60365,43608,"Lee County, IL","05000US17103","lee-county-il"
6,"Other",2016,"2016",65104,33951,"Livingston County, IL","05000US17105","livingston-county-il"
6,"Other",2016,"2016",41250,24029,"McDonough County, IL","05000US17109","mcdonough-county-il"
6,"Other",2016,"2016",51987,12838,"McHenry County, IL","05000US17111","mchenry-county-il"
6,"Other",2016,"2016",65056,26478,"McLean County, IL","05000US17113","mclean-county-il"
6,"Other",2016,"2016",61542,21112,"Macon County, IL","05000US17115","macon-county-il"
6,"Other",2016,"2016",27727,10713,"Macoupin County, IL","05000US17117","macoupin-county-il"
6,"Other",2016,"2016",46029,1767,"Madison County, IL","05000US17119","madison-county-il"
6,"Other",2016,"2016",51250,12549,"Ogle County, IL","05000US17141","ogle-county-il"
6,"Other",2016,"2016",46992,13146,"Peoria County, IL","05000US17143","peoria-county-il"
6,"Other",2016,"2016",41875,16828,"Randolph County, IL","05000US17157","randolph-county-il"
6,"Other",2016,"2016",47935,10104,"Rock Island County, IL","05000US17161","rock-island-county-il"
6,"Other",2016,"2016",38341,20779,"St. Clair County, IL","05000US17163","st-clair-county-il"
6,"Other",2016,"2016",41797,27574,"Sangamon County, IL","05000US17167","sangamon-county-il"
6,"Other",2016,"2016",83393,32230,"Stephenson County, IL","05000US17177","stephenson-county-il"
6,"Other",2016,"2016",74091,19455,"Tazewell County, IL","05000US17179","tazewell-county-il"
6,"Other",2016,"2016",14394,14353.000000000002,"Union County, IL","05000US17181","union-county-il"
6,"Other",2016,"2016",34803,12630,"Vermilion County, IL","05000US17183","vermilion-county-il"
6,"Other",2016,"2016",38697,7567,"Warren County, IL","05000US17187","warren-county-il"
6,"Other",2016,"2016",25938,7570.999999999999,"Washington County, IL","05000US17189","washington-county-il"
6,"Other",2016,"2016",49044,8549,"Whiteside County, IL","05000US17195","whiteside-county-il"
6,"Other",2016,"2016",55182,3396,"Will County, IL","05000US17197","will-county-il"
6,"Other",2016,"2016",36348,1573,"Winnebago County, IL","05000US17201","winnebago-county-il"
7,"Two Or More",2016,"2016",45313,17887,"Alexander County, IL","05000US17003","alexander-county-il"
7,"Two Or More",2016,"2016",73269,46233,"Boone County, IL","05000US17007","boone-county-il"
7,"Two Or More",2016,"2016",8750,2762,"Calhoun County, IL","05000US17013","calhoun-county-il"
7,"Two Or More",2016,"2016",22303,2047,"Cass County, IL","05000US17017","cass-county-il"
7,"Two Or More",2016,"2016",35865,9658,"Champaign County, IL","05000US17019","champaign-county-il"
7,"Two Or More",2016,"2016",27938,5290,"Coles County, IL","05000US17029","coles-county-il"
7,"Two Or More",2016,"2016",52906,2483,"Cook County, IL","05000US17031","cook-county-il"
7,"Two Or More",2016,"2016",26944,5258,"Crawford County, IL","05000US17033","crawford-county-il"
7,"Two Or More",2016,"2016",28929,9753,"DeKalb County, IL","05000US17037","dekalb-county-il"
7,"Two Or More",2016,"2016",28750,22679,"De Witt County, IL","05000US17039","de-witt-county-il"
7,"Two Or More",2016,"2016",62099,6440,"DuPage County, IL","05000US17043","dupage-county-il"
7,"Two Or More",2016,"2016",19063,14896.000000000002,"Edgar County, IL","05000US17045","edgar-county-il"
7,"Two Or More",2016,"2016",77917,43205,"Ford County, IL","05000US17053","ford-county-il"
7,"Two Or More",2016,"2016",18182,8925,"Franklin County, IL","05000US17055","franklin-county-il"
7,"Two Or More",2016,"2016",77083,60794,"Fulton County, IL","05000US17057","fulton-county-il"
7,"Two Or More",2016,"2016",21250,12761,"Gallatin County, IL","05000US17059","gallatin-county-il"
7,"Two Or More",2016,"2016",29063,24289,"Greene County, IL","05000US17061","greene-county-il"
7,"Two Or More",2016,"2016",42202,20641,"Grundy County, IL","05000US17063","grundy-county-il"
7,"Two Or More",2016,"2016",31739,10453,"Hancock County, IL","05000US17067","hancock-county-il"
7,"Two Or More",2016,"2016",45250,15821,"Iroquois County, IL","05000US17075","iroquois-county-il"
7,"Two Or More",2016,"2016",18601,2221,"Jackson County, IL","05000US17077","jackson-county-il"
7,"Two Or More",2016,"2016",38194,6789,"Jasper County, IL","05000US17079","jasper-county-il"
7,"Two Or More",2016,"2016",30893,20850,"Jefferson County, IL","05000US17081","jefferson-county-il"
7,"Two Or More",2016,"2016",35521,10632,"Johnson County, IL","05000US17087","johnson-county-il"
7,"Two Or More",2016,"2016",66029,15101.000000000002,"Kane County, IL","05000US17089","kane-county-il"
7,"Two Or More",2016,"2016",39519,35755,"Kankakee County, IL","05000US17091","kankakee-county-il"
7,"Two Or More",2016,"2016",81333,34007,"Kendall County, IL","05000US17093","kendall-county-il"
7,"Two Or More",2016,"2016",26417,14079.999999999998,"Knox County, IL","05000US17095","knox-county-il"
7,"Two Or More",2016,"2016",63418,3918,"Lake County, IL","05000US17097","lake-county-il"
7,"Two Or More",2016,"2016",38363,8541,"LaSalle County, IL","05000US17099","lasalle-county-il"
7,"Two Or More",2016,"2016",16250,3801,"Lawrence County, IL","05000US17101","lawrence-county-il"
7,"Two Or More",2016,"2016",67950,22668,"Lee County, IL","05000US17103","lee-county-il"
7,"Two Or More",2016,"2016",23309,15754.999999999998,"Livingston County, IL","05000US17105","livingston-county-il"
7,"Two Or More",2016,"2016",28815,3615.9999999999995,"Logan County, IL","05000US17107","logan-county-il"
7,"Two Or More",2016,"2016",64375,20973,"McHenry County, IL","05000US17111","mchenry-county-il"
7,"Two Or More",2016,"2016",60481,8913,"McLean County, IL","05000US17113","mclean-county-il"
7,"Two Or More",2016,"2016",30362,8302,"Macon County, IL","05000US17115","macon-county-il"
7,"Two Or More",2016,"2016",39167,14343.999999999998,"Macoupin County, IL","05000US17117","macoupin-county-il"
7,"Two Or More",2016,"2016",50660,10520,"Madison County, IL","05000US17119","madison-county-il"
7,"Two Or More",2016,"2016",35469,8305,"Marion County, IL","05000US17121","marion-county-il"
7,"Two Or More",2016,"2016",41875,35823,"Marshall County, IL","05000US17123","marshall-county-il"
7,"Two Or More",2016,"2016",76719,28287.000000000004,"Massac County, IL","05000US17127","massac-county-il"
7,"Two Or More",2016,"2016",72500,38733,"Mercer County, IL","05000US17131","mercer-county-il"
7,"Two Or More",2016,"2016",15781,6252,"Montgomery County, IL","05000US17135","montgomery-county-il"
7,"Two Or More",2016,"2016",55114,27754,"Morgan County, IL","05000US17137","morgan-county-il"
7,"Two Or More",2016,"2016",48125,11430,"Moultrie County, IL","05000US17139","moultrie-county-il"
7,"Two Or More",2016,"2016",45833,18055,"Ogle County, IL","05000US17141","ogle-county-il"
7,"Two Or More",2016,"2016",48750,22596,"Peoria County, IL","05000US17143","peoria-county-il"
7,"Two Or More",2016,"2016",32813,12863,"Perry County, IL","05000US17145","perry-county-il"
7,"Two Or More",2016,"2016",40833,8213,"Piatt County, IL","05000US17147","piatt-county-il"
7,"Two Or More",2016,"2016",27679,8403,"Pike County, IL","05000US17149","pike-county-il"
7,"Two Or More",2016,"2016",40682,20408,"Pulaski County, IL","05000US17153","pulaski-county-il"
7,"Two Or More",2016,"2016",80865,58051,"Putnam County, IL","05000US17155","putnam-county-il"
7,"Two Or More",2016,"2016",41331,919,"Richland County, IL","05000US17159","richland-county-il"
7,"Two Or More",2016,"2016",36568,6902,"Rock Island County, IL","05000US17161","rock-island-county-il"
7,"Two Or More",2016,"2016",47262,18859,"St. Clair County, IL","05000US17163","st-clair-county-il"
7,"Two Or More",2016,"2016",33490,15507,"Saline County, IL","05000US17165","saline-county-il"
7,"Two Or More",2016,"2016",33200,11347,"Sangamon County, IL","05000US17167","sangamon-county-il"
7,"Two Or More",2016,"2016",49583,40233,"Schuyler County, IL","05000US17169","schuyler-county-il"
7,"Two Or More",2016,"2016",34583,9817,"Stark County, IL","05000US17175","stark-county-il"
7,"Two Or More",2016,"2016",26573,14485,"Stephenson County, IL","05000US17177","stephenson-county-il"
7,"Two Or More",2016,"2016",33750,13902,"Tazewell County, IL","05000US17179","tazewell-county-il"
7,"Two Or More",2016,"2016",43158,29358,"Union County, IL","05000US17181","union-county-il"
7,"Two Or More",2016,"2016",38241,9208,"Vermilion County, IL","05000US17183","vermilion-county-il"
7,"Two Or More",2016,"2016",34321,21393,"Warren County, IL","05000US17187","warren-county-il"
7,"Two Or More",2016,"2016",54000,8946,"Washington County, IL","05000US17189","washington-county-il"
7,"Two Or More",2016,"2016",44732,6190,"Whiteside County, IL","05000US17195","whiteside-county-il"
7,"Two Or More",2016,"2016",57950,10098,"Will County, IL","05000US17197","will-county-il"
7,"Two Or More",2016,"2016",36021,7549,"Winnebago County, IL","05000US17201","winnebago-county-il"
7,"Two Or More",2016,"2016",42083,9309,"Woodford County, IL","05000US17203","woodford-county-il"
8,"White Non-Hispanic",2016,"2016",49199,1860,"Adams County, IL","05000US17001","adams-county-il"
8,"White Non-Hispanic",2016,"2016",35313,3876,"Alexander County, IL","05000US17003","alexander-county-il"
8,"White Non-Hispanic",2016,"2016",52123,2725,"Bond County, IL","05000US17005","bond-county-il"
8,"White Non-Hispanic",2016,"2016",61908,4934,"Boone County, IL","05000US17007","boone-county-il"
8,"White Non-Hispanic",2016,"2016",53686,4871,"Brown County, IL","05000US17009","brown-county-il"
8,"White Non-Hispanic",2016,"2016",51715,1662,"Bureau County, IL","05000US17011","bureau-county-il"
8,"White Non-Hispanic",2016,"2016",53397,5436,"Calhoun County, IL","05000US17013","calhoun-county-il"
8,"White Non-Hispanic",2016,"2016",50923,3356,"Carroll County, IL","05000US17015","carroll-county-il"
8,"White Non-Hispanic",2016,"2016",51325,2567,"Cass County, IL","05000US17017","cass-county-il"
8,"White Non-Hispanic",2016,"2016",55181,1399,"Champaign County, IL","05000US17019","champaign-county-il"
8,"White Non-Hispanic",2016,"2016",47670,2306,"Christian County, IL","05000US17021","christian-county-il"
8,"White Non-Hispanic",2016,"2016",48624,2477,"Clark County, IL","05000US17023","clark-county-il"
8,"White Non-Hispanic",2016,"2016",46003,2874,"Clay County, IL","05000US17025","clay-county-il"
8,"White Non-Hispanic",2016,"2016",64456,2497,"Clinton County, IL","05000US17027","clinton-county-il"
8,"White Non-Hispanic",2016,"2016",40419,1828,"Coles County, IL","05000US17029","coles-county-il"
8,"White Non-Hispanic",2016,"2016",73572,493,"Cook County, IL","05000US17031","cook-county-il"
8,"White Non-Hispanic",2016,"2016",47435,2727,"Crawford County, IL","05000US17033","crawford-county-il"
8,"White Non-Hispanic",2016,"2016",44918,5069,"Cumberland County, IL","05000US17035","cumberland-county-il"
8,"White Non-Hispanic",2016,"2016",60288,1867.0000000000002,"DeKalb County, IL","05000US17037","dekalb-county-il"
8,"White Non-Hispanic",2016,"2016",54494,2904,"De Witt County, IL","05000US17039","de-witt-county-il"
8,"White Non-Hispanic",2016,"2016",54016,2745,"Douglas County, IL","05000US17041","douglas-county-il"
8,"White Non-Hispanic",2016,"2016",85867,818,"DuPage County, IL","05000US17043","dupage-county-il"
8,"White Non-Hispanic",2016,"2016",46427,3155,"Edgar County, IL","05000US17045","edgar-county-il"
8,"White Non-Hispanic",2016,"2016",47064,2451,"Edwards County, IL","05000US17047","edwards-county-il"
8,"White Non-Hispanic",2016,"2016",53060,2080,"Effingham County, IL","05000US17049","effingham-county-il"
8,"White Non-Hispanic",2016,"2016",44751,1961,"Fayette County, IL","05000US17051","fayette-county-il"
8,"White Non-Hispanic",2016,"2016",49544,2717,"Ford County, IL","05000US17053","ford-county-il"
8,"White Non-Hispanic",2016,"2016",39908,1553,"Franklin County, IL","05000US17055","franklin-county-il"
8,"White Non-Hispanic",2016,"2016",46234,1919,"Fulton County, IL","05000US17057","fulton-county-il"
8,"White Non-Hispanic",2016,"2016",41496,3381,"Gallatin County, IL","05000US17059","gallatin-county-il"
8,"White Non-Hispanic",2016,"2016",43221,2339,"Greene County, IL","05000US17061","greene-county-il"
8,"White Non-Hispanic",2016,"2016",69531,4044,"Grundy County, IL","05000US17063","grundy-county-il"
8,"White Non-Hispanic",2016,"2016",44972,7841,"Hamilton County, IL","05000US17065","hamilton-county-il"
8,"White Non-Hispanic",2016,"2016",50336,1599,"Hancock County, IL","05000US17067","hancock-county-il"
8,"White Non-Hispanic",2016,"2016",39522,4753,"Hardin County, IL","05000US17069","hardin-county-il"
8,"White Non-Hispanic",2016,"2016",46199,4048,"Henderson County, IL","05000US17071","henderson-county-il"
8,"White Non-Hispanic",2016,"2016",56180,2027,"Henry County, IL","05000US17073","henry-county-il"
8,"White Non-Hispanic",2016,"2016",49215,2073,"Iroquois County, IL","05000US17075","iroquois-county-il"
8,"White Non-Hispanic",2016,"2016",39258,2057,"Jackson County, IL","05000US17077","jackson-county-il"
8,"White Non-Hispanic",2016,"2016",56397,3802,"Jasper County, IL","05000US17079","jasper-county-il"
8,"White Non-Hispanic",2016,"2016",45108,2208,"Jefferson County, IL","05000US17081","jefferson-county-il"
8,"White Non-Hispanic",2016,"2016",52583,2742,"Jersey County, IL","05000US17083","jersey-county-il"
8,"White Non-Hispanic",2016,"2016",54990,2123,"Jo Daviess County, IL","05000US17085","jo-daviess-county-il"
8,"White Non-Hispanic",2016,"2016",44429,3458,"Johnson County, IL","05000US17087","johnson-county-il"
8,"White Non-Hispanic",2016,"2016",83734,1429,"Kane County, IL","05000US17089","kane-county-il"
8,"White Non-Hispanic",2016,"2016",60695,1623,"Kankakee County, IL","05000US17091","kankakee-county-il"
8,"White Non-Hispanic",2016,"2016",91413,4387,"Kendall County, IL","05000US17093","kendall-county-il"
8,"White Non-Hispanic",2016,"2016",42194,1512,"Knox County, IL","05000US17095","knox-county-il"
8,"White Non-Hispanic",2016,"2016",91296,1162,"Lake County, IL","05000US17097","lake-county-il"
8,"White Non-Hispanic",2016,"2016",52850,1495,"LaSalle County, IL","05000US17099","lasalle-county-il"
8,"White Non-Hispanic",2016,"2016",43380,3813.9999999999995,"Lawrence County, IL","05000US17101","lawrence-county-il"
8,"White Non-Hispanic",2016,"2016",55353,2276,"Lee County, IL","05000US17103","lee-county-il"
8,"White Non-Hispanic",2016,"2016",54882,2998,"Livingston County, IL","05000US17105","livingston-county-il"
8,"White Non-Hispanic",2016,"2016",54967,2508,"Logan County, IL","05000US17107","logan-county-il"
8,"White Non-Hispanic",2016,"2016",41784,2484,"McDonough County, IL","05000US17109","mcdonough-county-il"
8,"White Non-Hispanic",2016,"2016",81843,1322,"McHenry County, IL","05000US17111","mchenry-county-il"
8,"White Non-Hispanic",2016,"2016",66262,2141,"McLean County, IL","05000US17113","mclean-county-il"
8,"White Non-Hispanic",2016,"2016",51662,1533,"Macon County, IL","05000US17115","macon-county-il"
8,"White Non-Hispanic",2016,"2016",52324,2352,"Macoupin County, IL","05000US17117","macoupin-county-il"
8,"White Non-Hispanic",2016,"2016",57848,1578,"Madison County, IL","05000US17119","madison-county-il"
8,"White Non-Hispanic",2016,"2016",44954,1820.9999999999998,"Marion County, IL","05000US17121","marion-county-il"
8,"White Non-Hispanic",2016,"2016",54313,2327,"Marshall County, IL","05000US17123","marshall-county-il"
8,"White Non-Hispanic",2016,"2016",43513,3539,"Mason County, IL","05000US17125","mason-county-il"
8,"White Non-Hispanic",2016,"2016",44282,2295,"Massac County, IL","05000US17127","massac-county-il"
8,"White Non-Hispanic",2016,"2016",60634,3289,"Menard County, IL","05000US17129","menard-county-il"
8,"White Non-Hispanic",2016,"2016",55629,2265,"Mercer County, IL","05000US17131","mercer-county-il"
8,"White Non-Hispanic",2016,"2016",73249,3760,"Monroe County, IL","05000US17133","monroe-county-il"
8,"White Non-Hispanic",2016,"2016",45213,2234,"Montgomery County, IL","05000US17135","montgomery-county-il"
8,"White Non-Hispanic",2016,"2016",49573,2672,"Morgan County, IL","05000US17137","morgan-county-il"
8,"White Non-Hispanic",2016,"2016",52038,4606,"Moultrie County, IL","05000US17139","moultrie-county-il"
8,"White Non-Hispanic",2016,"2016",57002,1931.9999999999998,"Ogle County, IL","05000US17141","ogle-county-il"
8,"White Non-Hispanic",2016,"2016",57101,1495,"Peoria County, IL","05000US17143","peoria-county-il"
8,"White Non-Hispanic",2016,"2016",43762,3386,"Perry County, IL","05000US17145","perry-county-il"
8,"White Non-Hispanic",2016,"2016",70000,3478,"Piatt County, IL","05000US17147","piatt-county-il"
8,"White Non-Hispanic",2016,"2016",40395,1838,"Pike County, IL","05000US17149","pike-county-il"
8,"White Non-Hispanic",2016,"2016",39145,5293,"Pope County, IL","05000US17151","pope-county-il"
8,"White Non-Hispanic",2016,"2016",36000,5682,"Pulaski County, IL","05000US17153","pulaski-county-il"
8,"White Non-Hispanic",2016,"2016",63713,5346,"Putnam County, IL","05000US17155","putnam-county-il"
8,"White Non-Hispanic",2016,"2016",49686,2297,"Randolph County, IL","05000US17157","randolph-county-il"
8,"White Non-Hispanic",2016,"2016",46199,2256,"Richland County, IL","05000US17159","richland-county-il"
8,"White Non-Hispanic",2016,"2016",52687,1403,"Rock Island County, IL","05000US17161","rock-island-county-il"
8,"White Non-Hispanic",2016,"2016",62574,1427,"St. Clair County, IL","05000US17163","st-clair-county-il"
8,"White Non-Hispanic",2016,"2016",41608,2311,"Saline County, IL","05000US17165","saline-county-il"
8,"White Non-Hispanic",2016,"2016",62095,1246,"Sangamon County, IL","05000US17167","sangamon-county-il"
8,"White Non-Hispanic",2016,"2016",48538,3396,"Schuyler County, IL","05000US17169","schuyler-county-il"
8,"White Non-Hispanic",2016,"2016",46331,6420,"Scott County, IL","05000US17171","scott-county-il"
8,"White Non-Hispanic",2016,"2016",48724,2390,"Shelby County, IL","05000US17173","shelby-county-il"
8,"White Non-Hispanic",2016,"2016",52077,4035,"Stark County, IL","05000US17175","stark-county-il"
8,"White Non-Hispanic",2016,"2016",47940,1744,"Stephenson County, IL","05000US17177","stephenson-county-il"
8,"White Non-Hispanic",2016,"2016",60414,1456,"Tazewell County, IL","05000US17179","tazewell-county-il"
8,"White Non-Hispanic",2016,"2016",46706,3226,"Union County, IL","05000US17181","union-county-il"
8,"White Non-Hispanic",2016,"2016",47054,1450,"Vermilion County, IL","05000US17183","vermilion-county-il"
8,"White Non-Hispanic",2016,"2016",47167,3030,"Wabash County, IL","05000US17185","wabash-county-il"
8,"White Non-Hispanic",2016,"2016",45385,3267,"Warren County, IL","05000US17187","warren-county-il"
8,"White Non-Hispanic",2016,"2016",55264,3005,"Washington County, IL","05000US17189","washington-county-il"
8,"White Non-Hispanic",2016,"2016",47543,2935,"Wayne County, IL","05000US17191","wayne-county-il"
8,"White Non-Hispanic",2016,"2016",43660,3151,"White County, IL","05000US17193","white-county-il"
8,"White Non-Hispanic",2016,"2016",50058,1969.9999999999998,"Whiteside County, IL","05000US17195","whiteside-county-il"
8,"White Non-Hispanic",2016,"2016",82918,935,"Will County, IL","05000US17197","will-county-il"
8,"White Non-Hispanic",2016,"2016",46418,1562,"Williamson County, IL","05000US17199","williamson-county-il"
8,"White Non-Hispanic",2016,"2016",54328,1032,"Winnebago County, IL","05000US17201","winnebago-county-il"
8,"White Non-Hispanic",2016,"2016",68400,3132,"Woodford County, IL","05000US17203","woodford-county-il"
9,"Hispanic",2016,"2016",64210,24875,"Adams County, IL","05000US17001","adams-county-il"
9,"Hispanic",2016,"2016",28750,25496,"Alexander County, IL","05000US17003","alexander-county-il"
9,"Hispanic",2016,"2016",51021,9721,"Boone County, IL","05000US17007","boone-county-il"
9,"Hispanic",2016,"2016",42168,13260,"Bureau County, IL","05000US17011","bureau-county-il"
9,"Hispanic",2016,"2016",38625,22769,"Carroll County, IL","05000US17015","carroll-county-il"
9,"Hispanic",2016,"2016",41071,9250,"Cass County, IL","05000US17017","cass-county-il"
9,"Hispanic",2016,"2016",41644,4384,"Champaign County, IL","05000US17019","champaign-county-il"
9,"Hispanic",2016,"2016",38304,20768,"Clark County, IL","05000US17023","clark-county-il"
9,"Hispanic",2016,"2016",55972,17507,"Clay County, IL","05000US17025","clay-county-il"
9,"Hispanic",2016,"2016",76250,37673,"Clinton County, IL","05000US17027","clinton-county-il"
9,"Hispanic",2016,"2016",47369,546,"Cook County, IL","05000US17031","cook-county-il"
9,"Hispanic",2016,"2016",32593,26843,"Cumberland County, IL","05000US17035","cumberland-county-il"
9,"Hispanic",2016,"2016",43676,8126.000000000001,"DeKalb County, IL","05000US17037","dekalb-county-il"
9,"Hispanic",2016,"2016",31071,19280,"De Witt County, IL","05000US17039","de-witt-county-il"
9,"Hispanic",2016,"2016",44787,7520,"Douglas County, IL","05000US17041","douglas-county-il"
9,"Hispanic",2016,"2016",58220,2800,"DuPage County, IL","05000US17043","dupage-county-il"
9,"Hispanic",2016,"2016",2499,,"Edwards County, IL","05000US17047","edwards-county-il"
9,"Hispanic",2016,"2016",42102,14737.999999999998,"Effingham County, IL","05000US17049","effingham-county-il"
9,"Hispanic",2016,"2016",37188,32606.999999999996,"Ford County, IL","05000US17053","ford-county-il"
9,"Hispanic",2016,"2016",28017,3884,"Franklin County, IL","05000US17055","franklin-county-il"
9,"Hispanic",2016,"2016",30833,23086,"Fulton County, IL","05000US17057","fulton-county-il"
9,"Hispanic",2016,"2016",55060,16654,"Grundy County, IL","05000US17063","grundy-county-il"
9,"Hispanic",2016,"2016",90625,78708,"Henderson County, IL","05000US17071","henderson-county-il"
9,"Hispanic",2016,"2016",32401,13288,"Henry County, IL","05000US17073","henry-county-il"
9,"Hispanic",2016,"2016",38004,2556,"Iroquois County, IL","05000US17075","iroquois-county-il"
9,"Hispanic",2016,"2016",27396,16520,"Jackson County, IL","05000US17077","jackson-county-il"
9,"Hispanic",2016,"2016",23309,6083,"Jefferson County, IL","05000US17081","jefferson-county-il"
9,"Hispanic",2016,"2016",62694,59624.00000000001,"Jersey County, IL","05000US17083","jersey-county-il"
9,"Hispanic",2016,"2016",38056,20241,"Johnson County, IL","05000US17087","johnson-county-il"
9,"Hispanic",2016,"2016",49785,1468,"Kane County, IL","05000US17089","kane-county-il"
9,"Hispanic",2016,"2016",45800,3995.9999999999995,"Kankakee County, IL","05000US17091","kankakee-county-il"
9,"Hispanic",2016,"2016",68370,14939,"Kendall County, IL","05000US17093","kendall-county-il"
9,"Hispanic",2016,"2016",33878,10819,"Knox County, IL","05000US17095","knox-county-il"
9,"Hispanic",2016,"2016",51576,1475,"Lake County, IL","05000US17097","lake-county-il"
9,"Hispanic",2016,"2016",42405,5022,"LaSalle County, IL","05000US17099","lasalle-county-il"
9,"Hispanic",2016,"2016",53250,20528,"Lawrence County, IL","05000US17101","lawrence-county-il"
9,"Hispanic",2016,"2016",46528,25976,"Lee County, IL","05000US17103","lee-county-il"
9,"Hispanic",2016,"2016",37457,14875,"Livingston County, IL","05000US17105","livingston-county-il"
9,"Hispanic",2016,"2016",59410,5907,"Logan County, IL","05000US17107","logan-county-il"
9,"Hispanic",2016,"2016",33333,22274,"McDonough County, IL","05000US17109","mcdonough-county-il"
9,"Hispanic",2016,"2016",57343,3422,"McHenry County, IL","05000US17111","mchenry-county-il"
9,"Hispanic",2016,"2016",41905,5492,"McLean County, IL","05000US17113","mclean-county-il"
9,"Hispanic",2016,"2016",55341,16732,"Macon County, IL","05000US17115","macon-county-il"
9,"Hispanic",2016,"2016",73077,32263,"Macoupin County, IL","05000US17117","macoupin-county-il"
9,"Hispanic",2016,"2016",45587,4191,"Madison County, IL","05000US17119","madison-county-il"
9,"Hispanic",2016,"2016",54728,4689,"Marshall County, IL","05000US17123","marshall-county-il"
9,"Hispanic",2016,"2016",23542,22333,"Mason County, IL","05000US17125","mason-county-il"
9,"Hispanic",2016,"2016",51563,16148.000000000002,"Mercer County, IL","05000US17131","mercer-county-il"
9,"Hispanic",2016,"2016",67745,39705,"Montgomery County, IL","05000US17135","montgomery-county-il"
9,"Hispanic",2016,"2016",35893,35670,"Morgan County, IL","05000US17137","morgan-county-il"
9,"Hispanic",2016,"2016",38750,11120,"Moultrie County, IL","05000US17139","moultrie-county-il"
9,"Hispanic",2016,"2016",41083,7175,"Ogle County, IL","05000US17141","ogle-county-il"
9,"Hispanic",2016,"2016",44478,5570,"Peoria County, IL","05000US17143","peoria-county-il"
9,"Hispanic",2016,"2016",45909,14986.000000000002,"Piatt County, IL","05000US17147","piatt-county-il"
9,"Hispanic",2016,"2016",51563,20797,"Pike County, IL","05000US17149","pike-county-il"
9,"Hispanic",2016,"2016",25000,3613,"Pulaski County, IL","05000US17153","pulaski-county-il"
9,"Hispanic",2016,"2016",63750,51527,"Putnam County, IL","05000US17155","putnam-county-il"
9,"Hispanic",2016,"2016",59464,14023,"Randolph County, IL","05000US17157","randolph-county-il"
9,"Hispanic",2016,"2016",44787,6434,"Rock Island County, IL","05000US17161","rock-island-county-il"
9,"Hispanic",2016,"2016",41567,5676,"St. Clair County, IL","05000US17163","st-clair-county-il"
9,"Hispanic",2016,"2016",22763,16366,"Saline County, IL","05000US17165","saline-county-il"
9,"Hispanic",2016,"2016",41908,14498.999999999998,"Sangamon County, IL","05000US17167","sangamon-county-il"
9,"Hispanic",2016,"2016",50625,43796,"Shelby County, IL","05000US17173","shelby-county-il"
9,"Hispanic",2016,"2016",38368,14433.000000000002,"Stephenson County, IL","05000US17177","stephenson-county-il"
9,"Hispanic",2016,"2016",57152,15334,"Tazewell County, IL","05000US17179","tazewell-county-il"
9,"Hispanic",2016,"2016",33105,6666,"Union County, IL","05000US17181","union-county-il"
9,"Hispanic",2016,"2016",34321,1394,"Vermilion County, IL","05000US17183","vermilion-county-il"
9,"Hispanic",2016,"2016",2499,,"Wabash County, IL","05000US17185","wabash-county-il"
9,"Hispanic",2016,"2016",36901,3878.9999999999995,"Warren County, IL","05000US17187","warren-county-il"
9,"Hispanic",2016,"2016",30250,9498,"Washington County, IL","05000US17189","washington-county-il"
9,"Hispanic",2016,"2016",35893,7278,"White County, IL","05000US17193","white-county-il"
9,"Hispanic",2016,"2016",44712,5064,"Whiteside County, IL","05000US17195","whiteside-county-il"
9,"Hispanic",2016,"2016",60377,2148,"Will County, IL","05000US17197","will-county-il"
9,"Hispanic",2016,"2016",39706,19681,"Williamson County, IL","05000US17199","williamson-county-il"
9,"Hispanic",2016,"2016",38687,2626,"Winnebago County, IL","05000US17201","winnebago-county-il"
9,"Hispanic",2016,"2016",55972,15425.000000000002,"Woodford County, IL","05000US17203","woodford-county-il"
0,"Total",2015,"2015",45965,1350,"Adams County, IL","05000US17001","adams-county-il"
0,"Total",2015,"2015",27265,3011,"Alexander County, IL","05000US17003","alexander-county-il"
0,"Total",2015,"2015",47946,3835.0000000000005,"Bond County, IL","05000US17005","bond-county-il"
0,"Total",2015,"2015",58248,4054,"Boone County, IL","05000US17007","boone-county-il"
0,"Total",2015,"2015",50739,4955,"Brown County, IL","05000US17009","brown-county-il"
0,"Total",2015,"2015",50423,1480,"Bureau County, IL","05000US17011","bureau-county-il"
0,"Total",2015,"2015",53869,5535,"Calhoun County, IL","05000US17013","calhoun-county-il"
0,"Total",2015,"2015",48631,3558,"Carroll County, IL","05000US17015","carroll-county-il"
0,"Total",2015,"2015",47434,3013,"Cass County, IL","05000US17017","cass-county-il"
0,"Total",2015,"2015",46495,1077,"Champaign County, IL","05000US17019","champaign-county-il"
0,"Total",2015,"2015",45334,2860,"Christian County, IL","05000US17021","christian-county-il"
0,"Total",2015,"2015",50517,2304,"Clark County, IL","05000US17023","clark-county-il"
0,"Total",2015,"2015",44209,2123,"Clay County, IL","05000US17025","clay-county-il"
0,"Total",2015,"2015",63236,2172,"Clinton County, IL","05000US17027","clinton-county-il"
0,"Total",2015,"2015",39588,2470,"Coles County, IL","05000US17029","coles-county-il"
0,"Total",2015,"2015",55251,327,"Cook County, IL","05000US17031","cook-county-il"
0,"Total",2015,"2015",47468,2993,"Crawford County, IL","05000US17033","crawford-county-il"
0,"Total",2015,"2015",46061,3690,"Cumberland County, IL","05000US17035","cumberland-county-il"
0,"Total",2015,"2015",54101,2012,"DeKalb County, IL","05000US17037","dekalb-county-il"
0,"Total",2015,"2015",53959,2647,"De Witt County, IL","05000US17039","de-witt-county-il"
0,"Total",2015,"2015",51810,2087,"Douglas County, IL","05000US17041","douglas-county-il"
0,"Total",2015,"2015",79658,898.9999999999999,"DuPage County, IL","05000US17043","dupage-county-il"
0,"Total",2015,"2015",45691,2266,"Edgar County, IL","05000US17045","edgar-county-il"
0,"Total",2015,"2015",44497,2264,"Edwards County, IL","05000US17047","edwards-county-il"
0,"Total",2015,"2015",52224,2392,"Effingham County, IL","05000US17049","effingham-county-il"
0,"Total",2015,"2015",43944,2186,"Fayette County, IL","05000US17051","fayette-county-il"
0,"Total",2015,"2015",49947,2078,"Ford County, IL","05000US17053","ford-county-il"
0,"Total",2015,"2015",39512,1552,"Franklin County, IL","05000US17055","franklin-county-il"
0,"Total",2015,"2015",46083,1992.9999999999998,"Fulton County, IL","05000US17057","fulton-county-il"
0,"Total",2015,"2015",39636,4202,"Gallatin County, IL","05000US17059","gallatin-county-il"
0,"Total",2015,"2015",42565,2439,"Greene County, IL","05000US17061","greene-county-il"
0,"Total",2015,"2015",65887,3181,"Grundy County, IL","05000US17063","grundy-county-il"
0,"Total",2015,"2015",44159,8254,"Hamilton County, IL","05000US17065","hamilton-county-il"
0,"Total",2015,"2015",47699,2679,"Hancock County, IL","05000US17067","hancock-county-il"
0,"Total",2015,"2015",38838,4037.0000000000005,"Hardin County, IL","05000US17069","hardin-county-il"
0,"Total",2015,"2015",47672,4577,"Henderson County, IL","05000US17071","henderson-county-il"
0,"Total",2015,"2015",53480,1445,"Henry County, IL","05000US17073","henry-county-il"
0,"Total",2015,"2015",47834,1978.0000000000002,"Iroquois County, IL","05000US17075","iroquois-county-il"
0,"Total",2015,"2015",33871,2317,"Jackson County, IL","05000US17077","jackson-county-il"
0,"Total",2015,"2015",54209,2617,"Jasper County, IL","05000US17079","jasper-county-il"
0,"Total",2015,"2015",43247,2341,"Jefferson County, IL","05000US17081","jefferson-county-il"
0,"Total",2015,"2015",53271,1829.0000000000002,"Jersey County, IL","05000US17083","jersey-county-il"
0,"Total",2015,"2015",53221,1951,"Jo Daviess County, IL","05000US17085","jo-daviess-county-il"
0,"Total",2015,"2015",42287,2214,"Johnson County, IL","05000US17087","johnson-county-il"
0,"Total",2015,"2015",70696,1068,"Kane County, IL","05000US17089","kane-county-il"
0,"Total",2015,"2015",52110,1466,"Kankakee County, IL","05000US17091","kankakee-county-il"
0,"Total",2015,"2015",84385,2609,"Kendall County, IL","05000US17093","kendall-county-il"
0,"Total",2015,"2015",39976,1529,"Knox County, IL","05000US17095","knox-county-il"
0,"Total",2015,"2015",78026,979.9999999999999,"Lake County, IL","05000US17097","lake-county-il"
0,"Total",2015,"2015",50633,1642,"LaSalle County, IL","05000US17099","lasalle-county-il"
0,"Total",2015,"2015",40841,2772,"Lawrence County, IL","05000US17101","lawrence-county-il"
0,"Total",2015,"2015",52379,2253,"Lee County, IL","05000US17103","lee-county-il"
0,"Total",2015,"2015",54254,2297,"Livingston County, IL","05000US17105","livingston-county-il"
0,"Total",2015,"2015",50539,2403,"Logan County, IL","05000US17107","logan-county-il"
0,"Total",2015,"2015",40314,2322,"McDonough County, IL","05000US17109","mcdonough-county-il"
0,"Total",2015,"2015",77222,1688.9999999999998,"McHenry County, IL","05000US17111","mchenry-county-il"
0,"Total",2015,"2015",62211,1191,"McLean County, IL","05000US17113","mclean-county-il"
0,"Total",2015,"2015",47176,1177,"Macon County, IL","05000US17115","macon-county-il"
0,"Total",2015,"2015",51206,2030.9999999999998,"Macoupin County, IL","05000US17117","macoupin-county-il"
0,"Total",2015,"2015",53431,1065,"Madison County, IL","05000US17119","madison-county-il"
0,"Total",2015,"2015",42238,1761,"Marion County, IL","05000US17121","marion-county-il"
0,"Total",2015,"2015",53423,1419,"Marshall County, IL","05000US17123","marshall-county-il"
0,"Total",2015,"2015",41567,2527,"Mason County, IL","05000US17125","mason-county-il"
0,"Total",2015,"2015",40977,3686,"Massac County, IL","05000US17127","massac-county-il"
0,"Total",2015,"2015",60486,2754,"Menard County, IL","05000US17129","menard-county-il"
0,"Total",2015,"2015",54757,3176,"Mercer County, IL","05000US17131","mercer-county-il"
0,"Total",2015,"2015",70859,3407,"Monroe County, IL","05000US17133","monroe-county-il"
0,"Total",2015,"2015",46966,1701,"Montgomery County, IL","05000US17135","montgomery-county-il"
0,"Total",2015,"2015",45978,1677,"Morgan County, IL","05000US17137","morgan-county-il"
0,"Total",2015,"2015",49681,4409,"Moultrie County, IL","05000US17139","moultrie-county-il"
0,"Total",2015,"2015",54849,1940.0000000000002,"Ogle County, IL","05000US17141","ogle-county-il"
0,"Total",2015,"2015",51147,845,"Peoria County, IL","05000US17143","peoria-county-il"
0,"Total",2015,"2015",42478,3273,"Perry County, IL","05000US17145","perry-county-il"
0,"Total",2015,"2015",66261,4430,"Piatt County, IL","05000US17147","piatt-county-il"
0,"Total",2015,"2015",40588,1688.9999999999998,"Pike County, IL","05000US17149","pike-county-il"
0,"Total",2015,"2015",39223,4776,"Pope County, IL","05000US17151","pope-county-il"
0,"Total",2015,"2015",31980,1832,"Pulaski County, IL","05000US17153","pulaski-county-il"
0,"Total",2015,"2015",56358,5810,"Putnam County, IL","05000US17155","putnam-county-il"
0,"Total",2015,"2015",48158,2443,"Randolph County, IL","05000US17157","randolph-county-il"
0,"Total",2015,"2015",44127,1781.0000000000002,"Richland County, IL","05000US17159","richland-county-il"
0,"Total",2015,"2015",48817,1292,"Rock Island County, IL","05000US17161","rock-island-county-il"
0,"Total",2015,"2015",49895,1296,"St. Clair County, IL","05000US17163","st-clair-county-il"
0,"Total",2015,"2015",38258,2002.9999999999998,"Saline County, IL","05000US17165","saline-county-il"
0,"Total",2015,"2015",56167,1005,"Sangamon County, IL","05000US17167","sangamon-county-il"
0,"Total",2015,"2015",47723,3004,"Schuyler County, IL","05000US17169","schuyler-county-il"
0,"Total",2015,"2015",47222,4237,"Scott County, IL","05000US17171","scott-county-il"
0,"Total",2015,"2015",47850,3017,"Shelby County, IL","05000US17173","shelby-county-il"
0,"Total",2015,"2015",50085,5985,"Stark County, IL","05000US17175","stark-county-il"
0,"Total",2015,"2015",45331,1708,"Stephenson County, IL","05000US17177","stephenson-county-il"
0,"Total",2015,"2015",58194,1612,"Tazewell County, IL","05000US17179","tazewell-county-il"
0,"Total",2015,"2015",42606,3300,"Union County, IL","05000US17181","union-county-il"
0,"Total",2015,"2015",42977,1779,"Vermilion County, IL","05000US17183","vermilion-county-il"
0,"Total",2015,"2015",47491,4371,"Wabash County, IL","05000US17185","wabash-county-il"
0,"Total",2015,"2015",43699,3315,"Warren County, IL","05000US17187","warren-county-il"
0,"Total",2015,"2015",53202,2896,"Washington County, IL","05000US17189","washington-county-il"
0,"Total",2015,"2015",44993,2346,"Wayne County, IL","05000US17191","wayne-county-il"
0,"Total",2015,"2015",44648,3314,"White County, IL","05000US17193","white-county-il"
0,"Total",2015,"2015",47401,1519,"Whiteside County, IL","05000US17195","whiteside-county-il"
0,"Total",2015,"2015",76101,809,"Will County, IL","05000US17197","will-county-il"
0,"Total",2015,"2015",44453,1958.0000000000002,"Williamson County, IL","05000US17199","williamson-county-il"
0,"Total",2015,"2015",48225,832,"Winnebago County, IL","05000US17201","winnebago-county-il"
0,"Total",2015,"2015",65852,2867,"Woodford County, IL","05000US17203","woodford-county-il"
1,"White",2015,"2015",46776,1462,"Adams County, IL","05000US17001","adams-county-il"
1,"White",2015,"2015",34142,2502,"Alexander County, IL","05000US17003","alexander-county-il"
1,"White",2015,"2015",48504,3792.9999999999995,"Bond County, IL","05000US17005","bond-county-il"
1,"White",2015,"2015",57416,3791,"Boone County, IL","05000US17007","boone-county-il"
1,"White",2015,"2015",50493,5385,"Brown County, IL","05000US17009","brown-county-il"
1,"White",2015,"2015",50351,1639,"Bureau County, IL","05000US17011","bureau-county-il"
1,"White",2015,"2015",55147,6299,"Calhoun County, IL","05000US17013","calhoun-county-il"
1,"White",2015,"2015",48888,3441,"Carroll County, IL","05000US17015","carroll-county-il"
1,"White",2015,"2015",49527,3741,"Cass County, IL","05000US17017","cass-county-il"
1,"White",2015,"2015",52629,1623,"Champaign County, IL","05000US17019","champaign-county-il"
1,"White",2015,"2015",45615,3065,"Christian County, IL","05000US17021","christian-county-il"
1,"White",2015,"2015",50382,2418,"Clark County, IL","05000US17023","clark-county-il"
1,"White",2015,"2015",44224,2136,"Clay County, IL","05000US17025","clay-county-il"
1,"White",2015,"2015",64114,2487,"Clinton County, IL","05000US17027","clinton-county-il"
1,"White",2015,"2015",40775,1938,"Coles County, IL","05000US17029","coles-county-il"
1,"White",2015,"2015",65946,437.00000000000006,"Cook County, IL","05000US17031","cook-county-il"
1,"White",2015,"2015",47670,3051,"Crawford County, IL","05000US17033","crawford-county-il"
1,"White",2015,"2015",46414,3711,"Cumberland County, IL","05000US17035","cumberland-county-il"
1,"White",2015,"2015",57900,1563,"DeKalb County, IL","05000US17037","dekalb-county-il"
1,"White",2015,"2015",54467,2926,"De Witt County, IL","05000US17039","de-witt-county-il"
1,"White",2015,"2015",51974,2183,"Douglas County, IL","05000US17041","douglas-county-il"
1,"White",2015,"2015",81187,725,"DuPage County, IL","05000US17043","dupage-county-il"
1,"White",2015,"2015",45755,2272,"Edgar County, IL","05000US17045","edgar-county-il"
1,"White",2015,"2015",44549,2315,"Edwards County, IL","05000US17047","edwards-county-il"
1,"White",2015,"2015",52243,2345,"Effingham County, IL","05000US17049","effingham-county-il"
1,"White",2015,"2015",44007,2017,"Fayette County, IL","05000US17051","fayette-county-il"
1,"White",2015,"2015",49681,2070,"Ford County, IL","05000US17053","ford-county-il"
1,"White",2015,"2015",39761,1517,"Franklin County, IL","05000US17055","franklin-county-il"
1,"White",2015,"2015",45967,1961,"Fulton County, IL","05000US17057","fulton-county-il"
1,"White",2015,"2015",40133,4370,"Gallatin County, IL","05000US17059","gallatin-county-il"
1,"White",2015,"2015",42773,2401,"Greene County, IL","05000US17061","greene-county-il"
1,"White",2015,"2015",67212,3752,"Grundy County, IL","05000US17063","grundy-county-il"
1,"White",2015,"2015",44159,8254,"Hamilton County, IL","05000US17065","hamilton-county-il"
1,"White",2015,"2015",48171,2835,"Hancock County, IL","05000US17067","hancock-county-il"
1,"White",2015,"2015",38596,4244,"Hardin County, IL","05000US17069","hardin-county-il"
1,"White",2015,"2015",47672,4639,"Henderson County, IL","05000US17071","henderson-county-il"
1,"White",2015,"2015",54257,1505,"Henry County, IL","05000US17073","henry-county-il"
1,"White",2015,"2015",48692,2084,"Iroquois County, IL","05000US17075","iroquois-county-il"
1,"White",2015,"2015",38689,1758.0000000000002,"Jackson County, IL","05000US17077","jackson-county-il"
1,"White",2015,"2015",54238,2563,"Jasper County, IL","05000US17079","jasper-county-il"
1,"White",2015,"2015",44648,2321,"Jefferson County, IL","05000US17081","jefferson-county-il"
1,"White",2015,"2015",53261,1848,"Jersey County, IL","05000US17083","jersey-county-il"
1,"White",2015,"2015",53160,1936.9999999999998,"Jo Daviess County, IL","05000US17085","jo-daviess-county-il"
1,"White",2015,"2015",42559,2200,"Johnson County, IL","05000US17087","johnson-county-il"
1,"White",2015,"2015",77290,1224,"Kane County, IL","05000US17089","kane-county-il"
1,"White",2015,"2015",56820,2025.9999999999998,"Kankakee County, IL","05000US17091","kankakee-county-il"
1,"White",2015,"2015",86339,2732,"Kendall County, IL","05000US17093","kendall-county-il"
1,"White",2015,"2015",41632,1552,"Knox County, IL","05000US17095","knox-county-il"
1,"White",2015,"2015",80823,1108,"Lake County, IL","05000US17097","lake-county-il"
1,"White",2015,"2015",51022,1609,"LaSalle County, IL","05000US17099","lasalle-county-il"
1,"White",2015,"2015",41069,2929,"Lawrence County, IL","05000US17101","lawrence-county-il"
1,"White",2015,"2015",52653,2119,"Lee County, IL","05000US17103","lee-county-il"
1,"White",2015,"2015",54268,2301,"Livingston County, IL","05000US17105","livingston-county-il"
1,"White",2015,"2015",53480,2137,"Logan County, IL","05000US17107","logan-county-il"
1,"White",2015,"2015",40744,2255,"McDonough County, IL","05000US17109","mcdonough-county-il"
1,"White",2015,"2015",77649,1981,"McHenry County, IL","05000US17111","mchenry-county-il"
1,"White",2015,"2015",64586,1510,"McLean County, IL","05000US17113","mclean-county-il"
1,"White",2015,"2015",51454,1590,"Macon County, IL","05000US17115","macon-county-il"
1,"White",2015,"2015",51102,2074,"Macoupin County, IL","05000US17117","macoupin-county-il"
1,"White",2015,"2015",55845,1283,"Madison County, IL","05000US17119","madison-county-il"
1,"White",2015,"2015",43310,2225,"Marion County, IL","05000US17121","marion-county-il"
1,"White",2015,"2015",53658,1408,"Marshall County, IL","05000US17123","marshall-county-il"
1,"White",2015,"2015",41624,2810,"Mason County, IL","05000US17125","mason-county-il"
1,"White",2015,"2015",42512,3453.9999999999995,"Massac County, IL","05000US17127","massac-county-il"
1,"White",2015,"2015",60425,2860,"Menard County, IL","05000US17129","menard-county-il"
1,"White",2015,"2015",54468,3234,"Mercer County, IL","05000US17131","mercer-county-il"
1,"White",2015,"2015",71255,3221,"Monroe County, IL","05000US17133","monroe-county-il"
1,"White",2015,"2015",46862,1731,"Montgomery County, IL","05000US17135","montgomery-county-il"
1,"White",2015,"2015",47783,2397,"Morgan County, IL","05000US17137","morgan-county-il"
1,"White",2015,"2015",49910,4486,"Moultrie County, IL","05000US17139","moultrie-county-il"
1,"White",2015,"2015",55420,2066,"Ogle County, IL","05000US17141","ogle-county-il"
1,"White",2015,"2015",56363,1594,"Peoria County, IL","05000US17143","peoria-county-il"
1,"White",2015,"2015",43366,3147,"Perry County, IL","05000US17145","perry-county-il"
1,"White",2015,"2015",66763,4599,"Piatt County, IL","05000US17147","piatt-county-il"
1,"White",2015,"2015",40865,1705.0000000000002,"Pike County, IL","05000US17149","pike-county-il"
1,"White",2015,"2015",38851,4751,"Pope County, IL","05000US17151","pope-county-il"
1,"White",2015,"2015",35236,2824,"Pulaski County, IL","05000US17153","pulaski-county-il"
1,"White",2015,"2015",55776,5969,"Putnam County, IL","05000US17155","putnam-county-il"
1,"White",2015,"2015",50465,2252,"Randolph County, IL","05000US17157","randolph-county-il"
1,"White",2015,"2015",44340,1835.9999999999998,"Richland County, IL","05000US17159","richland-county-il"
1,"White",2015,"2015",50760,1045,"Rock Island County, IL","05000US17161","rock-island-county-il"
1,"White",2015,"2015",61682,1211,"St. Clair County, IL","05000US17163","st-clair-county-il"
1,"White",2015,"2015",39217,2317,"Saline County, IL","05000US17165","saline-county-il"
1,"White",2015,"2015",61044,998.0000000000001,"Sangamon County, IL","05000US17167","sangamon-county-il"
1,"White",2015,"2015",47482,3641.9999999999995,"Schuyler County, IL","05000US17169","schuyler-county-il"
1,"White",2015,"2015",47118,4271,"Scott County, IL","05000US17171","scott-county-il"
1,"White",2015,"2015",48071,2983,"Shelby County, IL","05000US17173","shelby-county-il"
1,"White",2015,"2015",50321,6214,"Stark County, IL","05000US17175","stark-county-il"
1,"White",2015,"2015",47191,1735.0000000000002,"Stephenson County, IL","05000US17177","stephenson-county-il"
1,"White",2015,"2015",58688,1641,"Tazewell County, IL","05000US17179","tazewell-county-il"
1,"White",2015,"2015",44158,3779.0000000000005,"Union County, IL","05000US17181","union-county-il"
1,"White",2015,"2015",46159,1442,"Vermilion County, IL","05000US17183","vermilion-county-il"
1,"White",2015,"2015",46933,3544.9999999999995,"Wabash County, IL","05000US17185","wabash-county-il"
1,"White",2015,"2015",44519,4086.9999999999995,"Warren County, IL","05000US17187","warren-county-il"
1,"White",2015,"2015",53370,2989,"Washington County, IL","05000US17189","washington-county-il"
1,"White",2015,"2015",45230,2362,"Wayne County, IL","05000US17191","wayne-county-il"
1,"White",2015,"2015",44295,3491.0000000000005,"White County, IL","05000US17193","white-county-il"
1,"White",2015,"2015",47739,1759.9999999999998,"Whiteside County, IL","05000US17195","whiteside-county-il"
1,"White",2015,"2015",79701,981,"Will County, IL","05000US17197","will-county-il"
1,"White",2015,"2015",44983,2175,"Williamson County, IL","05000US17199","williamson-county-il"
1,"White",2015,"2015",51923,731,"Winnebago County, IL","05000US17201","winnebago-county-il"
1,"White",2015,"2015",65909,2802,"Woodford County, IL","05000US17203","woodford-county-il"
2,"Black",2015,"2015",23646,9086,"Adams County, IL","05000US17001","adams-county-il"
2,"Black",2015,"2015",17166,4345,"Alexander County, IL","05000US17003","alexander-county-il"
2,"Black",2015,"2015",45000,39201,"Bond County, IL","05000US17005","bond-county-il"
2,"Black",2015,"2015",56845,36957,"Boone County, IL","05000US17007","boone-county-il"
2,"Black",2015,"2015",50709,12833,"Bureau County, IL","05000US17011","bureau-county-il"
2,"Black",2015,"2015",35515,7193,"Cass County, IL","05000US17017","cass-county-il"
2,"Black",2015,"2015",25921,3205,"Champaign County, IL","05000US17019","champaign-county-il"
2,"Black",2015,"2015",15536,2092,"Christian County, IL","05000US17021","christian-county-il"
2,"Black",2015,"2015",15673,3083,"Coles County, IL","05000US17029","coles-county-il"
2,"Black",2015,"2015",34289,551,"Cook County, IL","05000US17031","cook-county-il"
2,"Black",2015,"2015",101346,9550,"Crawford County, IL","05000US17033","crawford-county-il"
2,"Black",2015,"2015",21072,2894,"DeKalb County, IL","05000US17037","dekalb-county-il"
2,"Black",2015,"2015",51329,3731,"DuPage County, IL","05000US17043","dupage-county-il"
2,"Black",2015,"2015",88077,64213.99999999999,"Ford County, IL","05000US17053","ford-county-il"
2,"Black",2015,"2015",41042,10313,"Franklin County, IL","05000US17055","franklin-county-il"
2,"Black",2015,"2015",30743,13573,"Grundy County, IL","05000US17063","grundy-county-il"
2,"Black",2015,"2015",17679,7236.999999999999,"Henry County, IL","05000US17073","henry-county-il"
2,"Black",2015,"2015",21378,5950,"Iroquois County, IL","05000US17075","iroquois-county-il"
2,"Black",2015,"2015",15280,3129,"Jackson County, IL","05000US17077","jackson-county-il"
2,"Black",2015,"2015",31696,12107,"Jefferson County, IL","05000US17081","jefferson-county-il"
2,"Black",2015,"2015",39620,5628,"Kane County, IL","05000US17089","kane-county-il"
2,"Black",2015,"2015",28198,3451,"Kankakee County, IL","05000US17091","kankakee-county-il"
2,"Black",2015,"2015",83685,28774,"Kendall County, IL","05000US17093","kendall-county-il"
2,"Black",2015,"2015",18852,5274,"Knox County, IL","05000US17095","knox-county-il"
2,"Black",2015,"2015",39812,3979,"Lake County, IL","05000US17097","lake-county-il"
2,"Black",2015,"2015",31082,13224,"LaSalle County, IL","05000US17099","lasalle-county-il"
2,"Black",2015,"2015",60500,41486,"Lawrence County, IL","05000US17101","lawrence-county-il"
2,"Black",2015,"2015",61250,53490,"Lee County, IL","05000US17103","lee-county-il"
2,"Black",2015,"2015",16318,560,"Logan County, IL","05000US17107","logan-county-il"
2,"Black",2015,"2015",68333,16924,"McHenry County, IL","05000US17111","mchenry-county-il"
2,"Black",2015,"2015",27227,6247,"McLean County, IL","05000US17113","mclean-county-il"
2,"Black",2015,"2015",21997,1951,"Macon County, IL","05000US17115","macon-county-il"
2,"Black",2015,"2015",105039,92043,"Macoupin County, IL","05000US17117","macoupin-county-il"
2,"Black",2015,"2015",30120,4667,"Madison County, IL","05000US17119","madison-county-il"
2,"Black",2015,"2015",30912,9377,"Marion County, IL","05000US17121","marion-county-il"
2,"Black",2015,"2015",23194,12141,"Massac County, IL","05000US17127","massac-county-il"
2,"Black",2015,"2015",30265,11945,"Morgan County, IL","05000US17137","morgan-county-il"
2,"Black",2015,"2015",42070,35019,"Ogle County, IL","05000US17141","ogle-county-il"
2,"Black",2015,"2015",25998,1840.9999999999998,"Peoria County, IL","05000US17143","peoria-county-il"
2,"Black",2015,"2015",19917,14393.000000000002,"Perry County, IL","05000US17145","perry-county-il"
2,"Black",2015,"2015",25106,4295,"Pulaski County, IL","05000US17153","pulaski-county-il"
2,"Black",2015,"2015",26875,9267,"Randolph County, IL","05000US17157","randolph-county-il"
2,"Black",2015,"2015",31869,2979,"Rock Island County, IL","05000US17161","rock-island-county-il"
2,"Black",2015,"2015",27289,1163,"St. Clair County, IL","05000US17163","st-clair-county-il"
2,"Black",2015,"2015",26468,2781,"Sangamon County, IL","05000US17167","sangamon-county-il"
2,"Black",2015,"2015",24795,5635,"Stephenson County, IL","05000US17177","stephenson-county-il"
2,"Black",2015,"2015",23053,3949.9999999999995,"Vermilion County, IL","05000US17183","vermilion-county-il"
2,"Black",2015,"2015",39821,34367,"Warren County, IL","05000US17187","warren-county-il"
2,"Black",2015,"2015",2499,,"Washington County, IL","05000US17189","washington-county-il"
2,"Black",2015,"2015",2499,,"Wayne County, IL","05000US17191","wayne-county-il"
2,"Black",2015,"2015",34554,13520,"Whiteside County, IL","05000US17195","whiteside-county-il"
2,"Black",2015,"2015",55017,2762,"Will County, IL","05000US17197","will-county-il"
2,"Black",2015,"2015",31181,13469,"Williamson County, IL","05000US17199","williamson-county-il"
2,"Black",2015,"2015",25371,1597,"Winnebago County, IL","05000US17201","winnebago-county-il"
3,"Native American",2015,"2015",15859,13865.000000000002,"Adams County, IL","05000US17001","adams-county-il"
3,"Native American",2015,"2015",103669,53561,"Boone County, IL","05000US17007","boone-county-il"
3,"Native American",2015,"2015",47560,36174,"Champaign County, IL","05000US17019","champaign-county-il"
3,"Native American",2015,"2015",37917,12094,"Clay County, IL","05000US17025","clay-county-il"
3,"Native American",2015,"2015",9150,6325,"Clinton County, IL","05000US17027","clinton-county-il"
3,"Native American",2015,"2015",42309,5766,"Cook County, IL","05000US17031","cook-county-il"
3,"Native American",2015,"2015",2499,,"Crawford County, IL","05000US17033","crawford-county-il"
3,"Native American",2015,"2015",107917,37548,"De Witt County, IL","05000US17039","de-witt-county-il"
3,"Native American",2015,"2015",49000,22341,"Douglas County, IL","05000US17041","douglas-county-il"
3,"Native American",2015,"2015",55500,16095,"DuPage County, IL","05000US17043","dupage-county-il"
3,"Native American",2015,"2015",55089,29618,"Ford County, IL","05000US17053","ford-county-il"
3,"Native American",2015,"2015",19191,6291,"Franklin County, IL","05000US17055","franklin-county-il"
3,"Native American",2015,"2015",26250,13755.999999999998,"Hancock County, IL","05000US17067","hancock-county-il"
3,"Native American",2015,"2015",22578,19004,"Jackson County, IL","05000US17077","jackson-county-il"
3,"Native American",2015,"2015",36705,26817,"Kane County, IL","05000US17089","kane-county-il"
3,"Native American",2015,"2015",40823,10414,"Kankakee County, IL","05000US17091","kankakee-county-il"
3,"Native American",2015,"2015",54583,9834,"Lake County, IL","05000US17097","lake-county-il"
3,"Native American",2015,"2015",23512,6233,"Lee County, IL","05000US17103","lee-county-il"
3,"Native American",2015,"2015",66094,5215,"Logan County, IL","05000US17107","logan-county-il"
3,"Native American",2015,"2015",31071,24307,"McDonough County, IL","05000US17109","mcdonough-county-il"
3,"Native American",2015,"2015",55750,46616,"McHenry County, IL","05000US17111","mchenry-county-il"
3,"Native American",2015,"2015",42321,32565.000000000004,"McLean County, IL","05000US17113","mclean-county-il"
3,"Native American",2015,"2015",13810,492.00000000000006,"Marion County, IL","05000US17121","marion-county-il"
3,"Native American",2015,"2015",66000,15938.000000000002,"Ogle County, IL","05000US17141","ogle-county-il"
3,"Native American",2015,"2015",51250,40320,"Peoria County, IL","05000US17143","peoria-county-il"
3,"Native American",2015,"2015",8750,911,"Pike County, IL","05000US17149","pike-county-il"
3,"Native American",2015,"2015",18906,14282,"Rock Island County, IL","05000US17161","rock-island-county-il"
3,"Native American",2015,"2015",53281,16527,"Sangamon County, IL","05000US17167","sangamon-county-il"
3,"Native American",2015,"2015",21648,10361,"Vermilion County, IL","05000US17183","vermilion-county-il"
3,"Native American",2015,"2015",41618,10559,"Will County, IL","05000US17197","will-county-il"
3,"Native American",2015,"2015",34617,28959,"Winnebago County, IL","05000US17201","winnebago-county-il"
4,"Asian",2015,"2015",49891,14062,"Adams County, IL","05000US17001","adams-county-il"
4,"Asian",2015,"2015",58750,21794,"Alexander County, IL","05000US17003","alexander-county-il"
4,"Asian",2015,"2015",119256,46919,"Boone County, IL","05000US17007","boone-county-il"
4,"Asian",2015,"2015",52431,12278,"Bureau County, IL","05000US17011","bureau-county-il"
4,"Asian",2015,"2015",53750,49699,"Carroll County, IL","05000US17015","carroll-county-il"
4,"Asian",2015,"2015",24601,2468,"Champaign County, IL","05000US17019","champaign-county-il"
4,"Asian",2015,"2015",70485,1691,"Cook County, IL","05000US17031","cook-county-il"
4,"Asian",2015,"2015",81181,1997,"Crawford County, IL","05000US17033","crawford-county-il"
4,"Asian",2015,"2015",2499,,"Cumberland County, IL","05000US17035","cumberland-county-il"
4,"Asian",2015,"2015",38824,28819,"DeKalb County, IL","05000US17037","dekalb-county-il"
4,"Asian",2015,"2015",95020,3852,"DuPage County, IL","05000US17043","dupage-county-il"
4,"Asian",2015,"2015",60625,35162,"Edgar County, IL","05000US17045","edgar-county-il"
4,"Asian",2015,"2015",65435,6590,"Effingham County, IL","05000US17049","effingham-county-il"
4,"Asian",2015,"2015",31875,25340,"Franklin County, IL","05000US17055","franklin-county-il"
4,"Asian",2015,"2015",21250,774,"Fulton County, IL","05000US17057","fulton-county-il"
4,"Asian",2015,"2015",40250,13363,"Hancock County, IL","05000US17067","hancock-county-il"
4,"Asian",2015,"2015",91250,48869,"Hardin County, IL","05000US17069","hardin-county-il"
4,"Asian",2015,"2015",56544,41259,"Henry County, IL","05000US17073","henry-county-il"
4,"Asian",2015,"2015",48125,24980,"Iroquois County, IL","05000US17075","iroquois-county-il"
4,"Asian",2015,"2015",32132,14161,"Jackson County, IL","05000US17077","jackson-county-il"
4,"Asian",2015,"2015",72798,49311,"Jefferson County, IL","05000US17081","jefferson-county-il"
4,"Asian",2015,"2015",120000,118477,"Jo Daviess County, IL","05000US17085","jo-daviess-county-il"
4,"Asian",2015,"2015",92529,6586,"Kane County, IL","05000US17089","kane-county-il"
4,"Asian",2015,"2015",71389,25011,"Kankakee County, IL","05000US17091","kankakee-county-il"
4,"Asian",2015,"2015",90037,33597,"Kendall County, IL","05000US17093","kendall-county-il"
4,"Asian",2015,"2015",102820,3685,"Lake County, IL","05000US17097","lake-county-il"
4,"Asian",2015,"2015",65625,29854.999999999996,"LaSalle County, IL","05000US17099","lasalle-county-il"
4,"Asian",2015,"2015",49565,18874,"Logan County, IL","05000US17107","logan-county-il"
4,"Asian",2015,"2015",46544,43086,"McDonough County, IL","05000US17109","mcdonough-county-il"
4,"Asian",2015,"2015",95059,8781,"McHenry County, IL","05000US17111","mchenry-county-il"
4,"Asian",2015,"2015",82436,8473,"McLean County, IL","05000US17113","mclean-county-il"
4,"Asian",2015,"2015",73750,29171,"Macon County, IL","05000US17115","macon-county-il"
4,"Asian",2015,"2015",58490,1964.9999999999998,"Macoupin County, IL","05000US17117","macoupin-county-il"
4,"Asian",2015,"2015",47652,21224,"Madison County, IL","05000US17119","madison-county-il"
4,"Asian",2015,"2015",62632,36500,"Marion County, IL","05000US17121","marion-county-il"
4,"Asian",2015,"2015",35938,26136,"Massac County, IL","05000US17127","massac-county-il"
4,"Asian",2015,"2015",66500,65605,"Mercer County, IL","05000US17131","mercer-county-il"
4,"Asian",2015,"2015",83385,2946,"Peoria County, IL","05000US17143","peoria-county-il"
4,"Asian",2015,"2015",250001,,"Pike County, IL","05000US17149","pike-county-il"
4,"Asian",2015,"2015",63359,15627,"Rock Island County, IL","05000US17161","rock-island-county-il"
4,"Asian",2015,"2015",72440,11918,"St. Clair County, IL","05000US17163","st-clair-county-il"
4,"Asian",2015,"2015",48182,24806,"Saline County, IL","05000US17165","saline-county-il"
4,"Asian",2015,"2015",67159,23120,"Sangamon County, IL","05000US17167","sangamon-county-il"
4,"Asian",2015,"2015",39750,16291,"Shelby County, IL","05000US17173","shelby-county-il"
4,"Asian",2015,"2015",98304,33599,"Tazewell County, IL","05000US17179","tazewell-county-il"
4,"Asian",2015,"2015",51472,3761,"Vermilion County, IL","05000US17183","vermilion-county-il"
4,"Asian",2015,"2015",75500,59858,"Wabash County, IL","05000US17185","wabash-county-il"
4,"Asian",2015,"2015",36875,2395,"Warren County, IL","05000US17187","warren-county-il"
4,"Asian",2015,"2015",87813,47158,"Washington County, IL","05000US17189","washington-county-il"
4,"Asian",2015,"2015",123375,10988,"Whiteside County, IL","05000US17195","whiteside-county-il"
4,"Asian",2015,"2015",107870,7843,"Will County, IL","05000US17197","will-county-il"
4,"Asian",2015,"2015",72232,64420,"Williamson County, IL","05000US17199","williamson-county-il"
4,"Asian",2015,"2015",63722,10350,"Winnebago County, IL","05000US17201","winnebago-county-il"
5,"Pacific Islander",2015,"2015",57135,25326,"Cook County, IL","05000US17031","cook-county-il"
5,"Pacific Islander",2015,"2015",72679,14553.000000000002,"DuPage County, IL","05000US17043","dupage-county-il"
5,"Pacific Islander",2015,"2015",85385,50530,"Lee County, IL","05000US17103","lee-county-il"
5,"Pacific Islander",2015,"2015",50568,36682,"Sangamon County, IL","05000US17167","sangamon-county-il"
5,"Pacific Islander",2015,"2015",48825,560,"Winnebago County, IL","05000US17201","winnebago-county-il"
6,"Other",2015,"2015",61146,27955,"Adams County, IL","05000US17001","adams-county-il"
6,"Other",2015,"2015",54573,14441,"Boone County, IL","05000US17007","boone-county-il"
6,"Other",2015,"2015",46500,12034,"Bureau County, IL","05000US17011","bureau-county-il"
6,"Other",2015,"2015",54167,7049.999999999999,"Carroll County, IL","05000US17015","carroll-county-il"
6,"Other",2015,"2015",45114,16876,"Cass County, IL","05000US17017","cass-county-il"
6,"Other",2015,"2015",45714,18180,"Champaign County, IL","05000US17019","champaign-county-il"
6,"Other",2015,"2015",35769,9427,"Coles County, IL","05000US17029","coles-county-il"
6,"Other",2015,"2015",43667,989.9999999999999,"Cook County, IL","05000US17031","cook-county-il"
6,"Other",2015,"2015",35086,9469,"DeKalb County, IL","05000US17037","dekalb-county-il"
6,"Other",2015,"2015",31339,1243,"De Witt County, IL","05000US17039","de-witt-county-il"
6,"Other",2015,"2015",55724,20162,"Douglas County, IL","05000US17041","douglas-county-il"
6,"Other",2015,"2015",57335,7348.999999999999,"DuPage County, IL","05000US17043","dupage-county-il"
6,"Other",2015,"2015",51429,1674,"Franklin County, IL","05000US17055","franklin-county-il"
6,"Other",2015,"2015",65964,14307,"Grundy County, IL","05000US17063","grundy-county-il"
6,"Other",2015,"2015",37621,27708,"Henry County, IL","05000US17073","henry-county-il"
6,"Other",2015,"2015",27750,16962,"Iroquois County, IL","05000US17075","iroquois-county-il"
6,"Other",2015,"2015",36042,19267,"Jefferson County, IL","05000US17081","jefferson-county-il"
6,"Other",2015,"2015",46131,3088,"Kane County, IL","05000US17089","kane-county-il"
6,"Other",2015,"2015",29464,8513,"Kankakee County, IL","05000US17091","kankakee-county-il"
6,"Other",2015,"2015",54569,19910,"Kendall County, IL","05000US17093","kendall-county-il"
6,"Other",2015,"2015",33920,12508,"Knox County, IL","05000US17095","knox-county-il"
6,"Other",2015,"2015",53026,3482,"Lake County, IL","05000US17097","lake-county-il"
6,"Other",2015,"2015",55109,9926,"LaSalle County, IL","05000US17099","lasalle-county-il"
6,"Other",2015,"2015",39375,3709,"Lawrence County, IL","05000US17101","lawrence-county-il"
6,"Other",2015,"2015",31593,22567,"Lee County, IL","05000US17103","lee-county-il"
6,"Other",2015,"2015",46875,26191,"Livingston County, IL","05000US17105","livingston-county-il"
6,"Other",2015,"2015",70714,26023,"Logan County, IL","05000US17107","logan-county-il"
6,"Other",2015,"2015",58333,11879,"McHenry County, IL","05000US17111","mchenry-county-il"
6,"Other",2015,"2015",50833,25634,"McLean County, IL","05000US17113","mclean-county-il"
6,"Other",2015,"2015",49831,22377,"Macon County, IL","05000US17115","macon-county-il"
6,"Other",2015,"2015",43998,14466,"Madison County, IL","05000US17119","madison-county-il"
6,"Other",2015,"2015",32788,27401.999999999996,"Marshall County, IL","05000US17123","marshall-county-il"
6,"Other",2015,"2015",56438,18288,"Ogle County, IL","05000US17141","ogle-county-il"
6,"Other",2015,"2015",50052,15056.000000000002,"Peoria County, IL","05000US17143","peoria-county-il"
6,"Other",2015,"2015",40446,9579,"Rock Island County, IL","05000US17161","rock-island-county-il"
6,"Other",2015,"2015",38254,11375,"St. Clair County, IL","05000US17163","st-clair-county-il"
6,"Other",2015,"2015",41055,17522,"Sangamon County, IL","05000US17167","sangamon-county-il"
6,"Other",2015,"2015",83704,22849,"Stephenson County, IL","05000US17177","stephenson-county-il"
6,"Other",2015,"2015",68125,35064,"Tazewell County, IL","05000US17179","tazewell-county-il"
6,"Other",2015,"2015",13643,992,"Union County, IL","05000US17181","union-county-il"
6,"Other",2015,"2015",34625,9450,"Vermilion County, IL","05000US17183","vermilion-county-il"
6,"Other",2015,"2015",43292,31397,"Warren County, IL","05000US17187","warren-county-il"
6,"Other",2015,"2015",31250,5625,"Washington County, IL","05000US17189","washington-county-il"
6,"Other",2015,"2015",43226,6952,"Whiteside County, IL","05000US17195","whiteside-county-il"
6,"Other",2015,"2015",54709,5604,"Will County, IL","05000US17197","will-county-il"
6,"Other",2015,"2015",35411,2233,"Winnebago County, IL","05000US17201","winnebago-county-il"
6,"Other",2015,"2015",54375,47812,"Woodford County, IL","05000US17203","woodford-county-il"
7,"Two Or More",2015,"2015",45469,22148,"Alexander County, IL","05000US17003","alexander-county-il"
7,"Two Or More",2015,"2015",25820,6555,"Bond County, IL","05000US17005","bond-county-il"
7,"Two Or More",2015,"2015",71316,41029,"Boone County, IL","05000US17007","boone-county-il"
7,"Two Or More",2015,"2015",8295,2138,"Calhoun County, IL","05000US17013","calhoun-county-il"
7,"Two Or More",2015,"2015",21310,760,"Cass County, IL","05000US17017","cass-county-il"
7,"Two Or More",2015,"2015",33902,8757,"Champaign County, IL","05000US17019","champaign-county-il"
7,"Two Or More",2015,"2015",19333,18567,"Clinton County, IL","05000US17027","clinton-county-il"
7,"Two Or More",2015,"2015",27361,8140,"Coles County, IL","05000US17029","coles-county-il"
7,"Two Or More",2015,"2015",51685,2597,"Cook County, IL","05000US17031","cook-county-il"
7,"Two Or More",2015,"2015",27188,10184,"Crawford County, IL","05000US17033","crawford-county-il"
7,"Two Or More",2015,"2015",24221,6479,"DeKalb County, IL","05000US17037","dekalb-county-il"
7,"Two Or More",2015,"2015",24821,12292,"De Witt County, IL","05000US17039","de-witt-county-il"
7,"Two Or More",2015,"2015",35313,31885,"Douglas County, IL","05000US17041","douglas-county-il"
7,"Two Or More",2015,"2015",63298,7849,"DuPage County, IL","05000US17043","dupage-county-il"
7,"Two Or More",2015,"2015",19531,13053,"Edgar County, IL","05000US17045","edgar-county-il"
7,"Two Or More",2015,"2015",78125,26608,"Ford County, IL","05000US17053","ford-county-il"
7,"Two Or More",2015,"2015",19946,7742.999999999999,"Franklin County, IL","05000US17055","franklin-county-il"
7,"Two Or More",2015,"2015",61763,22720,"Fulton County, IL","05000US17057","fulton-county-il"
7,"Two Or More",2015,"2015",16667,10662,"Gallatin County, IL","05000US17059","gallatin-county-il"
7,"Two Or More",2015,"2015",40417,17446,"Greene County, IL","05000US17061","greene-county-il"
7,"Two Or More",2015,"2015",41384,1706,"Grundy County, IL","05000US17063","grundy-county-il"
7,"Two Or More",2015,"2015",31016,2346,"Hancock County, IL","05000US17067","hancock-county-il"
7,"Two Or More",2015,"2015",45455,6390,"Iroquois County, IL","05000US17075","iroquois-county-il"
7,"Two Or More",2015,"2015",18404,1961,"Jackson County, IL","05000US17077","jackson-county-il"
7,"Two Or More",2015,"2015",32500,22967,"Jasper County, IL","05000US17079","jasper-county-il"
7,"Two Or More",2015,"2015",19853,12869,"Jefferson County, IL","05000US17081","jefferson-county-il"
7,"Two Or More",2015,"2015",80759,40545,"Jersey County, IL","05000US17083","jersey-county-il"
7,"Two Or More",2015,"2015",29500,10336,"Johnson County, IL","05000US17087","johnson-county-il"
7,"Two Or More",2015,"2015",71639,11519,"Kane County, IL","05000US17089","kane-county-il"
7,"Two Or More",2015,"2015",49250,34249,"Kankakee County, IL","05000US17091","kankakee-county-il"
7,"Two Or More",2015,"2015",56667,29318,"Kendall County, IL","05000US17093","kendall-county-il"
7,"Two Or More",2015,"2015",26583,12911,"Knox County, IL","05000US17095","knox-county-il"
7,"Two Or More",2015,"2015",60506,7094,"Lake County, IL","05000US17097","lake-county-il"
7,"Two Or More",2015,"2015",32500,13445,"LaSalle County, IL","05000US17099","lasalle-county-il"
7,"Two Or More",2015,"2015",16719,15714.999999999998,"Lawrence County, IL","05000US17101","lawrence-county-il"
7,"Two Or More",2015,"2015",45800,4606,"Lee County, IL","05000US17103","lee-county-il"
7,"Two Or More",2015,"2015",27965,8620,"Logan County, IL","05000US17107","logan-county-il"
7,"Two Or More",2015,"2015",27045,6230,"McDonough County, IL","05000US17109","mcdonough-county-il"
7,"Two Or More",2015,"2015",68828,15584.999999999998,"McHenry County, IL","05000US17111","mchenry-county-il"
7,"Two Or More",2015,"2015",57917,14228.999999999998,"McLean County, IL","05000US17113","mclean-county-il"
7,"Two Or More",2015,"2015",31372,9728,"Macon County, IL","05000US17115","macon-county-il"
7,"Two Or More",2015,"2015",39625,31015,"Macoupin County, IL","05000US17117","macoupin-county-il"
7,"Two Or More",2015,"2015",46000,8419,"Madison County, IL","05000US17119","madison-county-il"
7,"Two Or More",2015,"2015",35357,9709,"Marion County, IL","05000US17121","marion-county-il"
7,"Two Or More",2015,"2015",41875,36755,"Marshall County, IL","05000US17123","marshall-county-il"
7,"Two Or More",2015,"2015",83355,8220,"Massac County, IL","05000US17127","massac-county-il"
7,"Two Or More",2015,"2015",72188,37909,"Mercer County, IL","05000US17131","mercer-county-il"
7,"Two Or More",2015,"2015",250001,,"Monroe County, IL","05000US17133","monroe-county-il"
7,"Two Or More",2015,"2015",9922,4779,"Montgomery County, IL","05000US17135","montgomery-county-il"
7,"Two Or More",2015,"2015",47857,20501,"Moultrie County, IL","05000US17139","moultrie-county-il"
7,"Two Or More",2015,"2015",30000,5843,"Ogle County, IL","05000US17141","ogle-county-il"
7,"Two Or More",2015,"2015",41953,24231,"Peoria County, IL","05000US17143","peoria-county-il"
7,"Two Or More",2015,"2015",30962,10914,"Perry County, IL","05000US17145","perry-county-il"
7,"Two Or More",2015,"2015",37361,7679,"Piatt County, IL","05000US17147","piatt-county-il"
7,"Two Or More",2015,"2015",24792,11815,"Pike County, IL","05000US17149","pike-county-il"
7,"Two Or More",2015,"2015",34167,15409,"Randolph County, IL","05000US17157","randolph-county-il"
7,"Two Or More",2015,"2015",40729,10261,"Richland County, IL","05000US17159","richland-county-il"
7,"Two Or More",2015,"2015",36299,4690,"Rock Island County, IL","05000US17161","rock-island-county-il"
7,"Two Or More",2015,"2015",50993,19636,"St. Clair County, IL","05000US17163","st-clair-county-il"
7,"Two Or More",2015,"2015",31528,10750,"Saline County, IL","05000US17165","saline-county-il"
7,"Two Or More",2015,"2015",31250,14212,"Sangamon County, IL","05000US17167","sangamon-county-il"
7,"Two Or More",2015,"2015",35000,9074,"Stark County, IL","05000US17175","stark-county-il"
7,"Two Or More",2015,"2015",43354,18959,"Stephenson County, IL","05000US17177","stephenson-county-il"
7,"Two Or More",2015,"2015",28333,9241,"Tazewell County, IL","05000US17179","tazewell-county-il"
7,"Two Or More",2015,"2015",29500,9614,"Union County, IL","05000US17181","union-county-il"
7,"Two Or More",2015,"2015",35179,6232,"Vermilion County, IL","05000US17183","vermilion-county-il"
7,"Two Or More",2015,"2015",76827,56168.99999999999,"Wabash County, IL","05000US17185","wabash-county-il"
7,"Two Or More",2015,"2015",34167,7838,"Warren County, IL","05000US17187","warren-county-il"
7,"Two Or More",2015,"2015",38700,6181,"Whiteside County, IL","05000US17195","whiteside-county-il"
7,"Two Or More",2015,"2015",64505,11064,"Will County, IL","05000US17197","will-county-il"
7,"Two Or More",2015,"2015",32173,8679,"Winnebago County, IL","05000US17201","winnebago-county-il"
7,"Two Or More",2015,"2015",39722,16533,"Woodford County, IL","05000US17203","woodford-county-il"
8,"White Non-Hispanic",2015,"2015",46800,1482,"Adams County, IL","05000US17001","adams-county-il"
8,"White Non-Hispanic",2015,"2015",34172,2513,"Alexander County, IL","05000US17003","alexander-county-il"
8,"White Non-Hispanic",2015,"2015",48759,3628,"Bond County, IL","05000US17005","bond-county-il"
8,"White Non-Hispanic",2015,"2015",58242,4675,"Boone County, IL","05000US17007","boone-county-il"
8,"White Non-Hispanic",2015,"2015",51479,4591,"Brown County, IL","05000US17009","brown-county-il"
8,"White Non-Hispanic",2015,"2015",50528,1607,"Bureau County, IL","05000US17011","bureau-county-il"
8,"White Non-Hispanic",2015,"2015",55147,6299,"Calhoun County, IL","05000US17013","calhoun-county-il"
8,"White Non-Hispanic",2015,"2015",49111,3546.0000000000005,"Carroll County, IL","05000US17015","carroll-county-il"
8,"White Non-Hispanic",2015,"2015",51935,3221,"Cass County, IL","05000US17017","cass-county-il"
8,"White Non-Hispanic",2015,"2015",53563,1978.0000000000002,"Champaign County, IL","05000US17019","champaign-county-il"
8,"White Non-Hispanic",2015,"2015",45445,3070,"Christian County, IL","05000US17021","christian-county-il"
8,"White Non-Hispanic",2015,"2015",50422,2406,"Clark County, IL","05000US17023","clark-county-il"
8,"White Non-Hispanic",2015,"2015",44189,2124,"Clay County, IL","05000US17025","clay-county-il"
8,"White Non-Hispanic",2015,"2015",64020,2424,"Clinton County, IL","05000US17027","clinton-county-il"
8,"White Non-Hispanic",2015,"2015",40931,1911.9999999999998,"Coles County, IL","05000US17029","coles-county-il"
8,"White Non-Hispanic",2015,"2015",71117,443,"Cook County, IL","05000US17031","cook-county-il"
8,"White Non-Hispanic",2015,"2015",48098,3136,"Crawford County, IL","05000US17033","crawford-county-il"
8,"White Non-Hispanic",2015,"2015",46995,3553,"Cumberland County, IL","05000US17035","cumberland-county-il"
8,"White Non-Hispanic",2015,"2015",58047,1535,"DeKalb County, IL","05000US17037","dekalb-county-il"
8,"White Non-Hispanic",2015,"2015",54830,3143,"De Witt County, IL","05000US17039","de-witt-county-il"
8,"White Non-Hispanic",2015,"2015",53044,2448,"Douglas County, IL","05000US17041","douglas-county-il"
8,"White Non-Hispanic",2015,"2015",83519,814,"DuPage County, IL","05000US17043","dupage-county-il"
8,"White Non-Hispanic",2015,"2015",45691,2278,"Edgar County, IL","05000US17045","edgar-county-il"
8,"White Non-Hispanic",2015,"2015",44755,2313,"Edwards County, IL","05000US17047","edwards-county-il"
8,"White Non-Hispanic",2015,"2015",52287,2406,"Effingham County, IL","05000US17049","effingham-county-il"
8,"White Non-Hispanic",2015,"2015",44112,2004,"Fayette County, IL","05000US17051","fayette-county-il"
8,"White Non-Hispanic",2015,"2015",49854,2024,"Ford County, IL","05000US17053","ford-county-il"
8,"White Non-Hispanic",2015,"2015",39793,1504,"Franklin County, IL","05000US17055","franklin-county-il"
8,"White Non-Hispanic",2015,"2015",46129,2020,"Fulton County, IL","05000US17057","fulton-county-il"
8,"White Non-Hispanic",2015,"2015",40133,4370,"Gallatin County, IL","05000US17059","gallatin-county-il"
8,"White Non-Hispanic",2015,"2015",42878,2317,"Greene County, IL","05000US17061","greene-county-il"
8,"White Non-Hispanic",2015,"2015",68270,3817,"Grundy County, IL","05000US17063","grundy-county-il"
8,"White Non-Hispanic",2015,"2015",44273,8296,"Hamilton County, IL","05000US17065","hamilton-county-il"
8,"White Non-Hispanic",2015,"2015",48187,2873,"Hancock County, IL","05000US17067","hancock-county-il"
8,"White Non-Hispanic",2015,"2015",38575,4271,"Hardin County, IL","05000US17069","hardin-county-il"
8,"White Non-Hispanic",2015,"2015",47672,4627,"Henderson County, IL","05000US17071","henderson-county-il"
8,"White Non-Hispanic",2015,"2015",54422,1516,"Henry County, IL","05000US17073","henry-county-il"
8,"White Non-Hispanic",2015,"2015",49182,2006.0000000000002,"Iroquois County, IL","05000US17075","iroquois-county-il"
8,"White Non-Hispanic",2015,"2015",38919,1796.0000000000002,"Jackson County, IL","05000US17077","jackson-county-il"
8,"White Non-Hispanic",2015,"2015",54305,2650,"Jasper County, IL","05000US17079","jasper-county-il"
8,"White Non-Hispanic",2015,"2015",44648,2287,"Jefferson County, IL","05000US17081","jefferson-county-il"
8,"White Non-Hispanic",2015,"2015",53127,1797,"Jersey County, IL","05000US17083","jersey-county-il"
8,"White Non-Hispanic",2015,"2015",53429,2007,"Jo Daviess County, IL","05000US17085","jo-daviess-county-il"
8,"White Non-Hispanic",2015,"2015",42592,2193,"Johnson County, IL","05000US17087","johnson-county-il"
8,"White Non-Hispanic",2015,"2015",82785,1390,"Kane County, IL","05000US17089","kane-county-il"
8,"White Non-Hispanic",2015,"2015",57752,2049,"Kankakee County, IL","05000US17091","kankakee-county-il"
8,"White Non-Hispanic",2015,"2015",89933,4629,"Kendall County, IL","05000US17093","kendall-county-il"
8,"White Non-Hispanic",2015,"2015",41793,1588,"Knox County, IL","05000US17095","knox-county-il"
8,"White Non-Hispanic",2015,"2015",89420,1422,"Lake County, IL","05000US17097","lake-county-il"
8,"White Non-Hispanic",2015,"2015",51617,1626,"LaSalle County, IL","05000US17099","lasalle-county-il"
8,"White Non-Hispanic",2015,"2015",40849,2928,"Lawrence County, IL","05000US17101","lawrence-county-il"
8,"White Non-Hispanic",2015,"2015",53044,2123,"Lee County, IL","05000US17103","lee-county-il"
8,"White Non-Hispanic",2015,"2015",54709,2567,"Livingston County, IL","05000US17105","livingston-county-il"
8,"White Non-Hispanic",2015,"2015",53321,2161,"Logan County, IL","05000US17107","logan-county-il"
8,"White Non-Hispanic",2015,"2015",40747,2292,"McDonough County, IL","05000US17109","mcdonough-county-il"
8,"White Non-Hispanic",2015,"2015",79616,1855,"McHenry County, IL","05000US17111","mchenry-county-il"
8,"White Non-Hispanic",2015,"2015",65508,1412,"McLean County, IL","05000US17113","mclean-county-il"
8,"White Non-Hispanic",2015,"2015",51497,1573,"Macon County, IL","05000US17115","macon-county-il"
8,"White Non-Hispanic",2015,"2015",50887,2082,"Macoupin County, IL","05000US17117","macoupin-county-il"
8,"White Non-Hispanic",2015,"2015",56136,1269,"Madison County, IL","05000US17119","madison-county-il"
8,"White Non-Hispanic",2015,"2015",43458,2289,"Marion County, IL","05000US17121","marion-county-il"
8,"White Non-Hispanic",2015,"2015",53554,1531,"Marshall County, IL","05000US17123","marshall-county-il"
8,"White Non-Hispanic",2015,"2015",41671,2839,"Mason County, IL","05000US17125","mason-county-il"
8,"White Non-Hispanic",2015,"2015",42252,3497,"Massac County, IL","05000US17127","massac-county-il"
8,"White Non-Hispanic",2015,"2015",60391,2901,"Menard County, IL","05000US17129","menard-county-il"
8,"White Non-Hispanic",2015,"2015",54444,3244,"Mercer County, IL","05000US17131","mercer-county-il"
8,"White Non-Hispanic",2015,"2015",71466,3225,"Monroe County, IL","05000US17133","monroe-county-il"
8,"White Non-Hispanic",2015,"2015",46823,1730.0000000000002,"Montgomery County, IL","05000US17135","montgomery-county-il"
8,"White Non-Hispanic",2015,"2015",47902,2413,"Morgan County, IL","05000US17137","morgan-county-il"
8,"White Non-Hispanic",2015,"2015",50331,4301,"Moultrie County, IL","05000US17139","moultrie-county-il"
8,"White Non-Hispanic",2015,"2015",56726,2319,"Ogle County, IL","05000US17141","ogle-county-il"
8,"White Non-Hispanic",2015,"2015",56771,1590,"Peoria County, IL","05000US17143","peoria-county-il"
8,"White Non-Hispanic",2015,"2015",43494,3114,"Perry County, IL","05000US17145","perry-county-il"
8,"White Non-Hispanic",2015,"2015",66953,4583,"Piatt County, IL","05000US17147","piatt-county-il"
8,"White Non-Hispanic",2015,"2015",40830,1685,"Pike County, IL","05000US17149","pike-county-il"
8,"White Non-Hispanic",2015,"2015",38919,4782,"Pope County, IL","05000US17151","pope-county-il"
8,"White Non-Hispanic",2015,"2015",35439,2590,"Pulaski County, IL","05000US17153","pulaski-county-il"
8,"White Non-Hispanic",2015,"2015",55905,5683,"Putnam County, IL","05000US17155","putnam-county-il"
8,"White Non-Hispanic",2015,"2015",49962,2300,"Randolph County, IL","05000US17157","randolph-county-il"
8,"White Non-Hispanic",2015,"2015",44429,1865,"Richland County, IL","05000US17159","richland-county-il"
8,"White Non-Hispanic",2015,"2015",51407,1124,"Rock Island County, IL","05000US17161","rock-island-county-il"
8,"White Non-Hispanic",2015,"2015",62233,1236,"St. Clair County, IL","05000US17163","st-clair-county-il"
8,"White Non-Hispanic",2015,"2015",39370,2354,"Saline County, IL","05000US17165","saline-county-il"
8,"White Non-Hispanic",2015,"2015",61211,984.9999999999999,"Sangamon County, IL","05000US17167","sangamon-county-il"
8,"White Non-Hispanic",2015,"2015",47557,3615,"Schuyler County, IL","05000US17169","schuyler-county-il"
8,"White Non-Hispanic",2015,"2015",47118,4271,"Scott County, IL","05000US17171","scott-county-il"
8,"White Non-Hispanic",2015,"2015",48066,2999,"Shelby County, IL","05000US17173","shelby-county-il"
8,"White Non-Hispanic",2015,"2015",50286,6172,"Stark County, IL","05000US17175","stark-county-il"
8,"White Non-Hispanic",2015,"2015",47389,1716,"Stephenson County, IL","05000US17177","stephenson-county-il"
8,"White Non-Hispanic",2015,"2015",58551,1641,"Tazewell County, IL","05000US17179","tazewell-county-il"
8,"White Non-Hispanic",2015,"2015",44712,3908,"Union County, IL","05000US17181","union-county-il"
8,"White Non-Hispanic",2015,"2015",46487,1411,"Vermilion County, IL","05000US17183","vermilion-county-il"
8,"White Non-Hispanic",2015,"2015",47216,3884,"Wabash County, IL","05000US17185","wabash-county-il"
8,"White Non-Hispanic",2015,"2015",45112,3959.9999999999995,"Warren County, IL","05000US17187","warren-county-il"
8,"White Non-Hispanic",2015,"2015",53770,2920,"Washington County, IL","05000US17189","washington-county-il"
8,"White Non-Hispanic",2015,"2015",45356,2351,"Wayne County, IL","05000US17191","wayne-county-il"
8,"White Non-Hispanic",2015,"2015",44795,3288,"White County, IL","05000US17193","white-county-il"
8,"White Non-Hispanic",2015,"2015",47994,1852,"Whiteside County, IL","05000US17195","whiteside-county-il"
8,"White Non-Hispanic",2015,"2015",81128,927.0000000000001,"Will County, IL","05000US17197","will-county-il"
8,"White Non-Hispanic",2015,"2015",44938,2145,"Williamson County, IL","05000US17199","williamson-county-il"
8,"White Non-Hispanic",2015,"2015",52838,944,"Winnebago County, IL","05000US17201","winnebago-county-il"
8,"White Non-Hispanic",2015,"2015",65924,2862,"Woodford County, IL","05000US17203","woodford-county-il"
9,"Hispanic",2015,"2015",60764,24715,"Adams County, IL","05000US17001","adams-county-il"
9,"Hispanic",2015,"2015",28333,17796,"Alexander County, IL","05000US17003","alexander-county-il"
9,"Hispanic",2015,"2015",52413,6463,"Boone County, IL","05000US17007","boone-county-il"
9,"Hispanic",2015,"2015",42069,8203,"Bureau County, IL","05000US17011","bureau-county-il"
9,"Hispanic",2015,"2015",48125,30644,"Carroll County, IL","05000US17015","carroll-county-il"
9,"Hispanic",2015,"2015",36659,6408,"Cass County, IL","05000US17017","cass-county-il"
9,"Hispanic",2015,"2015",36684,9408,"Champaign County, IL","05000US17019","champaign-county-il"
9,"Hispanic",2015,"2015",65586,37151,"Christian County, IL","05000US17021","christian-county-il"
9,"Hispanic",2015,"2015",2499,,"Clark County, IL","05000US17023","clark-county-il"
9,"Hispanic",2015,"2015",56094,989.9999999999999,"Clay County, IL","05000US17025","clay-county-il"
9,"Hispanic",2015,"2015",75184,37884,"Clinton County, IL","05000US17027","clinton-county-il"
9,"Hispanic",2015,"2015",45366,568,"Cook County, IL","05000US17031","cook-county-il"
9,"Hispanic",2015,"2015",14655,11559,"Crawford County, IL","05000US17033","crawford-county-il"
9,"Hispanic",2015,"2015",26250,17710,"Cumberland County, IL","05000US17035","cumberland-county-il"
9,"Hispanic",2015,"2015",41786,8220,"DeKalb County, IL","05000US17037","dekalb-county-il"
9,"Hispanic",2015,"2015",31466,13172,"De Witt County, IL","05000US17039","de-witt-county-il"
9,"Hispanic",2015,"2015",41985,2101,"Douglas County, IL","05000US17041","douglas-county-il"
9,"Hispanic",2015,"2015",58347,2540,"DuPage County, IL","05000US17043","dupage-county-il"
9,"Hispanic",2015,"2015",2499,,"Edwards County, IL","05000US17047","edwards-county-il"
9,"Hispanic",2015,"2015",48125,15841,"Effingham County, IL","05000US17049","effingham-county-il"
9,"Hispanic",2015,"2015",43452,16090,"Ford County, IL","05000US17053","ford-county-il"
9,"Hispanic",2015,"2015",33125,18068,"Franklin County, IL","05000US17055","franklin-county-il"
9,"Hispanic",2015,"2015",56676,6373,"Grundy County, IL","05000US17063","grundy-county-il"
9,"Hispanic",2015,"2015",38589,10590,"Henry County, IL","05000US17073","henry-county-il"
9,"Hispanic",2015,"2015",37167,4734,"Iroquois County, IL","05000US17075","iroquois-county-il"
9,"Hispanic",2015,"2015",20517,7168,"Jackson County, IL","05000US17077","jackson-county-il"
9,"Hispanic",2015,"2015",36042,24674,"Jefferson County, IL","05000US17081","jefferson-county-il"
9,"Hispanic",2015,"2015",61314,43754,"Jersey County, IL","05000US17083","jersey-county-il"
9,"Hispanic",2015,"2015",36224,16767,"Jo Daviess County, IL","05000US17085","jo-daviess-county-il"
9,"Hispanic",2015,"2015",42500,12614,"Johnson County, IL","05000US17087","johnson-county-il"
9,"Hispanic",2015,"2015",49138,1870,"Kane County, IL","05000US17089","kane-county-il"
9,"Hispanic",2015,"2015",42650,6575,"Kankakee County, IL","05000US17091","kankakee-county-il"
9,"Hispanic",2015,"2015",62889,11773,"Kendall County, IL","05000US17093","kendall-county-il"
9,"Hispanic",2015,"2015",31809,6659,"Knox County, IL","05000US17095","knox-county-il"
9,"Hispanic",2015,"2015",49365,1526,"Lake County, IL","05000US17097","lake-county-il"
9,"Hispanic",2015,"2015",46320,5034,"LaSalle County, IL","05000US17099","lasalle-county-il"
9,"Hispanic",2015,"2015",53150,16748,"Lawrence County, IL","05000US17101","lawrence-county-il"
9,"Hispanic",2015,"2015",40625,11007,"Lee County, IL","05000US17103","lee-county-il"
9,"Hispanic",2015,"2015",35000,18174,"Livingston County, IL","05000US17105","livingston-county-il"
9,"Hispanic",2015,"2015",56908,8931,"Logan County, IL","05000US17107","logan-county-il"
9,"Hispanic",2015,"2015",57853,4529,"McHenry County, IL","05000US17111","mchenry-county-il"
9,"Hispanic",2015,"2015",39873,4073.0000000000005,"McLean County, IL","05000US17113","mclean-county-il"
9,"Hispanic",2015,"2015",47067,11030,"Macon County, IL","05000US17115","macon-county-il"
9,"Hispanic",2015,"2015",78409,20986,"Macoupin County, IL","05000US17117","macoupin-county-il"
9,"Hispanic",2015,"2015",44482,7960,"Madison County, IL","05000US17119","madison-county-il"
9,"Hispanic",2015,"2015",23571,15314,"Marion County, IL","05000US17121","marion-county-il"
9,"Hispanic",2015,"2015",53802,4682,"Marshall County, IL","05000US17123","marshall-county-il"
9,"Hispanic",2015,"2015",83452,30278,"Massac County, IL","05000US17127","massac-county-il"
9,"Hispanic",2015,"2015",45625,20571,"Mercer County, IL","05000US17131","mercer-county-il"
9,"Hispanic",2015,"2015",64417,20382,"Monroe County, IL","05000US17133","monroe-county-il"
9,"Hispanic",2015,"2015",66500,37789,"Montgomery County, IL","05000US17135","montgomery-county-il"
9,"Hispanic",2015,"2015",35714,22899,"Morgan County, IL","05000US17137","morgan-county-il"
9,"Hispanic",2015,"2015",35357,12276,"Moultrie County, IL","05000US17139","moultrie-county-il"
9,"Hispanic",2015,"2015",38979,7236,"Ogle County, IL","05000US17141","ogle-county-il"
9,"Hispanic",2015,"2015",43125,7356.000000000001,"Peoria County, IL","05000US17143","peoria-county-il"
9,"Hispanic",2015,"2015",42292,26191,"Piatt County, IL","05000US17147","piatt-county-il"
9,"Hispanic",2015,"2015",39844,27730.999999999996,"Pike County, IL","05000US17149","pike-county-il"
9,"Hispanic",2015,"2015",23500,16772,"Pulaski County, IL","05000US17153","pulaski-county-il"
9,"Hispanic",2015,"2015",63125,36430,"Putnam County, IL","05000US17155","putnam-county-il"
9,"Hispanic",2015,"2015",68500,36419,"Randolph County, IL","05000US17157","randolph-county-il"
9,"Hispanic",2015,"2015",31250,23028,"Richland County, IL","05000US17159","richland-county-il"
9,"Hispanic",2015,"2015",40236,3385,"Rock Island County, IL","05000US17161","rock-island-county-il"
9,"Hispanic",2015,"2015",41273,4429,"St. Clair County, IL","05000US17163","st-clair-county-il"
9,"Hispanic",2015,"2015",24375,15018,"Saline County, IL","05000US17165","saline-county-il"
9,"Hispanic",2015,"2015",41054,9944,"Sangamon County, IL","05000US17167","sangamon-county-il"
9,"Hispanic",2015,"2015",24375,14799,"Schuyler County, IL","05000US17169","schuyler-county-il"
9,"Hispanic",2015,"2015",60625,57137,"Stark County, IL","05000US17175","stark-county-il"
9,"Hispanic",2015,"2015",41667,23322,"Stephenson County, IL","05000US17177","stephenson-county-il"
9,"Hispanic",2015,"2015",62118,22015,"Tazewell County, IL","05000US17179","tazewell-county-il"
9,"Hispanic",2015,"2015",23500,18644,"Union County, IL","05000US17181","union-county-il"
9,"Hispanic",2015,"2015",35583,1342,"Vermilion County, IL","05000US17183","vermilion-county-il"
9,"Hispanic",2015,"2015",2499,,"Wabash County, IL","05000US17185","wabash-county-il"
9,"Hispanic",2015,"2015",35781,9348,"Warren County, IL","05000US17187","warren-county-il"
9,"Hispanic",2015,"2015",35500,4785,"Washington County, IL","05000US17189","washington-county-il"
9,"Hispanic",2015,"2015",35603,9034,"White County, IL","05000US17193","white-county-il"
9,"Hispanic",2015,"2015",43133,3803,"Whiteside County, IL","05000US17195","whiteside-county-il"
9,"Hispanic",2015,"2015",59611,2104,"Will County, IL","05000US17197","will-county-il"
9,"Hispanic",2015,"2015",48021,21852,"Williamson County, IL","05000US17199","williamson-county-il"
9,"Hispanic",2015,"2015",37495,2761,"Winnebago County, IL","05000US17201","winnebago-county-il"
9,"Hispanic",2015,"2015",65179,40751,"Woodford County, IL","05000US17203","woodford-county-il"
0,"Total",2014,"2014",45472,1231,"Adams County, IL","05000US17001","adams-county-il"
0,"Total",2014,"2014",25495,3363,"Alexander County, IL","05000US17003","alexander-county-il"
0,"Total",2014,"2014",48120,6132,"Bond County, IL","05000US17005","bond-county-il"
0,"Total",2014,"2014",60166,3504.9999999999995,"Boone County, IL","05000US17007","boone-county-il"
0,"Total",2014,"2014",45463,7833,"Brown County, IL","05000US17009","brown-county-il"
0,"Total",2014,"2014",49921,1789,"Bureau County, IL","05000US17011","bureau-county-il"
0,"Total",2014,"2014",52661,5354,"Calhoun County, IL","05000US17013","calhoun-county-il"
0,"Total",2014,"2014",49629,2676,"Carroll County, IL","05000US17015","carroll-county-il"
0,"Total",2014,"2014",47443,2996,"Cass County, IL","05000US17017","cass-county-il"
0,"Total",2014,"2014",46680,1127,"Champaign County, IL","05000US17019","champaign-county-il"
0,"Total",2014,"2014",45727,2437,"Christian County, IL","05000US17021","christian-county-il"
0,"Total",2014,"2014",50412,2302,"Clark County, IL","05000US17023","clark-county-il"
0,"Total",2014,"2014",43189,3076,"Clay County, IL","05000US17025","clay-county-il"
0,"Total",2014,"2014",62407,1995,"Clinton County, IL","05000US17027","clinton-county-il"
0,"Total",2014,"2014",38174,2171,"Coles County, IL","05000US17029","coles-county-il"
0,"Total",2014,"2014",54828,310,"Cook County, IL","05000US17031","cook-county-il"
0,"Total",2014,"2014",46057,3090,"Crawford County, IL","05000US17033","crawford-county-il"
0,"Total",2014,"2014",43825,3531.0000000000005,"Cumberland County, IL","05000US17035","cumberland-county-il"
0,"Total",2014,"2014",53771,2227,"DeKalb County, IL","05000US17037","dekalb-county-il"
0,"Total",2014,"2014",53129,3588,"De Witt County, IL","05000US17039","de-witt-county-il"
0,"Total",2014,"2014",51701,2317,"Douglas County, IL","05000US17041","douglas-county-il"
0,"Total",2014,"2014",79016,1000,"DuPage County, IL","05000US17043","dupage-county-il"
0,"Total",2014,"2014",43075,2816,"Edgar County, IL","05000US17045","edgar-county-il"
0,"Total",2014,"2014",42779,3257,"Edwards County, IL","05000US17047","edwards-county-il"
0,"Total",2014,"2014",52374,1787,"Effingham County, IL","05000US17049","effingham-county-il"
0,"Total",2014,"2014",44603,1953.0000000000002,"Fayette County, IL","05000US17051","fayette-county-il"
0,"Total",2014,"2014",48908,3036,"Ford County, IL","05000US17053","ford-county-il"
0,"Total",2014,"2014",37333,1389,"Franklin County, IL","05000US17055","franklin-county-il"
0,"Total",2014,"2014",45938,1802.9999999999998,"Fulton County, IL","05000US17057","fulton-county-il"
0,"Total",2014,"2014",40721,3110,"Gallatin County, IL","05000US17059","gallatin-county-il"
0,"Total",2014,"2014",43178,1533,"Greene County, IL","05000US17061","greene-county-il"
0,"Total",2014,"2014",65197,3537,"Grundy County, IL","05000US17063","grundy-county-il"
0,"Total",2014,"2014",41801,6984.999999999999,"Hamilton County, IL","05000US17065","hamilton-county-il"
0,"Total",2014,"2014",45741,2767,"Hancock County, IL","05000US17067","hancock-county-il"
0,"Total",2014,"2014",38170,4076.9999999999995,"Hardin County, IL","05000US17069","hardin-county-il"
0,"Total",2014,"2014",48438,4357,"Henderson County, IL","05000US17071","henderson-county-il"
0,"Total",2014,"2014",52518,1323,"Henry County, IL","05000US17073","henry-county-il"
0,"Total",2014,"2014",47184,1434,"Iroquois County, IL","05000US17075","iroquois-county-il"
0,"Total",2014,"2014",32681,1930.0000000000002,"Jackson County, IL","05000US17077","jackson-county-il"
0,"Total",2014,"2014",54133,2983,"Jasper County, IL","05000US17079","jasper-county-il"
0,"Total",2014,"2014",43173,1474,"Jefferson County, IL","05000US17081","jefferson-county-il"
0,"Total",2014,"2014",54391,2040,"Jersey County, IL","05000US17083","jersey-county-il"
0,"Total",2014,"2014",52065,1930.0000000000002,"Jo Daviess County, IL","05000US17085","jo-daviess-county-il"
0,"Total",2014,"2014",41414,2453,"Johnson County, IL","05000US17087","johnson-county-il"
0,"Total",2014,"2014",70514,1277,"Kane County, IL","05000US17089","kane-county-il"
0,"Total",2014,"2014",51000,1401,"Kankakee County, IL","05000US17091","kankakee-county-il"
0,"Total",2014,"2014",83844,2586,"Kendall County, IL","05000US17093","kendall-county-il"
0,"Total",2014,"2014",39800,1758.0000000000002,"Knox County, IL","05000US17095","knox-county-il"
0,"Total",2014,"2014",77873,1066,"Lake County, IL","05000US17097","lake-county-il"
0,"Total",2014,"2014",51232,1543,"LaSalle County, IL","05000US17099","lasalle-county-il"
0,"Total",2014,"2014",39569,3730,"Lawrence County, IL","05000US17101","lawrence-county-il"
0,"Total",2014,"2014",52004,2937,"Lee County, IL","05000US17103","lee-county-il"
0,"Total",2014,"2014",54723,2449,"Livingston County, IL","05000US17105","livingston-county-il"
0,"Total",2014,"2014",49882,3274,"Logan County, IL","05000US17107","logan-county-il"
0,"Total",2014,"2014",37959,2854,"McDonough County, IL","05000US17109","mcdonough-county-il"
0,"Total",2014,"2014",76345,1301,"McHenry County, IL","05000US17111","mchenry-county-il"
0,"Total",2014,"2014",61955,1342,"McLean County, IL","05000US17113","mclean-county-il"
0,"Total",2014,"2014",46696,1053,"Macon County, IL","05000US17115","macon-county-il"
0,"Total",2014,"2014",50911,2196,"Macoupin County, IL","05000US17117","macoupin-county-il"
0,"Total",2014,"2014",53912,953,"Madison County, IL","05000US17119","madison-county-il"
0,"Total",2014,"2014",41783,1423,"Marion County, IL","05000US17121","marion-county-il"
0,"Total",2014,"2014",53914,1578,"Marshall County, IL","05000US17123","marshall-county-il"
0,"Total",2014,"2014",42476,2798,"Mason County, IL","05000US17125","mason-county-il"
0,"Total",2014,"2014",43092,2344,"Massac County, IL","05000US17127","massac-county-il"
0,"Total",2014,"2014",59989,2369,"Menard County, IL","05000US17129","menard-county-il"
0,"Total",2014,"2014",51259,3156,"Mercer County, IL","05000US17131","mercer-county-il"
0,"Total",2014,"2014",69592,3443,"Monroe County, IL","05000US17133","monroe-county-il"
0,"Total",2014,"2014",45158,2434,"Montgomery County, IL","05000US17135","montgomery-county-il"
0,"Total",2014,"2014",46524,2305,"Morgan County, IL","05000US17137","morgan-county-il"
0,"Total",2014,"2014",47438,4465,"Moultrie County, IL","05000US17139","moultrie-county-il"
0,"Total",2014,"2014",55894,2123,"Ogle County, IL","05000US17141","ogle-county-il"
0,"Total",2014,"2014",51454,869,"Peoria County, IL","05000US17143","peoria-county-il"
0,"Total",2014,"2014",40532,3098,"Perry County, IL","05000US17145","perry-county-il"
0,"Total",2014,"2014",63002,4099,"Piatt County, IL","05000US17147","piatt-county-il"
0,"Total",2014,"2014",38740,1549,"Pike County, IL","05000US17149","pike-county-il"
0,"Total",2014,"2014",39395,3521.0000000000005,"Pope County, IL","05000US17151","pope-county-il"
0,"Total",2014,"2014",33946,3531.0000000000005,"Pulaski County, IL","05000US17153","pulaski-county-il"
0,"Total",2014,"2014",55360,3519.9999999999995,"Putnam County, IL","05000US17155","putnam-county-il"
0,"Total",2014,"2014",48901,2680,"Randolph County, IL","05000US17157","randolph-county-il"
0,"Total",2014,"2014",44514,2272,"Richland County, IL","05000US17159","richland-county-il"
0,"Total",2014,"2014",48226,900,"Rock Island County, IL","05000US17161","rock-island-county-il"
0,"Total",2014,"2014",50728,924,"St. Clair County, IL","05000US17163","st-clair-county-il"
0,"Total",2014,"2014",38772,2508,"Saline County, IL","05000US17165","saline-county-il"
0,"Total",2014,"2014",55565,1275,"Sangamon County, IL","05000US17167","sangamon-county-il"
0,"Total",2014,"2014",48575,3195,"Schuyler County, IL","05000US17169","schuyler-county-il"
0,"Total",2014,"2014",48500,4265,"Scott County, IL","05000US17171","scott-county-il"
0,"Total",2014,"2014",47411,3308,"Shelby County, IL","05000US17173","shelby-county-il"
0,"Total",2014,"2014",52956,4904,"Stark County, IL","05000US17175","stark-county-il"
0,"Total",2014,"2014",44631,1787,"Stephenson County, IL","05000US17177","stephenson-county-il"
0,"Total",2014,"2014",57052,1363,"Tazewell County, IL","05000US17179","tazewell-county-il"
0,"Total",2014,"2014",41849,2869,"Union County, IL","05000US17181","union-county-il"
0,"Total",2014,"2014",42548,1368,"Vermilion County, IL","05000US17183","vermilion-county-il"
0,"Total",2014,"2014",48679,3943,"Wabash County, IL","05000US17185","wabash-county-il"
0,"Total",2014,"2014",43683,3001,"Warren County, IL","05000US17187","warren-county-il"
0,"Total",2014,"2014",52761,3290,"Washington County, IL","05000US17189","washington-county-il"
0,"Total",2014,"2014",44535,2346,"Wayne County, IL","05000US17191","wayne-county-il"
0,"Total",2014,"2014",45347,3325,"White County, IL","05000US17193","white-county-il"
0,"Total",2014,"2014",48343,1996.0000000000002,"Whiteside County, IL","05000US17195","whiteside-county-il"
0,"Total",2014,"2014",76142,842,"Will County, IL","05000US17197","will-county-il"
0,"Total",2014,"2014",43855,1639,"Williamson County, IL","05000US17199","williamson-county-il"
0,"Total",2014,"2014",47523,1017.9999999999999,"Winnebago County, IL","05000US17201","winnebago-county-il"
0,"Total",2014,"2014",68119,3194,"Woodford County, IL","05000US17203","woodford-county-il"
1,"White",2014,"2014",45922,1341,"Adams County, IL","05000US17001","adams-county-il"
1,"White",2014,"2014",31875,5322,"Alexander County, IL","05000US17003","alexander-county-il"
1,"White",2014,"2014",48576,5688,"Bond County, IL","05000US17005","bond-county-il"
1,"White",2014,"2014",59699,3843.9999999999995,"Boone County, IL","05000US17007","boone-county-il"
1,"White",2014,"2014",44219,7751,"Brown County, IL","05000US17009","brown-county-il"
1,"White",2014,"2014",49493,1953.0000000000002,"Bureau County, IL","05000US17011","bureau-county-il"
1,"White",2014,"2014",53347,5378,"Calhoun County, IL","05000US17013","calhoun-county-il"
1,"White",2014,"2014",49638,2689,"Carroll County, IL","05000US17015","carroll-county-il"
1,"White",2014,"2014",48641,3346,"Cass County, IL","05000US17017","cass-county-il"
1,"White",2014,"2014",52838,1614,"Champaign County, IL","05000US17019","champaign-county-il"
1,"White",2014,"2014",46017,2605,"Christian County, IL","05000US17021","christian-county-il"
1,"White",2014,"2014",50209,2507,"Clark County, IL","05000US17023","clark-county-il"
1,"White",2014,"2014",43208,3115,"Clay County, IL","05000US17025","clay-county-il"
1,"White",2014,"2014",63380,1924,"Clinton County, IL","05000US17027","clinton-county-il"
1,"White",2014,"2014",39362,2121,"Coles County, IL","05000US17029","coles-county-il"
1,"White",2014,"2014",65393,393,"Cook County, IL","05000US17031","cook-county-il"
1,"White",2014,"2014",46733,3322,"Crawford County, IL","05000US17033","crawford-county-il"
1,"White",2014,"2014",44171,3795,"Cumberland County, IL","05000US17035","cumberland-county-il"
1,"White",2014,"2014",57038,1340,"DeKalb County, IL","05000US17037","dekalb-county-il"
1,"White",2014,"2014",53425,3766,"De Witt County, IL","05000US17039","de-witt-county-il"
1,"White",2014,"2014",52126,2539,"Douglas County, IL","05000US17041","douglas-county-il"
1,"White",2014,"2014",80785,827,"DuPage County, IL","05000US17043","dupage-county-il"
1,"White",2014,"2014",43154,2806,"Edgar County, IL","05000US17045","edgar-county-il"
1,"White",2014,"2014",42791,3306,"Edwards County, IL","05000US17047","edwards-county-il"
1,"White",2014,"2014",52200,1720.0000000000002,"Effingham County, IL","05000US17049","effingham-county-il"
1,"White",2014,"2014",44770,1972,"Fayette County, IL","05000US17051","fayette-county-il"
1,"White",2014,"2014",48767,3130,"Ford County, IL","05000US17053","ford-county-il"
1,"White",2014,"2014",37627,1440,"Franklin County, IL","05000US17055","franklin-county-il"
1,"White",2014,"2014",45844,1785,"Fulton County, IL","05000US17057","fulton-county-il"
1,"White",2014,"2014",41074,3236,"Gallatin County, IL","05000US17059","gallatin-county-il"
1,"White",2014,"2014",43354,1549,"Greene County, IL","05000US17061","greene-county-il"
1,"White",2014,"2014",66863,4205,"Grundy County, IL","05000US17063","grundy-county-il"
1,"White",2014,"2014",41314,6492,"Hamilton County, IL","05000US17065","hamilton-county-il"
1,"White",2014,"2014",46002,2839,"Hancock County, IL","05000US17067","hancock-county-il"
1,"White",2014,"2014",37961,4754,"Hardin County, IL","05000US17069","hardin-county-il"
1,"White",2014,"2014",48438,4388,"Henderson County, IL","05000US17071","henderson-county-il"
1,"White",2014,"2014",53045,1176,"Henry County, IL","05000US17073","henry-county-il"
1,"White",2014,"2014",47428,1667,"Iroquois County, IL","05000US17075","iroquois-county-il"
1,"White",2014,"2014",37965,2327,"Jackson County, IL","05000US17077","jackson-county-il"
1,"White",2014,"2014",54111,2964,"Jasper County, IL","05000US17079","jasper-county-il"
1,"White",2014,"2014",44596,1744,"Jefferson County, IL","05000US17081","jefferson-county-il"
1,"White",2014,"2014",54186,1829.0000000000002,"Jersey County, IL","05000US17083","jersey-county-il"
1,"White",2014,"2014",51974,1868.9999999999998,"Jo Daviess County, IL","05000US17085","jo-daviess-county-il"
1,"White",2014,"2014",41592,2465,"Johnson County, IL","05000US17087","johnson-county-il"
1,"White",2014,"2014",77286,1486,"Kane County, IL","05000US17089","kane-county-il"
1,"White",2014,"2014",56374,1979,"Kankakee County, IL","05000US17091","kankakee-county-il"
1,"White",2014,"2014",86129,3407,"Kendall County, IL","05000US17093","kendall-county-il"
1,"White",2014,"2014",41151,1616,"Knox County, IL","05000US17095","knox-county-il"
1,"White",2014,"2014",81578,1151,"Lake County, IL","05000US17097","lake-county-il"
1,"White",2014,"2014",51473,1563,"LaSalle County, IL","05000US17099","lasalle-county-il"
1,"White",2014,"2014",40010,3884,"Lawrence County, IL","05000US17101","lawrence-county-il"
1,"White",2014,"2014",52178,2761,"Lee County, IL","05000US17103","lee-county-il"
1,"White",2014,"2014",54801,2393,"Livingston County, IL","05000US17105","livingston-county-il"
1,"White",2014,"2014",51371,1737,"Logan County, IL","05000US17107","logan-county-il"
1,"White",2014,"2014",38146,2826,"McDonough County, IL","05000US17109","mcdonough-county-il"
1,"White",2014,"2014",76858,1400,"McHenry County, IL","05000US17111","mchenry-county-il"
1,"White",2014,"2014",64262,1796.0000000000002,"McLean County, IL","05000US17113","mclean-county-il"
1,"White",2014,"2014",50914,1353,"Macon County, IL","05000US17115","macon-county-il"
1,"White",2014,"2014",50952,2234,"Macoupin County, IL","05000US17117","macoupin-county-il"
1,"White",2014,"2014",56410,1339,"Madison County, IL","05000US17119","madison-county-il"
1,"White",2014,"2014",42513,1724,"Marion County, IL","05000US17121","marion-county-il"
1,"White",2014,"2014",54258,1729,"Marshall County, IL","05000US17123","marshall-county-il"
1,"White",2014,"2014",42613,2827,"Mason County, IL","05000US17125","mason-county-il"
1,"White",2014,"2014",44253,2270,"Massac County, IL","05000US17127","massac-county-il"
1,"White",2014,"2014",59871,2402,"Menard County, IL","05000US17129","menard-county-il"
1,"White",2014,"2014",51216,3156,"Mercer County, IL","05000US17131","mercer-county-il"
1,"White",2014,"2014",69899,3313,"Monroe County, IL","05000US17133","monroe-county-il"
1,"White",2014,"2014",44777,2668,"Montgomery County, IL","05000US17135","montgomery-county-il"
1,"White",2014,"2014",48837,2858,"Morgan County, IL","05000US17137","morgan-county-il"
1,"White",2014,"2014",47544,4681,"Moultrie County, IL","05000US17139","moultrie-county-il"
1,"White",2014,"2014",56271,2253,"Ogle County, IL","05000US17141","ogle-county-il"
1,"White",2014,"2014",56550,1322,"Peoria County, IL","05000US17143","peoria-county-il"
1,"White",2014,"2014",42167,3054,"Perry County, IL","05000US17145","perry-county-il"
1,"White",2014,"2014",63408,4314,"Piatt County, IL","05000US17147","piatt-county-il"
1,"White",2014,"2014",38994,1547,"Pike County, IL","05000US17149","pike-county-il"
1,"White",2014,"2014",38810,3457,"Pope County, IL","05000US17151","pope-county-il"
1,"White",2014,"2014",38603,7260,"Pulaski County, IL","05000US17153","pulaski-county-il"
1,"White",2014,"2014",55455,3529.9999999999995,"Putnam County, IL","05000US17155","putnam-county-il"
1,"White",2014,"2014",50161,2657,"Randolph County, IL","05000US17157","randolph-county-il"
1,"White",2014,"2014",44643,2255,"Richland County, IL","05000US17159","richland-county-il"
1,"White",2014,"2014",50298,1007,"Rock Island County, IL","05000US17161","rock-island-county-il"
1,"White",2014,"2014",61565,1368,"St. Clair County, IL","05000US17163","st-clair-county-il"
1,"White",2014,"2014",39819,2588,"Saline County, IL","05000US17165","saline-county-il"
1,"White",2014,"2014",60416,1089,"Sangamon County, IL","05000US17167","sangamon-county-il"
1,"White",2014,"2014",48508,3158,"Schuyler County, IL","05000US17169","schuyler-county-il"
1,"White",2014,"2014",48575,4332,"Scott County, IL","05000US17171","scott-county-il"
1,"White",2014,"2014",47592,3382,"Shelby County, IL","05000US17173","shelby-county-il"
1,"White",2014,"2014",53671,4617,"Stark County, IL","05000US17175","stark-county-il"
1,"White",2014,"2014",46894,1840.9999999999998,"Stephenson County, IL","05000US17177","stephenson-county-il"
1,"White",2014,"2014",57432,1455,"Tazewell County, IL","05000US17179","tazewell-county-il"
1,"White",2014,"2014",42736,3026,"Union County, IL","05000US17181","union-county-il"
1,"White",2014,"2014",45512,1289,"Vermilion County, IL","05000US17183","vermilion-county-il"
1,"White",2014,"2014",47416,3492,"Wabash County, IL","05000US17185","wabash-county-il"
1,"White",2014,"2014",44333,3684,"Warren County, IL","05000US17187","warren-county-il"
1,"White",2014,"2014",52948,3489.9999999999995,"Washington County, IL","05000US17189","washington-county-il"
1,"White",2014,"2014",44867,2296,"Wayne County, IL","05000US17191","wayne-county-il"
1,"White",2014,"2014",45082,3340,"White County, IL","05000US17193","white-county-il"
1,"White",2014,"2014",48770,2053,"Whiteside County, IL","05000US17195","whiteside-county-il"
1,"White",2014,"2014",79525,1194,"Will County, IL","05000US17197","will-county-il"
1,"White",2014,"2014",44820,1787.9999999999998,"Williamson County, IL","05000US17199","williamson-county-il"
1,"White",2014,"2014",51599,993.9999999999999,"Winnebago County, IL","05000US17201","winnebago-county-il"
1,"White",2014,"2014",68672,3088,"Woodford County, IL","05000US17203","woodford-county-il"
2,"Black",2014,"2014",21917,10259,"Adams County, IL","05000US17001","adams-county-il"
2,"Black",2014,"2014",17083,2706,"Alexander County, IL","05000US17003","alexander-county-il"
2,"Black",2014,"2014",40556,39103,"Bond County, IL","05000US17005","bond-county-il"
2,"Black",2014,"2014",54543,25960,"Boone County, IL","05000US17007","boone-county-il"
2,"Black",2014,"2014",51339,43192,"Bureau County, IL","05000US17011","bureau-county-il"
2,"Black",2014,"2014",34141,7995,"Cass County, IL","05000US17017","cass-county-il"
2,"Black",2014,"2014",25139,2549,"Champaign County, IL","05000US17019","champaign-county-il"
2,"Black",2014,"2014",15250,2730,"Christian County, IL","05000US17021","christian-county-il"
2,"Black",2014,"2014",27534,15619.999999999998,"Clinton County, IL","05000US17027","clinton-county-il"
2,"Black",2014,"2014",14706,3734.0000000000005,"Coles County, IL","05000US17029","coles-county-il"
2,"Black",2014,"2014",34935,458.99999999999994,"Cook County, IL","05000US17031","cook-county-il"
2,"Black",2014,"2014",101250,802,"Crawford County, IL","05000US17033","crawford-county-il"
2,"Black",2014,"2014",22530,4953,"DeKalb County, IL","05000US17037","dekalb-county-il"
2,"Black",2014,"2014",51396,3892,"DuPage County, IL","05000US17043","dupage-county-il"
2,"Black",2014,"2014",88077,64921.00000000001,"Ford County, IL","05000US17053","ford-county-il"
2,"Black",2014,"2014",2499,,"Franklin County, IL","05000US17055","franklin-county-il"
2,"Black",2014,"2014",30309,40029,"Grundy County, IL","05000US17063","grundy-county-il"
2,"Black",2014,"2014",16500,8279,"Henry County, IL","05000US17073","henry-county-il"
2,"Black",2014,"2014",21296,4624,"Iroquois County, IL","05000US17075","iroquois-county-il"
2,"Black",2014,"2014",13529,1782,"Jackson County, IL","05000US17077","jackson-county-il"
2,"Black",2014,"2014",30081,5959,"Jefferson County, IL","05000US17081","jefferson-county-il"
2,"Black",2014,"2014",90435,132759,"Jersey County, IL","05000US17083","jersey-county-il"
2,"Black",2014,"2014",68056,19538,"Jo Daviess County, IL","05000US17085","jo-daviess-county-il"
2,"Black",2014,"2014",62639,124735,"Johnson County, IL","05000US17087","johnson-county-il"
2,"Black",2014,"2014",39254,4635,"Kane County, IL","05000US17089","kane-county-il"
2,"Black",2014,"2014",28082,2547,"Kankakee County, IL","05000US17091","kankakee-county-il"
2,"Black",2014,"2014",96146,30785,"Kendall County, IL","05000US17093","kendall-county-il"
2,"Black",2014,"2014",21635,7246,"Knox County, IL","05000US17095","knox-county-il"
2,"Black",2014,"2014",40369,4828,"Lake County, IL","05000US17097","lake-county-il"
2,"Black",2014,"2014",18802,25591,"LaSalle County, IL","05000US17099","lasalle-county-il"
2,"Black",2014,"2014",18587,1721.9999999999998,"Lawrence County, IL","05000US17101","lawrence-county-il"
2,"Black",2014,"2014",22083,79993,"Lee County, IL","05000US17103","lee-county-il"
2,"Black",2014,"2014",57917,87565,"Livingston County, IL","05000US17105","livingston-county-il"
2,"Black",2014,"2014",16016,1142,"Logan County, IL","05000US17107","logan-county-il"
2,"Black",2014,"2014",25100,23880,"McDonough County, IL","05000US17109","mcdonough-county-il"
2,"Black",2014,"2014",68049,13182,"McHenry County, IL","05000US17111","mchenry-county-il"
2,"Black",2014,"2014",26700,4250,"McLean County, IL","05000US17113","mclean-county-il"
2,"Black",2014,"2014",22683,2536,"Macon County, IL","05000US17115","macon-county-il"
2,"Black",2014,"2014",45625,15832,"Macoupin County, IL","05000US17117","macoupin-county-il"
2,"Black",2014,"2014",30966,3838,"Madison County, IL","05000US17119","madison-county-il"
2,"Black",2014,"2014",27011,14959,"Marion County, IL","05000US17121","marion-county-il"
2,"Black",2014,"2014",24145,12775,"Massac County, IL","05000US17127","massac-county-il"
2,"Black",2014,"2014",49760,2426,"Montgomery County, IL","05000US17135","montgomery-county-il"
2,"Black",2014,"2014",26343,5558,"Morgan County, IL","05000US17137","morgan-county-il"
2,"Black",2014,"2014",41827,66787,"Ogle County, IL","05000US17141","ogle-county-il"
2,"Black",2014,"2014",25976,1731.9999999999998,"Peoria County, IL","05000US17143","peoria-county-il"
2,"Black",2014,"2014",25156,14662.000000000002,"Perry County, IL","05000US17145","perry-county-il"
2,"Black",2014,"2014",29038,6820.000000000001,"Pulaski County, IL","05000US17153","pulaski-county-il"
2,"Black",2014,"2014",33750,7393.999999999999,"Randolph County, IL","05000US17157","randolph-county-il"
2,"Black",2014,"2014",30976,1698,"Rock Island County, IL","05000US17161","rock-island-county-il"
2,"Black",2014,"2014",28233,1334,"St. Clair County, IL","05000US17163","st-clair-county-il"
2,"Black",2014,"2014",20529,4984,"Saline County, IL","05000US17165","saline-county-il"
2,"Black",2014,"2014",26192,3308,"Sangamon County, IL","05000US17167","sangamon-county-il"
2,"Black",2014,"2014",24861,5453,"Stephenson County, IL","05000US17177","stephenson-county-il"
2,"Black",2014,"2014",35890,15799.999999999998,"Tazewell County, IL","05000US17179","tazewell-county-il"
2,"Black",2014,"2014",31000,25398,"Union County, IL","05000US17181","union-county-il"
2,"Black",2014,"2014",21813,3071,"Vermilion County, IL","05000US17183","vermilion-county-il"
2,"Black",2014,"2014",34412,22915,"Warren County, IL","05000US17187","warren-county-il"
2,"Black",2014,"2014",18462,2181,"Washington County, IL","05000US17189","washington-county-il"
2,"Black",2014,"2014",2499,,"Wayne County, IL","05000US17191","wayne-county-il"
2,"Black",2014,"2014",43654,39029,"Whiteside County, IL","05000US17195","whiteside-county-il"
2,"Black",2014,"2014",57176,3082,"Will County, IL","05000US17197","will-county-il"
2,"Black",2014,"2014",26761,10653,"Williamson County, IL","05000US17199","williamson-county-il"
2,"Black",2014,"2014",23706,2112,"Winnebago County, IL","05000US17201","winnebago-county-il"
3,"Native American",2014,"2014",16696,5698,"Adams County, IL","05000US17001","adams-county-il"
3,"Native American",2014,"2014",58750,103678,"Alexander County, IL","05000US17003","alexander-county-il"
3,"Native American",2014,"2014",81154,139627,"Bureau County, IL","05000US17011","bureau-county-il"
3,"Native American",2014,"2014",10313,27030,"Cass County, IL","05000US17017","cass-county-il"
3,"Native American",2014,"2014",49375,34302,"Champaign County, IL","05000US17019","champaign-county-il"
3,"Native American",2014,"2014",38125,6420,"Clay County, IL","05000US17025","clay-county-il"
3,"Native American",2014,"2014",9301,8711,"Clinton County, IL","05000US17027","clinton-county-il"
3,"Native American",2014,"2014",43763,5050,"Cook County, IL","05000US17031","cook-county-il"
3,"Native American",2014,"2014",38736,68,"Crawford County, IL","05000US17033","crawford-county-il"
3,"Native American",2014,"2014",29750,32814,"Cumberland County, IL","05000US17035","cumberland-county-il"
3,"Native American",2014,"2014",19779,120193,"DeKalb County, IL","05000US17037","dekalb-county-il"
3,"Native American",2014,"2014",108958,10428,"De Witt County, IL","05000US17039","de-witt-county-il"
3,"Native American",2014,"2014",49250,36690,"Douglas County, IL","05000US17041","douglas-county-il"
3,"Native American",2014,"2014",56528,12569,"DuPage County, IL","05000US17043","dupage-county-il"
3,"Native American",2014,"2014",39444,70651,"Fayette County, IL","05000US17051","fayette-county-il"
3,"Native American",2014,"2014",44539,17459,"Ford County, IL","05000US17053","ford-county-il"
3,"Native American",2014,"2014",40417,57397,"Fulton County, IL","05000US17057","fulton-county-il"
3,"Native American",2014,"2014",102981,112070.99999999999,"Gallatin County, IL","05000US17059","gallatin-county-il"
3,"Native American",2014,"2014",58750,69365,"Greene County, IL","05000US17061","greene-county-il"
3,"Native American",2014,"2014",18750,38978,"Hancock County, IL","05000US17067","hancock-county-il"
3,"Native American",2014,"2014",31250,38701,"Iroquois County, IL","05000US17075","iroquois-county-il"
3,"Native American",2014,"2014",23077,12746,"Jackson County, IL","05000US17077","jackson-county-il"
3,"Native American",2014,"2014",38571,29258,"Jefferson County, IL","05000US17081","jefferson-county-il"
3,"Native American",2014,"2014",16696,43902,"Johnson County, IL","05000US17087","johnson-county-il"
3,"Native American",2014,"2014",36118,19317,"Kane County, IL","05000US17089","kane-county-il"
3,"Native American",2014,"2014",41061,993.9999999999999,"Kankakee County, IL","05000US17091","kankakee-county-il"
3,"Native American",2014,"2014",38389,9837,"Kendall County, IL","05000US17093","kendall-county-il"
3,"Native American",2014,"2014",2499,,"Knox County, IL","05000US17095","knox-county-il"
3,"Native American",2014,"2014",47819,4810,"Lake County, IL","05000US17097","lake-county-il"
3,"Native American",2014,"2014",50625,82426,"LaSalle County, IL","05000US17099","lasalle-county-il"
3,"Native American",2014,"2014",66400,694,"Logan County, IL","05000US17107","logan-county-il"
3,"Native American",2014,"2014",43750,58427,"McDonough County, IL","05000US17109","mcdonough-county-il"
3,"Native American",2014,"2014",56198,27880.999999999996,"McHenry County, IL","05000US17111","mchenry-county-il"
3,"Native American",2014,"2014",40208,40810,"McLean County, IL","05000US17113","mclean-county-il"
3,"Native American",2014,"2014",2499,,"Macon County, IL","05000US17115","macon-county-il"
3,"Native American",2014,"2014",24792,63325.00000000001,"Macoupin County, IL","05000US17117","macoupin-county-il"
3,"Native American",2014,"2014",76125,71799,"Madison County, IL","05000US17119","madison-county-il"
3,"Native American",2014,"2014",13810,846.0000000000001,"Marion County, IL","05000US17121","marion-county-il"
3,"Native American",2014,"2014",21250,152502,"Montgomery County, IL","05000US17135","montgomery-county-il"
3,"Native American",2014,"2014",48333,54547,"Ogle County, IL","05000US17141","ogle-county-il"
3,"Native American",2014,"2014",28750,36840,"Peoria County, IL","05000US17143","peoria-county-il"
3,"Native American",2014,"2014",43750,5811,"Perry County, IL","05000US17145","perry-county-il"
3,"Native American",2014,"2014",9330,21595,"Pike County, IL","05000US17149","pike-county-il"
3,"Native American",2014,"2014",25156,24353,"Rock Island County, IL","05000US17161","rock-island-county-il"
3,"Native American",2014,"2014",70294,82829,"St. Clair County, IL","05000US17163","st-clair-county-il"
3,"Native American",2014,"2014",33929,31127,"Sangamon County, IL","05000US17167","sangamon-county-il"
3,"Native American",2014,"2014",25750,30090,"Stephenson County, IL","05000US17177","stephenson-county-il"
3,"Native American",2014,"2014",42206,63981.00000000001,"Tazewell County, IL","05000US17179","tazewell-county-il"
3,"Native American",2014,"2014",7109,104371,"Vermilion County, IL","05000US17183","vermilion-county-il"
3,"Native American",2014,"2014",37656,71600,"Whiteside County, IL","05000US17195","whiteside-county-il"
3,"Native American",2014,"2014",46761,9259,"Will County, IL","05000US17197","will-county-il"
3,"Native American",2014,"2014",2499,,"Williamson County, IL","05000US17199","williamson-county-il"
3,"Native American",2014,"2014",43438,22029,"Winnebago County, IL","05000US17201","winnebago-county-il"
4,"Asian",2014,"2014",61563,53758,"Adams County, IL","05000US17001","adams-county-il"
4,"Asian",2014,"2014",58750,18698,"Alexander County, IL","05000US17003","alexander-county-il"
4,"Asian",2014,"2014",21625,140907,"Bond County, IL","05000US17005","bond-county-il"
4,"Asian",2014,"2014",118558,18054,"Boone County, IL","05000US17007","boone-county-il"
4,"Asian",2014,"2014",49091,7817.000000000001,"Brown County, IL","05000US17009","brown-county-il"
4,"Asian",2014,"2014",62143,22469,"Bureau County, IL","05000US17011","bureau-county-il"
4,"Asian",2014,"2014",46250,43059,"Carroll County, IL","05000US17015","carroll-county-il"
4,"Asian",2014,"2014",24533,2953,"Champaign County, IL","05000US17019","champaign-county-il"
4,"Asian",2014,"2014",68828,857,"Clark County, IL","05000US17023","clark-county-il"
4,"Asian",2014,"2014",60066,47430,"Clinton County, IL","05000US17027","clinton-county-il"
4,"Asian",2014,"2014",68646,80789,"Coles County, IL","05000US17029","coles-county-il"
4,"Asian",2014,"2014",69207,1954.9999999999998,"Cook County, IL","05000US17031","cook-county-il"
4,"Asian",2014,"2014",80833,9556,"Crawford County, IL","05000US17033","crawford-county-il"
4,"Asian",2014,"2014",2499,,"Cumberland County, IL","05000US17035","cumberland-county-il"
4,"Asian",2014,"2014",55000,25512,"DeKalb County, IL","05000US17037","dekalb-county-il"
4,"Asian",2014,"2014",16583,12217,"Douglas County, IL","05000US17041","douglas-county-il"
4,"Asian",2014,"2014",92990,3452,"DuPage County, IL","05000US17043","dupage-county-il"
4,"Asian",2014,"2014",60833,33239,"Edgar County, IL","05000US17045","edgar-county-il"
4,"Asian",2014,"2014",101250,142191,"Edwards County, IL","05000US17047","edwards-county-il"
4,"Asian",2014,"2014",66855,327833,"Effingham County, IL","05000US17049","effingham-county-il"
4,"Asian",2014,"2014",86250,192226,"Ford County, IL","05000US17053","ford-county-il"
4,"Asian",2014,"2014",37917,42596,"Franklin County, IL","05000US17055","franklin-county-il"
4,"Asian",2014,"2014",114167,234131,"Grundy County, IL","05000US17063","grundy-county-il"
4,"Asian",2014,"2014",40625,10946,"Hancock County, IL","05000US17067","hancock-county-il"
4,"Asian",2014,"2014",24167,40870,"Henry County, IL","05000US17073","henry-county-il"
4,"Asian",2014,"2014",58056,16057,"Iroquois County, IL","05000US17075","iroquois-county-il"
4,"Asian",2014,"2014",32105,21981,"Jackson County, IL","05000US17077","jackson-county-il"
4,"Asian",2014,"2014",72981,63497.99999999999,"Jefferson County, IL","05000US17081","jefferson-county-il"
4,"Asian",2014,"2014",119375,161902,"Jo Daviess County, IL","05000US17085","jo-daviess-county-il"
4,"Asian",2014,"2014",100599,10499,"Kane County, IL","05000US17089","kane-county-il"
4,"Asian",2014,"2014",82969,23585,"Kankakee County, IL","05000US17091","kankakee-county-il"
4,"Asian",2014,"2014",76699,19251,"Kendall County, IL","05000US17093","kendall-county-il"
4,"Asian",2014,"2014",61354,82579,"Knox County, IL","05000US17095","knox-county-il"
4,"Asian",2014,"2014",100984,4407,"Lake County, IL","05000US17097","lake-county-il"
4,"Asian",2014,"2014",73182,25657,"LaSalle County, IL","05000US17099","lasalle-county-il"
4,"Asian",2014,"2014",33125,106756,"Lee County, IL","05000US17103","lee-county-il"
4,"Asian",2014,"2014",60795,36556,"Livingston County, IL","05000US17105","livingston-county-il"
4,"Asian",2014,"2014",67969,28640,"Logan County, IL","05000US17107","logan-county-il"
4,"Asian",2014,"2014",46938,77027,"McDonough County, IL","05000US17109","mcdonough-county-il"
4,"Asian",2014,"2014",97380,11753,"McHenry County, IL","05000US17111","mchenry-county-il"
4,"Asian",2014,"2014",81544,11085,"McLean County, IL","05000US17113","mclean-county-il"
4,"Asian",2014,"2014",84667,24948,"Macon County, IL","05000US17115","macon-county-il"
4,"Asian",2014,"2014",62500,31900,"Macoupin County, IL","05000US17117","macoupin-county-il"
4,"Asian",2014,"2014",87955,33502,"Madison County, IL","05000US17119","madison-county-il"
4,"Asian",2014,"2014",63554,16441,"Marion County, IL","05000US17121","marion-county-il"
4,"Asian",2014,"2014",11563,58953,"Marshall County, IL","05000US17123","marshall-county-il"
4,"Asian",2014,"2014",11250,43947,"Massac County, IL","05000US17127","massac-county-il"
4,"Asian",2014,"2014",106250,106191,"Mercer County, IL","05000US17131","mercer-county-il"
4,"Asian",2014,"2014",56615,37798,"Montgomery County, IL","05000US17135","montgomery-county-il"
4,"Asian",2014,"2014",43083,51650,"Morgan County, IL","05000US17137","morgan-county-il"
4,"Asian",2014,"2014",64896,366196,"Ogle County, IL","05000US17141","ogle-county-il"
4,"Asian",2014,"2014",82802,6249,"Peoria County, IL","05000US17143","peoria-county-il"
4,"Asian",2014,"2014",81875,48934,"Perry County, IL","05000US17145","perry-county-il"
4,"Asian",2014,"2014",250001,,"Pike County, IL","05000US17149","pike-county-il"
4,"Asian",2014,"2014",66111,19200,"Rock Island County, IL","05000US17161","rock-island-county-il"
4,"Asian",2014,"2014",63288,14458.999999999998,"St. Clair County, IL","05000US17163","st-clair-county-il"
4,"Asian",2014,"2014",65083,75912,"Saline County, IL","05000US17165","saline-county-il"
4,"Asian",2014,"2014",61591,20286,"Sangamon County, IL","05000US17167","sangamon-county-il"
4,"Asian",2014,"2014",48542,17383,"Shelby County, IL","05000US17173","shelby-county-il"
4,"Asian",2014,"2014",50536,18290,"Stark County, IL","05000US17175","stark-county-il"
4,"Asian",2014,"2014",51750,26919,"Stephenson County, IL","05000US17177","stephenson-county-il"
4,"Asian",2014,"2014",113542,25253,"Tazewell County, IL","05000US17179","tazewell-county-il"
4,"Asian",2014,"2014",54063,44217,"Vermilion County, IL","05000US17183","vermilion-county-il"
4,"Asian",2014,"2014",75500,67673,"Wabash County, IL","05000US17185","wabash-county-il"
4,"Asian",2014,"2014",50380,20931,"Warren County, IL","05000US17187","warren-county-il"
4,"Asian",2014,"2014",85625,30303.999999999996,"Washington County, IL","05000US17189","washington-county-il"
4,"Asian",2014,"2014",51719,93961,"Whiteside County, IL","05000US17195","whiteside-county-il"
4,"Asian",2014,"2014",103760,8010,"Will County, IL","05000US17197","will-county-il"
4,"Asian",2014,"2014",71542,30636,"Williamson County, IL","05000US17199","williamson-county-il"
4,"Asian",2014,"2014",70327,13931,"Winnebago County, IL","05000US17201","winnebago-county-il"
4,"Asian",2014,"2014",81250,54409,"Woodford County, IL","05000US17203","woodford-county-il"
5,"Pacific Islander",2014,"2014",71750,28059.000000000004,"Cook County, IL","05000US17031","cook-county-il"
5,"Pacific Islander",2014,"2014",77781,19836,"DuPage County, IL","05000US17043","dupage-county-il"
5,"Pacific Islander",2014,"2014",9922,153093,"Kane County, IL","05000US17089","kane-county-il"
5,"Pacific Islander",2014,"2014",77679,107250,"Kankakee County, IL","05000US17091","kankakee-county-il"
5,"Pacific Islander",2014,"2014",79602,301809,"Lake County, IL","05000US17097","lake-county-il"
5,"Pacific Islander",2014,"2014",85024,61161,"Lee County, IL","05000US17103","lee-county-il"
5,"Pacific Islander",2014,"2014",233375,205799,"Rock Island County, IL","05000US17161","rock-island-county-il"
5,"Pacific Islander",2014,"2014",51023,1992,"Sangamon County, IL","05000US17167","sangamon-county-il"
5,"Pacific Islander",2014,"2014",48911,4271,"Winnebago County, IL","05000US17201","winnebago-county-il"
6,"Other",2014,"2014",61368,16322.000000000002,"Adams County, IL","05000US17001","adams-county-il"
6,"Other",2014,"2014",52768,29643.000000000004,"Boone County, IL","05000US17007","boone-county-il"
6,"Other",2014,"2014",49531,24235,"Bureau County, IL","05000US17011","bureau-county-il"
6,"Other",2014,"2014",44500,23529,"Cass County, IL","05000US17017","cass-county-il"
6,"Other",2014,"2014",46083,27311.999999999996,"Champaign County, IL","05000US17019","champaign-county-il"
6,"Other",2014,"2014",39737,248361,"Christian County, IL","05000US17021","christian-county-il"
6,"Other",2014,"2014",200272,228247,"Clinton County, IL","05000US17027","clinton-county-il"
6,"Other",2014,"2014",36500,93431,"Coles County, IL","05000US17029","coles-county-il"
6,"Other",2014,"2014",43797,992,"Cook County, IL","05000US17031","cook-county-il"
6,"Other",2014,"2014",30716,6040,"DeKalb County, IL","05000US17037","dekalb-county-il"
6,"Other",2014,"2014",55294,26990,"Douglas County, IL","05000US17041","douglas-county-il"
6,"Other",2014,"2014",51607,7784.999999999999,"DuPage County, IL","05000US17043","dupage-county-il"
6,"Other",2014,"2014",48750,49028,"Effingham County, IL","05000US17049","effingham-county-il"
6,"Other",2014,"2014",50417,53671,"Franklin County, IL","05000US17055","franklin-county-il"
6,"Other",2014,"2014",39063,33494,"Grundy County, IL","05000US17063","grundy-county-il"
6,"Other",2014,"2014",42576,14348.999999999998,"Henry County, IL","05000US17073","henry-county-il"
6,"Other",2014,"2014",30000,32595.000000000004,"Iroquois County, IL","05000US17075","iroquois-county-il"
6,"Other",2014,"2014",22344,103087,"Jackson County, IL","05000US17077","jackson-county-il"
6,"Other",2014,"2014",47667,24141,"Jefferson County, IL","05000US17081","jefferson-county-il"
6,"Other",2014,"2014",44774,2336,"Kane County, IL","05000US17089","kane-county-il"
6,"Other",2014,"2014",33583,3827,"Kankakee County, IL","05000US17091","kankakee-county-il"
6,"Other",2014,"2014",53859,11609,"Kendall County, IL","05000US17093","kendall-county-il"
6,"Other",2014,"2014",31750,20566,"Knox County, IL","05000US17095","knox-county-il"
6,"Other",2014,"2014",49550,3078,"Lake County, IL","05000US17097","lake-county-il"
6,"Other",2014,"2014",54010,11091,"LaSalle County, IL","05000US17099","lasalle-county-il"
6,"Other",2014,"2014",55042,52771,"Lee County, IL","05000US17103","lee-county-il"
6,"Other",2014,"2014",41726,10802,"Livingston County, IL","05000US17105","livingston-county-il"
6,"Other",2014,"2014",71111,10096,"Logan County, IL","05000US17107","logan-county-il"
6,"Other",2014,"2014",55568,50917,"McDonough County, IL","05000US17109","mcdonough-county-il"
6,"Other",2014,"2014",51702,12195,"McHenry County, IL","05000US17111","mchenry-county-il"
6,"Other",2014,"2014",52000,12700,"McLean County, IL","05000US17113","mclean-county-il"
6,"Other",2014,"2014",58000,41427,"Macon County, IL","05000US17115","macon-county-il"
6,"Other",2014,"2014",46667,13378,"Macoupin County, IL","05000US17117","macoupin-county-il"
6,"Other",2014,"2014",70179,61262.00000000001,"Madison County, IL","05000US17119","madison-county-il"
6,"Other",2014,"2014",38875,38636,"Marion County, IL","05000US17121","marion-county-il"
6,"Other",2014,"2014",17250,33170,"Marshall County, IL","05000US17123","marshall-county-il"
6,"Other",2014,"2014",47750,36935,"Mercer County, IL","05000US17131","mercer-county-il"
6,"Other",2014,"2014",60625,19047,"Ogle County, IL","05000US17141","ogle-county-il"
6,"Other",2014,"2014",46479,7455,"Peoria County, IL","05000US17143","peoria-county-il"
6,"Other",2014,"2014",42344,27009,"Putnam County, IL","05000US17155","putnam-county-il"
6,"Other",2014,"2014",19737,38419,"Randolph County, IL","05000US17157","randolph-county-il"
6,"Other",2014,"2014",41875,5179,"Rock Island County, IL","05000US17161","rock-island-county-il"
6,"Other",2014,"2014",44509,15960,"St. Clair County, IL","05000US17163","st-clair-county-il"
6,"Other",2014,"2014",79276,59098,"Sangamon County, IL","05000US17167","sangamon-county-il"
6,"Other",2014,"2014",69750,29879,"Tazewell County, IL","05000US17179","tazewell-county-il"
6,"Other",2014,"2014",14250,10303,"Union County, IL","05000US17181","union-county-il"
6,"Other",2014,"2014",46667,21583,"Vermilion County, IL","05000US17183","vermilion-county-il"
6,"Other",2014,"2014",11921,47980,"Warren County, IL","05000US17187","warren-county-il"
6,"Other",2014,"2014",30938,7170,"Washington County, IL","05000US17189","washington-county-il"
6,"Other",2014,"2014",43108,8866,"Whiteside County, IL","05000US17195","whiteside-county-il"
6,"Other",2014,"2014",54279,5169,"Will County, IL","05000US17197","will-county-il"
6,"Other",2014,"2014",27986,26471,"Williamson County, IL","05000US17199","williamson-county-il"
6,"Other",2014,"2014",33717,3418.9999999999995,"Winnebago County, IL","05000US17201","winnebago-county-il"
6,"Other",2014,"2014",72614,52386,"Woodford County, IL","05000US17203","woodford-county-il"
7,"Two Or More",2014,"2014",21726,14438.000000000002,"Adams County, IL","05000US17001","adams-county-il"
7,"Two Or More",2014,"2014",45357,25997,"Alexander County, IL","05000US17003","alexander-county-il"
7,"Two Or More",2014,"2014",25882,60422.00000000001,"Bond County, IL","05000US17005","bond-county-il"
7,"Two Or More",2014,"2014",86004,40179,"Boone County, IL","05000US17007","boone-county-il"
7,"Two Or More",2014,"2014",95660,44561,"Brown County, IL","05000US17009","brown-county-il"
7,"Two Or More",2014,"2014",46250,56631,"Bureau County, IL","05000US17011","bureau-county-il"
7,"Two Or More",2014,"2014",8500,7358.999999999999,"Calhoun County, IL","05000US17013","calhoun-county-il"
7,"Two Or More",2014,"2014",24545,59342,"Carroll County, IL","05000US17015","carroll-county-il"
7,"Two Or More",2014,"2014",20865,1914,"Cass County, IL","05000US17017","cass-county-il"
7,"Two Or More",2014,"2014",35777,6892,"Champaign County, IL","05000US17019","champaign-county-il"
7,"Two Or More",2014,"2014",44649,43662,"Christian County, IL","05000US17021","christian-county-il"
7,"Two Or More",2014,"2014",132981,111698.00000000001,"Clark County, IL","05000US17023","clark-county-il"
7,"Two Or More",2014,"2014",17708,24264,"Clay County, IL","05000US17025","clay-county-il"
7,"Two Or More",2014,"2014",9432,21934,"Clinton County, IL","05000US17027","clinton-county-il"
7,"Two Or More",2014,"2014",20714,6777,"Coles County, IL","05000US17029","coles-county-il"
7,"Two Or More",2014,"2014",51647,2286,"Cook County, IL","05000US17031","cook-county-il"
7,"Two Or More",2014,"2014",22841,13058,"Crawford County, IL","05000US17033","crawford-county-il"
7,"Two Or More",2014,"2014",27635,9193,"DeKalb County, IL","05000US17037","dekalb-county-il"
7,"Two Or More",2014,"2014",24531,19987,"De Witt County, IL","05000US17039","de-witt-county-il"
7,"Two Or More",2014,"2014",38750,22075,"Douglas County, IL","05000US17041","douglas-county-il"
7,"Two Or More",2014,"2014",61959,4806,"DuPage County, IL","05000US17043","dupage-county-il"
7,"Two Or More",2014,"2014",27778,19211,"Edgar County, IL","05000US17045","edgar-county-il"
7,"Two Or More",2014,"2014",5625,76493,"Edwards County, IL","05000US17047","edwards-county-il"
7,"Two Or More",2014,"2014",95769,43825,"Effingham County, IL","05000US17049","effingham-county-il"
7,"Two Or More",2014,"2014",10000,38632,"Fayette County, IL","05000US17051","fayette-county-il"
7,"Two Or More",2014,"2014",76250,22756,"Ford County, IL","05000US17053","ford-county-il"
7,"Two Or More",2014,"2014",19355,6525,"Franklin County, IL","05000US17055","franklin-county-il"
7,"Two Or More",2014,"2014",62000,60126.00000000001,"Fulton County, IL","05000US17057","fulton-county-il"
7,"Two Or More",2014,"2014",16786,8105,"Gallatin County, IL","05000US17059","gallatin-county-il"
7,"Two Or More",2014,"2014",41250,37694,"Greene County, IL","05000US17061","greene-county-il"
7,"Two Or More",2014,"2014",40708,17299,"Grundy County, IL","05000US17063","grundy-county-il"
7,"Two Or More",2014,"2014",31083,3133,"Hancock County, IL","05000US17067","hancock-county-il"
7,"Two Or More",2014,"2014",49500,409997,"Hardin County, IL","05000US17069","hardin-county-il"
7,"Two Or More",2014,"2014",15833,59171.99999999999,"Henderson County, IL","05000US17071","henderson-county-il"
7,"Two Or More",2014,"2014",29750,63075,"Henry County, IL","05000US17073","henry-county-il"
7,"Two Or More",2014,"2014",50625,17683,"Iroquois County, IL","05000US17075","iroquois-county-il"
7,"Two Or More",2014,"2014",19051,2909,"Jackson County, IL","05000US17077","jackson-county-il"
7,"Two Or More",2014,"2014",26250,22531,"Jasper County, IL","05000US17079","jasper-county-il"
7,"Two Or More",2014,"2014",19250,1567,"Jefferson County, IL","05000US17081","jefferson-county-il"
7,"Two Or More",2014,"2014",75417,89355,"Jo Daviess County, IL","05000US17085","jo-daviess-county-il"
7,"Two Or More",2014,"2014",35938,36736,"Johnson County, IL","05000US17087","johnson-county-il"
7,"Two Or More",2014,"2014",65272,14752.000000000002,"Kane County, IL","05000US17089","kane-county-il"
7,"Two Or More",2014,"2014",36591,27347,"Kankakee County, IL","05000US17091","kankakee-county-il"
7,"Two Or More",2014,"2014",71675,16911,"Kendall County, IL","05000US17093","kendall-county-il"
7,"Two Or More",2014,"2014",28523,16572,"Knox County, IL","05000US17095","knox-county-il"
7,"Two Or More",2014,"2014",55268,8950,"Lake County, IL","05000US17097","lake-county-il"
7,"Two Or More",2014,"2014",56875,43861,"LaSalle County, IL","05000US17099","lasalle-county-il"
7,"Two Or More",2014,"2014",16563,12902,"Lawrence County, IL","05000US17101","lawrence-county-il"
7,"Two Or More",2014,"2014",42083,15933.000000000002,"Lee County, IL","05000US17103","lee-county-il"
7,"Two Or More",2014,"2014",35833,80253,"Livingston County, IL","05000US17105","livingston-county-il"
7,"Two Or More",2014,"2014",28589,6583,"Logan County, IL","05000US17107","logan-county-il"
7,"Two Or More",2014,"2014",35000,21506,"McDonough County, IL","05000US17109","mcdonough-county-il"
7,"Two Or More",2014,"2014",68548,13882,"McHenry County, IL","05000US17111","mchenry-county-il"
7,"Two Or More",2014,"2014",58292,12705,"McLean County, IL","05000US17113","mclean-county-il"
7,"Two Or More",2014,"2014",31875,8469,"Macon County, IL","05000US17115","macon-county-il"
7,"Two Or More",2014,"2014",41667,16294,"Macoupin County, IL","05000US17117","macoupin-county-il"
7,"Two Or More",2014,"2014",50386,10419,"Madison County, IL","05000US17119","madison-county-il"
7,"Two Or More",2014,"2014",36607,9944,"Marion County, IL","05000US17121","marion-county-il"
7,"Two Or More",2014,"2014",21719,21818,"Marshall County, IL","05000US17123","marshall-county-il"
7,"Two Or More",2014,"2014",83625,49638,"Massac County, IL","05000US17127","massac-county-il"
7,"Two Or More",2014,"2014",22083,182459,"Menard County, IL","05000US17129","menard-county-il"
7,"Two Or More",2014,"2014",46667,74618,"Mercer County, IL","05000US17131","mercer-county-il"
7,"Two Or More",2014,"2014",250001,,"Monroe County, IL","05000US17133","monroe-county-il"
7,"Two Or More",2014,"2014",9565,8231,"Montgomery County, IL","05000US17135","montgomery-county-il"
7,"Two Or More",2014,"2014",43125,41428,"Morgan County, IL","05000US17137","morgan-county-il"
7,"Two Or More",2014,"2014",32237,14855,"Ogle County, IL","05000US17141","ogle-county-il"
7,"Two Or More",2014,"2014",32026,13794,"Peoria County, IL","05000US17143","peoria-county-il"
7,"Two Or More",2014,"2014",31364,9352,"Perry County, IL","05000US17145","perry-county-il"
7,"Two Or More",2014,"2014",36705,10548,"Piatt County, IL","05000US17147","piatt-county-il"
7,"Two Or More",2014,"2014",27500,10487,"Pike County, IL","05000US17149","pike-county-il"
7,"Two Or More",2014,"2014",18750,26913,"Pulaski County, IL","05000US17153","pulaski-county-il"
7,"Two Or More",2014,"2014",38750,40771,"Randolph County, IL","05000US17157","randolph-county-il"
7,"Two Or More",2014,"2014",40625,15275.999999999998,"Richland County, IL","05000US17159","richland-county-il"
7,"Two Or More",2014,"2014",39028,5701,"Rock Island County, IL","05000US17161","rock-island-county-il"
7,"Two Or More",2014,"2014",46128,14565,"St. Clair County, IL","05000US17163","st-clair-county-il"
7,"Two Or More",2014,"2014",31375,7235,"Saline County, IL","05000US17165","saline-county-il"
7,"Two Or More",2014,"2014",51372,13232,"Sangamon County, IL","05000US17167","sangamon-county-il"
7,"Two Or More",2014,"2014",2499,,"Scott County, IL","05000US17171","scott-county-il"
7,"Two Or More",2014,"2014",31786,64083.00000000001,"Shelby County, IL","05000US17173","shelby-county-il"
7,"Two Or More",2014,"2014",35313,6775.999999999999,"Stark County, IL","05000US17175","stark-county-il"
7,"Two Or More",2014,"2014",42784,37926,"Stephenson County, IL","05000US17177","stephenson-county-il"
7,"Two Or More",2014,"2014",27303,10923,"Tazewell County, IL","05000US17179","tazewell-county-il"
7,"Two Or More",2014,"2014",30500,13458,"Union County, IL","05000US17181","union-county-il"
7,"Two Or More",2014,"2014",16650,21388,"Vermilion County, IL","05000US17183","vermilion-county-il"
7,"Two Or More",2014,"2014",80121,8602,"Wabash County, IL","05000US17185","wabash-county-il"
7,"Two Or More",2014,"2014",34688,22747,"Warren County, IL","05000US17187","warren-county-il"
7,"Two Or More",2014,"2014",54167,39182,"Washington County, IL","05000US17189","washington-county-il"
7,"Two Or More",2014,"2014",42955,57145.00000000001,"Wayne County, IL","05000US17191","wayne-county-il"
7,"Two Or More",2014,"2014",180556,143416,"White County, IL","05000US17193","white-county-il"
7,"Two Or More",2014,"2014",38140,4808,"Whiteside County, IL","05000US17195","whiteside-county-il"
7,"Two Or More",2014,"2014",74647,8986,"Will County, IL","05000US17197","will-county-il"
7,"Two Or More",2014,"2014",30344,12865,"Williamson County, IL","05000US17199","williamson-county-il"
7,"Two Or More",2014,"2014",37515,9995,"Winnebago County, IL","05000US17201","winnebago-county-il"
7,"Two Or More",2014,"2014",36765,4303,"Woodford County, IL","05000US17203","woodford-county-il"
8,"White Non-Hispanic",2014,"2014",45907,1353,"Adams County, IL","05000US17001","adams-county-il"
8,"White Non-Hispanic",2014,"2014",31875,5368,"Alexander County, IL","05000US17003","alexander-county-il"
8,"White Non-Hispanic",2014,"2014",48886,5430,"Bond County, IL","05000US17005","bond-county-il"
8,"White Non-Hispanic",2014,"2014",60720,3320,"Boone County, IL","05000US17007","boone-county-il"
8,"White Non-Hispanic",2014,"2014",46620,8248,"Brown County, IL","05000US17009","brown-county-il"
8,"White Non-Hispanic",2014,"2014",49982,1835.9999999999998,"Bureau County, IL","05000US17011","bureau-county-il"
8,"White Non-Hispanic",2014,"2014",53347,5378,"Calhoun County, IL","05000US17013","calhoun-county-il"
8,"White Non-Hispanic",2014,"2014",50041,2751,"Carroll County, IL","05000US17015","carroll-county-il"
8,"White Non-Hispanic",2014,"2014",51439,2576,"Cass County, IL","05000US17017","cass-county-il"
8,"White Non-Hispanic",2014,"2014",53527,1726.9999999999998,"Champaign County, IL","05000US17019","champaign-county-il"
8,"White Non-Hispanic",2014,"2014",45905,2621,"Christian County, IL","05000US17021","christian-county-il"
8,"White Non-Hispanic",2014,"2014",50271,2427,"Clark County, IL","05000US17023","clark-county-il"
8,"White Non-Hispanic",2014,"2014",43170,3125,"Clay County, IL","05000US17025","clay-county-il"
8,"White Non-Hispanic",2014,"2014",63348,1948.0000000000002,"Clinton County, IL","05000US17027","clinton-county-il"
8,"White Non-Hispanic",2014,"2014",39642,2080,"Coles County, IL","05000US17029","coles-county-il"
8,"White Non-Hispanic",2014,"2014",70215,503,"Cook County, IL","05000US17031","cook-county-il"
8,"White Non-Hispanic",2014,"2014",46938,3396,"Crawford County, IL","05000US17033","crawford-county-il"
8,"White Non-Hispanic",2014,"2014",44270,3830.0000000000005,"Cumberland County, IL","05000US17035","cumberland-county-il"
8,"White Non-Hispanic",2014,"2014",57123,1294,"DeKalb County, IL","05000US17037","dekalb-county-il"
8,"White Non-Hispanic",2014,"2014",53784,4028,"De Witt County, IL","05000US17039","de-witt-county-il"
8,"White Non-Hispanic",2014,"2014",53070,2928,"Douglas County, IL","05000US17041","douglas-county-il"
8,"White Non-Hispanic",2014,"2014",83216,938,"DuPage County, IL","05000US17043","dupage-county-il"
8,"White Non-Hispanic",2014,"2014",43164,2812,"Edgar County, IL","05000US17045","edgar-county-il"
8,"White Non-Hispanic",2014,"2014",42864,3199,"Edwards County, IL","05000US17047","edwards-county-il"
8,"White Non-Hispanic",2014,"2014",52184,1711,"Effingham County, IL","05000US17049","effingham-county-il"
8,"White Non-Hispanic",2014,"2014",44843,1978.0000000000002,"Fayette County, IL","05000US17051","fayette-county-il"
8,"White Non-Hispanic",2014,"2014",48883,3145,"Ford County, IL","05000US17053","ford-county-il"
8,"White Non-Hispanic",2014,"2014",37659,1450,"Franklin County, IL","05000US17055","franklin-county-il"
8,"White Non-Hispanic",2014,"2014",46036,1792,"Fulton County, IL","05000US17057","fulton-county-il"
8,"White Non-Hispanic",2014,"2014",41074,3236,"Gallatin County, IL","05000US17059","gallatin-county-il"
8,"White Non-Hispanic",2014,"2014",43422,1538,"Greene County, IL","05000US17061","greene-county-il"
8,"White Non-Hispanic",2014,"2014",67538,4028,"Grundy County, IL","05000US17063","grundy-county-il"
8,"White Non-Hispanic",2014,"2014",41398,6610,"Hamilton County, IL","05000US17065","hamilton-county-il"
8,"White Non-Hispanic",2014,"2014",45911,2839,"Hancock County, IL","05000US17067","hancock-county-il"
8,"White Non-Hispanic",2014,"2014",38036,4435,"Hardin County, IL","05000US17069","hardin-county-il"
8,"White Non-Hispanic",2014,"2014",48301,4368,"Henderson County, IL","05000US17071","henderson-county-il"
8,"White Non-Hispanic",2014,"2014",53168,1182,"Henry County, IL","05000US17073","henry-county-il"
8,"White Non-Hispanic",2014,"2014",47647,1809,"Iroquois County, IL","05000US17075","iroquois-county-il"
8,"White Non-Hispanic",2014,"2014",38465,2198,"Jackson County, IL","05000US17077","jackson-county-il"
8,"White Non-Hispanic",2014,"2014",54118,2968,"Jasper County, IL","05000US17079","jasper-county-il"
8,"White Non-Hispanic",2014,"2014",44500,1741,"Jefferson County, IL","05000US17081","jefferson-county-il"
8,"White Non-Hispanic",2014,"2014",54091,1878.9999999999998,"Jersey County, IL","05000US17083","jersey-county-il"
8,"White Non-Hispanic",2014,"2014",52090,1888.9999999999998,"Jo Daviess County, IL","05000US17085","jo-daviess-county-il"
8,"White Non-Hispanic",2014,"2014",41592,2458,"Johnson County, IL","05000US17087","johnson-county-il"
8,"White Non-Hispanic",2014,"2014",82296,1572,"Kane County, IL","05000US17089","kane-county-il"
8,"White Non-Hispanic",2014,"2014",56937,1939,"Kankakee County, IL","05000US17091","kankakee-county-il"
8,"White Non-Hispanic",2014,"2014",89236,4579,"Kendall County, IL","05000US17093","kendall-county-il"
8,"White Non-Hispanic",2014,"2014",41335,1631,"Knox County, IL","05000US17095","knox-county-il"
8,"White Non-Hispanic",2014,"2014",88987,1489,"Lake County, IL","05000US17097","lake-county-il"
8,"White Non-Hispanic",2014,"2014",51952,1470,"LaSalle County, IL","05000US17099","lasalle-county-il"
8,"White Non-Hispanic",2014,"2014",39759,3912,"Lawrence County, IL","05000US17101","lawrence-county-il"
8,"White Non-Hispanic",2014,"2014",52992,2507,"Lee County, IL","05000US17103","lee-county-il"
8,"White Non-Hispanic",2014,"2014",55083,2363,"Livingston County, IL","05000US17105","livingston-county-il"
8,"White Non-Hispanic",2014,"2014",51371,1751,"Logan County, IL","05000US17107","logan-county-il"
8,"White Non-Hispanic",2014,"2014",38196,2827,"McDonough County, IL","05000US17109","mcdonough-county-il"
8,"White Non-Hispanic",2014,"2014",78433,1855.9999999999998,"McHenry County, IL","05000US17111","mchenry-county-il"
8,"White Non-Hispanic",2014,"2014",65282,1556,"McLean County, IL","05000US17113","mclean-county-il"
8,"White Non-Hispanic",2014,"2014",50991,1387,"Macon County, IL","05000US17115","macon-county-il"
8,"White Non-Hispanic",2014,"2014",50884,2233,"Macoupin County, IL","05000US17117","macoupin-county-il"
8,"White Non-Hispanic",2014,"2014",56671,1307,"Madison County, IL","05000US17119","madison-county-il"
8,"White Non-Hispanic",2014,"2014",42582,1771,"Marion County, IL","05000US17121","marion-county-il"
8,"White Non-Hispanic",2014,"2014",54083,1700.0000000000002,"Marshall County, IL","05000US17123","marshall-county-il"
8,"White Non-Hispanic",2014,"2014",42429,2727,"Mason County, IL","05000US17125","mason-county-il"
8,"White Non-Hispanic",2014,"2014",44068,2275,"Massac County, IL","05000US17127","massac-county-il"
8,"White Non-Hispanic",2014,"2014",59871,2402,"Menard County, IL","05000US17129","menard-county-il"
8,"White Non-Hispanic",2014,"2014",51361,3226,"Mercer County, IL","05000US17131","mercer-county-il"
8,"White Non-Hispanic",2014,"2014",70395,3071,"Monroe County, IL","05000US17133","monroe-county-il"
8,"White Non-Hispanic",2014,"2014",44763,2673,"Montgomery County, IL","05000US17135","montgomery-county-il"
8,"White Non-Hispanic",2014,"2014",49159,2876,"Morgan County, IL","05000US17137","morgan-county-il"
8,"White Non-Hispanic",2014,"2014",47965,4625,"Moultrie County, IL","05000US17139","moultrie-county-il"
8,"White Non-Hispanic",2014,"2014",57747,2256,"Ogle County, IL","05000US17141","ogle-county-il"
8,"White Non-Hispanic",2014,"2014",56871,1363,"Peoria County, IL","05000US17143","peoria-county-il"
8,"White Non-Hispanic",2014,"2014",42308,2958,"Perry County, IL","05000US17145","perry-county-il"
8,"White Non-Hispanic",2014,"2014",63576,4448,"Piatt County, IL","05000US17147","piatt-county-il"
8,"White Non-Hispanic",2014,"2014",38988,1536,"Pike County, IL","05000US17149","pike-county-il"
8,"White Non-Hispanic",2014,"2014",38871,3442,"Pope County, IL","05000US17151","pope-county-il"
8,"White Non-Hispanic",2014,"2014",39265,7074,"Pulaski County, IL","05000US17153","pulaski-county-il"
8,"White Non-Hispanic",2014,"2014",55398,3470.0000000000005,"Putnam County, IL","05000US17155","putnam-county-il"
8,"White Non-Hispanic",2014,"2014",49355,2483,"Randolph County, IL","05000US17157","randolph-county-il"
8,"White Non-Hispanic",2014,"2014",44707,2228,"Richland County, IL","05000US17159","richland-county-il"
8,"White Non-Hispanic",2014,"2014",51064,1074,"Rock Island County, IL","05000US17161","rock-island-county-il"
8,"White Non-Hispanic",2014,"2014",62216,1387,"St. Clair County, IL","05000US17163","st-clair-county-il"
8,"White Non-Hispanic",2014,"2014",39933,2587,"Saline County, IL","05000US17165","saline-county-il"
8,"White Non-Hispanic",2014,"2014",60556,1082,"Sangamon County, IL","05000US17167","sangamon-county-il"
8,"White Non-Hispanic",2014,"2014",47628,2680,"Schuyler County, IL","05000US17169","schuyler-county-il"
8,"White Non-Hispanic",2014,"2014",48575,4332,"Scott County, IL","05000US17171","scott-county-il"
8,"White Non-Hispanic",2014,"2014",47482,3386,"Shelby County, IL","05000US17173","shelby-county-il"
8,"White Non-Hispanic",2014,"2014",53710,4636,"Stark County, IL","05000US17175","stark-county-il"
8,"White Non-Hispanic",2014,"2014",47047,1860,"Stephenson County, IL","05000US17177","stephenson-county-il"
8,"White Non-Hispanic",2014,"2014",57269,1409,"Tazewell County, IL","05000US17179","tazewell-county-il"
8,"White Non-Hispanic",2014,"2014",43012,3264,"Union County, IL","05000US17181","union-county-il"
8,"White Non-Hispanic",2014,"2014",45790,1237,"Vermilion County, IL","05000US17183","vermilion-county-il"
8,"White Non-Hispanic",2014,"2014",47665,3572.0000000000005,"Wabash County, IL","05000US17185","wabash-county-il"
8,"White Non-Hispanic",2014,"2014",45096,3411,"Warren County, IL","05000US17187","warren-county-il"
8,"White Non-Hispanic",2014,"2014",53396,3582.0000000000005,"Washington County, IL","05000US17189","washington-county-il"
8,"White Non-Hispanic",2014,"2014",45086,2236,"Wayne County, IL","05000US17191","wayne-county-il"
8,"White Non-Hispanic",2014,"2014",44790,3463.9999999999995,"White County, IL","05000US17193","white-county-il"
8,"White Non-Hispanic",2014,"2014",49123,2011.0000000000002,"Whiteside County, IL","05000US17195","whiteside-county-il"
8,"White Non-Hispanic",2014,"2014",81026,1102,"Will County, IL","05000US17197","will-county-il"
8,"White Non-Hispanic",2014,"2014",44744,1725.0000000000002,"Williamson County, IL","05000US17199","williamson-county-il"
8,"White Non-Hispanic",2014,"2014",52463,1031,"Winnebago County, IL","05000US17201","winnebago-county-il"
8,"White Non-Hispanic",2014,"2014",68684,3118,"Woodford County, IL","05000US17203","woodford-county-il"
9,"Hispanic",2014,"2014",61250,13996,"Adams County, IL","05000US17001","adams-county-il"
9,"Hispanic",2014,"2014",28750,30923,"Alexander County, IL","05000US17003","alexander-county-il"
9,"Hispanic",2014,"2014",11607,84423,"Bond County, IL","05000US17005","bond-county-il"
9,"Hispanic",2014,"2014",50938,11201,"Boone County, IL","05000US17007","boone-county-il"
9,"Hispanic",2014,"2014",38816,11292,"Bureau County, IL","05000US17011","bureau-county-il"
9,"Hispanic",2014,"2014",47917,24173,"Carroll County, IL","05000US17015","carroll-county-il"
9,"Hispanic",2014,"2014",37165,5683,"Cass County, IL","05000US17017","cass-county-il"
9,"Hispanic",2014,"2014",33975,8785,"Champaign County, IL","05000US17019","champaign-county-il"
9,"Hispanic",2014,"2014",66250,24841,"Christian County, IL","05000US17021","christian-county-il"
9,"Hispanic",2014,"2014",56500,11674,"Clay County, IL","05000US17025","clay-county-il"
9,"Hispanic",2014,"2014",73125,45521,"Clinton County, IL","05000US17027","clinton-county-il"
9,"Hispanic",2014,"2014",16406,17019,"Coles County, IL","05000US17029","coles-county-il"
9,"Hispanic",2014,"2014",45147,579,"Cook County, IL","05000US17031","cook-county-il"
9,"Hispanic",2014,"2014",14032,821,"Crawford County, IL","05000US17033","crawford-county-il"
9,"Hispanic",2014,"2014",34827,10123,"DeKalb County, IL","05000US17037","dekalb-county-il"
9,"Hispanic",2014,"2014",40363,42234,"De Witt County, IL","05000US17039","de-witt-county-il"
9,"Hispanic",2014,"2014",40805,4973,"Douglas County, IL","05000US17041","douglas-county-il"
9,"Hispanic",2014,"2014",57076,2141,"DuPage County, IL","05000US17043","dupage-county-il"
9,"Hispanic",2014,"2014",13929,22792,"Edgar County, IL","05000US17045","edgar-county-il"
9,"Hispanic",2014,"2014",2499,,"Edwards County, IL","05000US17047","edwards-county-il"
9,"Hispanic",2014,"2014",57250,33506,"Effingham County, IL","05000US17049","effingham-county-il"
9,"Hispanic",2014,"2014",20208,17977,"Fayette County, IL","05000US17051","fayette-county-il"
9,"Hispanic",2014,"2014",43409,24344,"Ford County, IL","05000US17053","ford-county-il"
9,"Hispanic",2014,"2014",27500,18310,"Franklin County, IL","05000US17055","franklin-county-il"
9,"Hispanic",2014,"2014",21827,23654,"Fulton County, IL","05000US17057","fulton-county-il"
9,"Hispanic",2014,"2014",58227,5218,"Grundy County, IL","05000US17063","grundy-county-il"
9,"Hispanic",2014,"2014",63571,76573,"Hancock County, IL","05000US17067","hancock-county-il"
9,"Hispanic",2014,"2014",123750,67534,"Henderson County, IL","05000US17071","henderson-county-il"
9,"Hispanic",2014,"2014",43634,7348.999999999999,"Henry County, IL","05000US17073","henry-county-il"
9,"Hispanic",2014,"2014",39948,8196,"Iroquois County, IL","05000US17075","iroquois-county-il"
9,"Hispanic",2014,"2014",18629,11054,"Jackson County, IL","05000US17077","jackson-county-il"
9,"Hispanic",2014,"2014",49417,11471,"Jefferson County, IL","05000US17081","jefferson-county-il"
9,"Hispanic",2014,"2014",59861,165760,"Jersey County, IL","05000US17083","jersey-county-il"
9,"Hispanic",2014,"2014",37057,53122,"Jo Daviess County, IL","05000US17085","jo-daviess-county-il"
9,"Hispanic",2014,"2014",45625,37987,"Johnson County, IL","05000US17087","johnson-county-il"
9,"Hispanic",2014,"2014",48579,1759,"Kane County, IL","05000US17089","kane-county-il"
9,"Hispanic",2014,"2014",43177,7699,"Kankakee County, IL","05000US17091","kankakee-county-il"
9,"Hispanic",2014,"2014",58135,7403,"Kendall County, IL","05000US17093","kendall-county-il"
9,"Hispanic",2014,"2014",31142,4940,"Knox County, IL","05000US17095","knox-county-il"
9,"Hispanic",2014,"2014",49553,1432,"Lake County, IL","05000US17097","lake-county-il"
9,"Hispanic",2014,"2014",48859,2975,"LaSalle County, IL","05000US17099","lasalle-county-il"
9,"Hispanic",2014,"2014",53889,66015,"Lawrence County, IL","05000US17101","lawrence-county-il"
9,"Hispanic",2014,"2014",40425,16070,"Lee County, IL","05000US17103","lee-county-il"
9,"Hispanic",2014,"2014",30833,27072.999999999996,"Livingston County, IL","05000US17105","livingston-county-il"
9,"Hispanic",2014,"2014",54500,33096,"Logan County, IL","05000US17107","logan-county-il"
9,"Hispanic",2014,"2014",37000,30026,"McDonough County, IL","05000US17109","mcdonough-county-il"
9,"Hispanic",2014,"2014",56575,5756,"McHenry County, IL","05000US17111","mchenry-county-il"
9,"Hispanic",2014,"2014",39918,5841,"McLean County, IL","05000US17113","mclean-county-il"
9,"Hispanic",2014,"2014",45893,17557,"Macon County, IL","05000US17115","macon-county-il"
9,"Hispanic",2014,"2014",72813,32984,"Macoupin County, IL","05000US17117","macoupin-county-il"
9,"Hispanic",2014,"2014",47464,9667,"Madison County, IL","05000US17119","madison-county-il"
9,"Hispanic",2014,"2014",26875,20296,"Marion County, IL","05000US17121","marion-county-il"
9,"Hispanic",2014,"2014",59500,11401,"Marshall County, IL","05000US17123","marshall-county-il"
9,"Hispanic",2014,"2014",54554,101870,"Mason County, IL","05000US17125","mason-county-il"
9,"Hispanic",2014,"2014",81442,41221,"Massac County, IL","05000US17127","massac-county-il"
9,"Hispanic",2014,"2014",42857,9402,"Mercer County, IL","05000US17131","mercer-county-il"
9,"Hispanic",2014,"2014",53920,14799,"Monroe County, IL","05000US17133","monroe-county-il"
9,"Hispanic",2014,"2014",150938,170357,"Montgomery County, IL","05000US17135","montgomery-county-il"
9,"Hispanic",2014,"2014",21797,29821,"Morgan County, IL","05000US17137","morgan-county-il"
9,"Hispanic",2014,"2014",29688,4733,"Moultrie County, IL","05000US17139","moultrie-county-il"
9,"Hispanic",2014,"2014",37652,5813,"Ogle County, IL","05000US17141","ogle-county-il"
9,"Hispanic",2014,"2014",44146,5545,"Peoria County, IL","05000US17143","peoria-county-il"
9,"Hispanic",2014,"2014",29911,36187,"Perry County, IL","05000US17145","perry-county-il"
9,"Hispanic",2014,"2014",55833,28234,"Piatt County, IL","05000US17147","piatt-county-il"
9,"Hispanic",2014,"2014",39000,27836,"Pike County, IL","05000US17149","pike-county-il"
9,"Hispanic",2014,"2014",16591,7935,"Pulaski County, IL","05000US17153","pulaski-county-il"
9,"Hispanic",2014,"2014",51667,29204.000000000004,"Putnam County, IL","05000US17155","putnam-county-il"
9,"Hispanic",2014,"2014",68889,78605,"Randolph County, IL","05000US17157","randolph-county-il"
9,"Hispanic",2014,"2014",39212,3408.9999999999995,"Rock Island County, IL","05000US17161","rock-island-county-il"
9,"Hispanic",2014,"2014",41667,4428,"St. Clair County, IL","05000US17163","st-clair-county-il"
9,"Hispanic",2014,"2014",24018,28032,"Saline County, IL","05000US17165","saline-county-il"
9,"Hispanic",2014,"2014",39125,10005,"Sangamon County, IL","05000US17167","sangamon-county-il"
9,"Hispanic",2014,"2014",93345,33903,"Schuyler County, IL","05000US17169","schuyler-county-il"
9,"Hispanic",2014,"2014",61250,20784,"Shelby County, IL","05000US17173","shelby-county-il"
9,"Hispanic",2014,"2014",37656,20436,"Stephenson County, IL","05000US17177","stephenson-county-il"
9,"Hispanic",2014,"2014",71500,18526,"Tazewell County, IL","05000US17179","tazewell-county-il"
9,"Hispanic",2014,"2014",33789,6999,"Union County, IL","05000US17181","union-county-il"
9,"Hispanic",2014,"2014",36496,6330,"Vermilion County, IL","05000US17183","vermilion-county-il"
9,"Hispanic",2014,"2014",2499,,"Wabash County, IL","05000US17185","wabash-county-il"
9,"Hispanic",2014,"2014",33438,6782,"Warren County, IL","05000US17187","warren-county-il"
9,"Hispanic",2014,"2014",35694,842,"Washington County, IL","05000US17189","washington-county-il"
9,"Hispanic",2014,"2014",140798,106190,"White County, IL","05000US17193","white-county-il"
9,"Hispanic",2014,"2014",42677,4683,"Whiteside County, IL","05000US17195","whiteside-county-il"
9,"Hispanic",2014,"2014",59554,1985,"Will County, IL","05000US17197","will-county-il"
9,"Hispanic",2014,"2014",47981,23037,"Williamson County, IL","05000US17199","williamson-county-il"
9,"Hispanic",2014,"2014",37508,2622,"Winnebago County, IL","05000US17201","winnebago-county-il"
9,"Hispanic",2014,"2014",44917,52250,"Woodford County, IL","05000US17203","woodford-county-il"
0,"Total",2013,"2013",45073,1653,"Adams County, IL","05000US17001","adams-county-il"
0,"Total",2013,"2013",26972,2037,"Alexander County, IL","05000US17003","alexander-county-il"
0,"Total",2013,"2013",48163,4303,"Bond County, IL","05000US17005","bond-county-il"
0,"Total",2013,"2013",60893,3240,"Boone County, IL","05000US17007","boone-county-il"
0,"Total",2013,"2013",42194,6003,"Brown County, IL","05000US17009","brown-county-il"
0,"Total",2013,"2013",48977,1772,"Bureau County, IL","05000US17011","bureau-county-il"
0,"Total",2013,"2013",50436,3584,"Calhoun County, IL","05000US17013","calhoun-county-il"
0,"Total",2013,"2013",47985,2773,"Carroll County, IL","05000US17015","carroll-county-il"
0,"Total",2013,"2013",45734,3005,"Cass County, IL","05000US17017","cass-county-il"
0,"Total",2013,"2013",45808,1349,"Champaign County, IL","05000US17019","champaign-county-il"
0,"Total",2013,"2013",45145,1999,"Christian County, IL","05000US17021","christian-county-il"
0,"Total",2013,"2013",47405,2891,"Clark County, IL","05000US17023","clark-county-il"
0,"Total",2013,"2013",40640,2890,"Clay County, IL","05000US17025","clay-county-il"
0,"Total",2013,"2013",61720,3004,"Clinton County, IL","05000US17027","clinton-county-il"
0,"Total",2013,"2013",37040,1696,"Coles County, IL","05000US17029","coles-county-il"
0,"Total",2013,"2013",54548,295,"Cook County, IL","05000US17031","cook-county-il"
0,"Total",2013,"2013",46216,2778,"Crawford County, IL","05000US17033","crawford-county-il"
0,"Total",2013,"2013",43958,3389.0000000000005,"Cumberland County, IL","05000US17035","cumberland-county-il"
0,"Total",2013,"2013",53375,1796.0000000000002,"DeKalb County, IL","05000US17037","dekalb-county-il"
0,"Total",2013,"2013",51051,1897.0000000000002,"De Witt County, IL","05000US17039","de-witt-county-il"
0,"Total",2013,"2013",52741,2664,"Douglas County, IL","05000US17041","douglas-county-il"
0,"Total",2013,"2013",78487,922.9999999999999,"DuPage County, IL","05000US17043","dupage-county-il"
0,"Total",2013,"2013",42133,2958,"Edgar County, IL","05000US17045","edgar-county-il"
0,"Total",2013,"2013",39075,3719,"Edwards County, IL","05000US17047","edwards-county-il"
0,"Total",2013,"2013",52108,2079,"Effingham County, IL","05000US17049","effingham-county-il"
0,"Total",2013,"2013",44722,2919,"Fayette County, IL","05000US17051","fayette-county-il"
0,"Total",2013,"2013",48866,3360,"Ford County, IL","05000US17053","ford-county-il"
0,"Total",2013,"2013",36273,1507,"Franklin County, IL","05000US17055","franklin-county-il"
0,"Total",2013,"2013",45130,1705.0000000000002,"Fulton County, IL","05000US17057","fulton-county-il"
0,"Total",2013,"2013",40330,3575.9999999999995,"Gallatin County, IL","05000US17059","gallatin-county-il"
0,"Total",2013,"2013",43502,1944,"Greene County, IL","05000US17061","greene-county-il"
0,"Total",2013,"2013",64541,2765,"Grundy County, IL","05000US17063","grundy-county-il"
0,"Total",2013,"2013",38417,3582.0000000000005,"Hamilton County, IL","05000US17065","hamilton-county-il"
0,"Total",2013,"2013",43925,2882,"Hancock County, IL","05000US17067","hancock-county-il"
0,"Total",2013,"2013",37071,6636,"Hardin County, IL","05000US17069","hardin-county-il"
0,"Total",2013,"2013",49389,5762,"Henderson County, IL","05000US17071","henderson-county-il"
0,"Total",2013,"2013",52940,1465,"Henry County, IL","05000US17073","henry-county-il"
0,"Total",2013,"2013",47079,1677,"Iroquois County, IL","05000US17075","iroquois-county-il"
0,"Total",2013,"2013",33479,1601,"Jackson County, IL","05000US17077","jackson-county-il"
0,"Total",2013,"2013",52233,3531.0000000000005,"Jasper County, IL","05000US17079","jasper-county-il"
0,"Total",2013,"2013",42981,1672,"Jefferson County, IL","05000US17081","jefferson-county-il"
0,"Total",2013,"2013",53954,2474,"Jersey County, IL","05000US17083","jersey-county-il"
0,"Total",2013,"2013",50817,2471,"Jo Daviess County, IL","05000US17085","jo-daviess-county-il"
0,"Total",2013,"2013",40760,2121,"Johnson County, IL","05000US17087","johnson-county-il"
0,"Total",2013,"2013",69530,1443,"Kane County, IL","05000US17089","kane-county-il"
0,"Total",2013,"2013",50102,1882.0000000000002,"Kankakee County, IL","05000US17091","kankakee-county-il"
0,"Total",2013,"2013",81765,2497,"Kendall County, IL","05000US17093","kendall-county-il"
0,"Total",2013,"2013",40667,1489,"Knox County, IL","05000US17095","knox-county-il"
0,"Total",2013,"2013",77469,1040,"Lake County, IL","05000US17097","lake-county-il"
0,"Total",2013,"2013",52640,1297,"LaSalle County, IL","05000US17099","lasalle-county-il"
0,"Total",2013,"2013",40145,2767,"Lawrence County, IL","05000US17101","lawrence-county-il"
0,"Total",2013,"2013",50060,2168,"Lee County, IL","05000US17103","lee-county-il"
0,"Total",2013,"2013",54614,2035,"Livingston County, IL","05000US17105","livingston-county-il"
0,"Total",2013,"2013",47133,2827,"Logan County, IL","05000US17107","logan-county-il"
0,"Total",2013,"2013",36031,3098,"McDonough County, IL","05000US17109","mcdonough-county-il"
0,"Total",2013,"2013",76145,1499,"McHenry County, IL","05000US17111","mchenry-county-il"
0,"Total",2013,"2013",62089,1291,"McLean County, IL","05000US17113","mclean-county-il"
0,"Total",2013,"2013",46559,1201,"Macon County, IL","05000US17115","macon-county-il"
0,"Total",2013,"2013",49590,2010,"Macoupin County, IL","05000US17117","macoupin-county-il"
0,"Total",2013,"2013",53633,809,"Madison County, IL","05000US17119","madison-county-il"
0,"Total",2013,"2013",41010,1641,"Marion County, IL","05000US17121","marion-county-il"
0,"Total",2013,"2013",51504,2064,"Marshall County, IL","05000US17123","marshall-county-il"
0,"Total",2013,"2013",42260,2654,"Mason County, IL","05000US17125","mason-county-il"
0,"Total",2013,"2013",43615,2455,"Massac County, IL","05000US17127","massac-county-il"
0,"Total",2013,"2013",58190,3954.9999999999995,"Menard County, IL","05000US17129","menard-county-il"
0,"Total",2013,"2013",53136,4448,"Mercer County, IL","05000US17131","mercer-county-il"
0,"Total",2013,"2013",68482,3740,"Monroe County, IL","05000US17133","monroe-county-il"
0,"Total",2013,"2013",41952,2334,"Montgomery County, IL","05000US17135","montgomery-county-il"
0,"Total",2013,"2013",46809,2038,"Morgan County, IL","05000US17137","morgan-county-il"
0,"Total",2013,"2013",46622,3840.0000000000005,"Moultrie County, IL","05000US17139","moultrie-county-il"
0,"Total",2013,"2013",54541,1502,"Ogle County, IL","05000US17141","ogle-county-il"
0,"Total",2013,"2013",50712,833,"Peoria County, IL","05000US17143","peoria-county-il"
0,"Total",2013,"2013",42078,3393,"Perry County, IL","05000US17145","perry-county-il"
0,"Total",2013,"2013",63027,2708,"Piatt County, IL","05000US17147","piatt-county-il"
0,"Total",2013,"2013",39845,1985,"Pike County, IL","05000US17149","pike-county-il"
0,"Total",2013,"2013",38371,2752,"Pope County, IL","05000US17151","pope-county-il"
0,"Total",2013,"2013",33717,4467,"Pulaski County, IL","05000US17153","pulaski-county-il"
0,"Total",2013,"2013",54196,5120,"Putnam County, IL","05000US17155","putnam-county-il"
0,"Total",2013,"2013",47427,2145,"Randolph County, IL","05000US17157","randolph-county-il"
0,"Total",2013,"2013",44070,1411,"Richland County, IL","05000US17159","richland-county-il"
0,"Total",2013,"2013",48702,1151,"Rock Island County, IL","05000US17161","rock-island-county-il"
0,"Total",2013,"2013",50578,967,"St. Clair County, IL","05000US17163","st-clair-county-il"
0,"Total",2013,"2013",37800,2025.9999999999998,"Saline County, IL","05000US17165","saline-county-il"
0,"Total",2013,"2013",55449,1277,"Sangamon County, IL","05000US17167","sangamon-county-il"
0,"Total",2013,"2013",48138,5091,"Schuyler County, IL","05000US17169","schuyler-county-il"
0,"Total",2013,"2013",49669,4211,"Scott County, IL","05000US17171","scott-county-il"
0,"Total",2013,"2013",47188,3443,"Shelby County, IL","05000US17173","shelby-county-il"
0,"Total",2013,"2013",54203,3607.0000000000005,"Stark County, IL","05000US17175","stark-county-il"
0,"Total",2013,"2013",43472,2015,"Stephenson County, IL","05000US17177","stephenson-county-il"
0,"Total",2013,"2013",56067,1554,"Tazewell County, IL","05000US17179","tazewell-county-il"
0,"Total",2013,"2013",41848,3340,"Union County, IL","05000US17181","union-county-il"
0,"Total",2013,"2013",41400,1126,"Vermilion County, IL","05000US17183","vermilion-county-il"
0,"Total",2013,"2013",47365,4521,"Wabash County, IL","05000US17185","wabash-county-il"
0,"Total",2013,"2013",43536,2652,"Warren County, IL","05000US17187","warren-county-il"
0,"Total",2013,"2013",52832,2824,"Washington County, IL","05000US17189","washington-county-il"
0,"Total",2013,"2013",43605,2695,"Wayne County, IL","05000US17191","wayne-county-il"
0,"Total",2013,"2013",42914,4207,"White County, IL","05000US17193","white-county-il"
0,"Total",2013,"2013",47667,1609,"Whiteside County, IL","05000US17195","whiteside-county-il"
0,"Total",2013,"2013",76147,844,"Will County, IL","05000US17197","will-county-il"
0,"Total",2013,"2013",43125,1706,"Williamson County, IL","05000US17199","williamson-county-il"
0,"Total",2013,"2013",47072,946.0000000000001,"Winnebago County, IL","05000US17201","winnebago-county-il"
0,"Total",2013,"2013",66639,2936,"Woodford County, IL","05000US17203","woodford-county-il"
1,"White",2013,"2013",45542,1714,"Adams County, IL","05000US17001","adams-county-il"
1,"White",2013,"2013",33348,6406,"Alexander County, IL","05000US17003","alexander-county-il"
1,"White",2013,"2013",48958,4051,"Bond County, IL","05000US17005","bond-county-il"
1,"White",2013,"2013",61182,3197,"Boone County, IL","05000US17007","boone-county-il"
1,"White",2013,"2013",42083,6130,"Brown County, IL","05000US17009","brown-county-il"
1,"White",2013,"2013",48983,1764.9999999999998,"Bureau County, IL","05000US17011","bureau-county-il"
1,"White",2013,"2013",50549,3582.0000000000005,"Calhoun County, IL","05000US17013","calhoun-county-il"
1,"White",2013,"2013",48339,2675,"Carroll County, IL","05000US17015","carroll-county-il"
1,"White",2013,"2013",46975,3038,"Cass County, IL","05000US17017","cass-county-il"
1,"White",2013,"2013",51788,1517,"Champaign County, IL","05000US17019","champaign-county-il"
1,"White",2013,"2013",45405,1992,"Christian County, IL","05000US17021","christian-county-il"
1,"White",2013,"2013",47125,2942,"Clark County, IL","05000US17023","clark-county-il"
1,"White",2013,"2013",40618,2882,"Clay County, IL","05000US17025","clay-county-il"
1,"White",2013,"2013",62669,2635,"Clinton County, IL","05000US17027","clinton-county-il"
1,"White",2013,"2013",37717,1709,"Coles County, IL","05000US17029","coles-county-il"
1,"White",2013,"2013",64674,372,"Cook County, IL","05000US17031","cook-county-il"
1,"White",2013,"2013",47067,2981,"Crawford County, IL","05000US17033","crawford-county-il"
1,"White",2013,"2013",44340,3445.0000000000005,"Cumberland County, IL","05000US17035","cumberland-county-il"
1,"White",2013,"2013",57072,1651,"DeKalb County, IL","05000US17037","dekalb-county-il"
1,"White",2013,"2013",51240,1969,"De Witt County, IL","05000US17039","de-witt-county-il"
1,"White",2013,"2013",53026,2499,"Douglas County, IL","05000US17041","douglas-county-il"
1,"White",2013,"2013",80233,742,"DuPage County, IL","05000US17043","dupage-county-il"
1,"White",2013,"2013",42018,3042,"Edgar County, IL","05000US17045","edgar-county-il"
1,"White",2013,"2013",39058,3739.0000000000005,"Edwards County, IL","05000US17047","edwards-county-il"
1,"White",2013,"2013",52067,2044.0000000000002,"Effingham County, IL","05000US17049","effingham-county-il"
1,"White",2013,"2013",44873,2923,"Fayette County, IL","05000US17051","fayette-county-il"
1,"White",2013,"2013",48847,3344,"Ford County, IL","05000US17053","ford-county-il"
1,"White",2013,"2013",36513,1504,"Franklin County, IL","05000US17055","franklin-county-il"
1,"White",2013,"2013",45181,1774,"Fulton County, IL","05000US17057","fulton-county-il"
1,"White",2013,"2013",40868,3462,"Gallatin County, IL","05000US17059","gallatin-county-il"
1,"White",2013,"2013",43663,1933,"Greene County, IL","05000US17061","greene-county-il"
1,"White",2013,"2013",66102,2834,"Grundy County, IL","05000US17063","grundy-county-il"
1,"White",2013,"2013",37844,3468.9999999999995,"Hamilton County, IL","05000US17065","hamilton-county-il"
1,"White",2013,"2013",44076,2922,"Hancock County, IL","05000US17067","hancock-county-il"
1,"White",2013,"2013",36357,7525.999999999999,"Hardin County, IL","05000US17069","hardin-county-il"
1,"White",2013,"2013",49528,5757,"Henderson County, IL","05000US17071","henderson-county-il"
1,"White",2013,"2013",53113,1473,"Henry County, IL","05000US17073","henry-county-il"
1,"White",2013,"2013",47282,2024,"Iroquois County, IL","05000US17075","iroquois-county-il"
1,"White",2013,"2013",38275,1602,"Jackson County, IL","05000US17077","jackson-county-il"
1,"White",2013,"2013",52568,3435.0000000000005,"Jasper County, IL","05000US17079","jasper-county-il"
1,"White",2013,"2013",44571,1749,"Jefferson County, IL","05000US17081","jefferson-county-il"
1,"White",2013,"2013",53680,2357,"Jersey County, IL","05000US17083","jersey-county-il"
1,"White",2013,"2013",51012,2447,"Jo Daviess County, IL","05000US17085","jo-daviess-county-il"
1,"White",2013,"2013",40892,2070,"Johnson County, IL","05000US17087","johnson-county-il"
1,"White",2013,"2013",76413,1478,"Kane County, IL","05000US17089","kane-county-il"
1,"White",2013,"2013",55667,1969.9999999999998,"Kankakee County, IL","05000US17091","kankakee-county-il"
1,"White",2013,"2013",83557,3207,"Kendall County, IL","05000US17093","kendall-county-il"
1,"White",2013,"2013",41756,1709,"Knox County, IL","05000US17095","knox-county-il"
1,"White",2013,"2013",81955,968,"Lake County, IL","05000US17097","lake-county-il"
1,"White",2013,"2013",52638,1396,"LaSalle County, IL","05000US17099","lasalle-county-il"
1,"White",2013,"2013",40348,2637,"Lawrence County, IL","05000US17101","lawrence-county-il"
1,"White",2013,"2013",50458,2084,"Lee County, IL","05000US17103","lee-county-il"
1,"White",2013,"2013",54923,1959.9999999999998,"Livingston County, IL","05000US17105","livingston-county-il"
1,"White",2013,"2013",49217,2849,"Logan County, IL","05000US17107","logan-county-il"
1,"White",2013,"2013",36836,2996,"McDonough County, IL","05000US17109","mcdonough-county-il"
1,"White",2013,"2013",76627,1575,"McHenry County, IL","05000US17111","mchenry-county-il"
1,"White",2013,"2013",63733,1371,"McLean County, IL","05000US17113","mclean-county-il"
1,"White",2013,"2013",50827,1321,"Macon County, IL","05000US17115","macon-county-il"
1,"White",2013,"2013",49716,2058,"Macoupin County, IL","05000US17117","macoupin-county-il"
1,"White",2013,"2013",55696,1097,"Madison County, IL","05000US17119","madison-county-il"
1,"White",2013,"2013",41359,1713,"Marion County, IL","05000US17121","marion-county-il"
1,"White",2013,"2013",51924,2052,"Marshall County, IL","05000US17123","marshall-county-il"
1,"White",2013,"2013",42278,2674,"Mason County, IL","05000US17125","mason-county-il"
1,"White",2013,"2013",45087,2356,"Massac County, IL","05000US17127","massac-county-il"
1,"White",2013,"2013",58255,3952,"Menard County, IL","05000US17129","menard-county-il"
1,"White",2013,"2013",53113,4578,"Mercer County, IL","05000US17131","mercer-county-il"
1,"White",2013,"2013",68521,3711,"Monroe County, IL","05000US17133","monroe-county-il"
1,"White",2013,"2013",41747,2342,"Montgomery County, IL","05000US17135","montgomery-county-il"
1,"White",2013,"2013",49156,2493,"Morgan County, IL","05000US17137","morgan-county-il"
1,"White",2013,"2013",46610,3970,"Moultrie County, IL","05000US17139","moultrie-county-il"
1,"White",2013,"2013",54816,1746,"Ogle County, IL","05000US17141","ogle-county-il"
1,"White",2013,"2013",56125,1687.0000000000002,"Peoria County, IL","05000US17143","peoria-county-il"
1,"White",2013,"2013",42261,3468,"Perry County, IL","05000US17145","perry-county-il"
1,"White",2013,"2013",63131,2690,"Piatt County, IL","05000US17147","piatt-county-il"
1,"White",2013,"2013",39938,2047,"Pike County, IL","05000US17149","pike-county-il"
1,"White",2013,"2013",38539,2762,"Pope County, IL","05000US17151","pope-county-il"
1,"White",2013,"2013",40321,4441,"Pulaski County, IL","05000US17153","pulaski-county-il"
1,"White",2013,"2013",54911,5161,"Putnam County, IL","05000US17155","putnam-county-il"
1,"White",2013,"2013",48110,2161,"Randolph County, IL","05000US17157","randolph-county-il"
1,"White",2013,"2013",43993,1382,"Richland County, IL","05000US17159","richland-county-il"
1,"White",2013,"2013",51020,1327,"Rock Island County, IL","05000US17161","rock-island-county-il"
1,"White",2013,"2013",60558,1371,"St. Clair County, IL","05000US17163","st-clair-county-il"
1,"White",2013,"2013",38908,1964.9999999999998,"Saline County, IL","05000US17165","saline-county-il"
1,"White",2013,"2013",59761,1284,"Sangamon County, IL","05000US17167","sangamon-county-il"
1,"White",2013,"2013",47979,5068,"Schuyler County, IL","05000US17169","schuyler-county-il"
1,"White",2013,"2013",49706,4185,"Scott County, IL","05000US17171","scott-county-il"
1,"White",2013,"2013",47431,3544.9999999999995,"Shelby County, IL","05000US17173","shelby-county-il"
1,"White",2013,"2013",54674,4202,"Stark County, IL","05000US17175","stark-county-il"
1,"White",2013,"2013",45372,1898,"Stephenson County, IL","05000US17177","stephenson-county-il"
1,"White",2013,"2013",56518,1615,"Tazewell County, IL","05000US17179","tazewell-county-il"
1,"White",2013,"2013",42493,3648.0000000000005,"Union County, IL","05000US17181","union-county-il"
1,"White",2013,"2013",44117,1266,"Vermilion County, IL","05000US17183","vermilion-county-il"
1,"White",2013,"2013",47030,3942,"Wabash County, IL","05000US17185","wabash-county-il"
1,"White",2013,"2013",43702,2970,"Warren County, IL","05000US17187","warren-county-il"
1,"White",2013,"2013",52928,2935,"Washington County, IL","05000US17189","washington-county-il"
1,"White",2013,"2013",43919,2748,"Wayne County, IL","05000US17191","wayne-county-il"
1,"White",2013,"2013",42979,4205,"White County, IL","05000US17193","white-county-il"
1,"White",2013,"2013",48114,1761,"Whiteside County, IL","05000US17195","whiteside-county-il"
1,"White",2013,"2013",79366,1263,"Will County, IL","05000US17197","will-county-il"
1,"White",2013,"2013",44252,1873,"Williamson County, IL","05000US17199","williamson-county-il"
1,"White",2013,"2013",51285,1014,"Winnebago County, IL","05000US17201","winnebago-county-il"
1,"White",2013,"2013",66779,2952,"Woodford County, IL","05000US17203","woodford-county-il"
2,"Black",2013,"2013",21750,11580,"Adams County, IL","05000US17001","adams-county-il"
2,"Black",2013,"2013",16875,2691,"Alexander County, IL","05000US17003","alexander-county-il"
2,"Black",2013,"2013",24158,15549.000000000002,"Bond County, IL","05000US17005","bond-county-il"
2,"Black",2013,"2013",43587,25520,"Boone County, IL","05000US17007","boone-county-il"
2,"Black",2013,"2013",51071,38280,"Bureau County, IL","05000US17011","bureau-county-il"
2,"Black",2013,"2013",32500,6735,"Cass County, IL","05000US17017","cass-county-il"
2,"Black",2013,"2013",26018,2719,"Champaign County, IL","05000US17019","champaign-county-il"
2,"Black",2013,"2013",14107,21810,"Christian County, IL","05000US17021","christian-county-il"
2,"Black",2013,"2013",21010,11475,"Clinton County, IL","05000US17027","clinton-county-il"
2,"Black",2013,"2013",19368,16720,"Coles County, IL","05000US17029","coles-county-il"
2,"Black",2013,"2013",34961,500,"Cook County, IL","05000US17031","cook-county-il"
2,"Black",2013,"2013",20977,3297,"DeKalb County, IL","05000US17037","dekalb-county-il"
2,"Black",2013,"2013",52090,3036,"DuPage County, IL","05000US17043","dupage-county-il"
2,"Black",2013,"2013",85694,64337,"Ford County, IL","05000US17053","ford-county-il"
2,"Black",2013,"2013",9135,34557,"Fulton County, IL","05000US17057","fulton-county-il"
2,"Black",2013,"2013",29237,32828,"Grundy County, IL","05000US17063","grundy-county-il"
2,"Black",2013,"2013",20769,16132,"Henry County, IL","05000US17073","henry-county-il"
2,"Black",2013,"2013",21304,6524,"Iroquois County, IL","05000US17075","iroquois-county-il"
2,"Black",2013,"2013",13247,2019,"Jackson County, IL","05000US17077","jackson-county-il"
2,"Black",2013,"2013",26161,11841,"Jefferson County, IL","05000US17081","jefferson-county-il"
2,"Black",2013,"2013",67813,23836,"Jo Daviess County, IL","05000US17085","jo-daviess-county-il"
2,"Black",2013,"2013",18750,100874,"Johnson County, IL","05000US17087","johnson-county-il"
2,"Black",2013,"2013",36330,5401,"Kane County, IL","05000US17089","kane-county-il"
2,"Black",2013,"2013",26254,2250,"Kankakee County, IL","05000US17091","kankakee-county-il"
2,"Black",2013,"2013",94286,26721,"Kendall County, IL","05000US17093","kendall-county-il"
2,"Black",2013,"2013",26910,8691,"Knox County, IL","05000US17095","knox-county-il"
2,"Black",2013,"2013",42633,3929,"Lake County, IL","05000US17097","lake-county-il"
2,"Black",2013,"2013",12394,12356,"LaSalle County, IL","05000US17099","lasalle-county-il"
2,"Black",2013,"2013",18375,14567.999999999998,"Lawrence County, IL","05000US17101","lawrence-county-il"
2,"Black",2013,"2013",31953,35084,"Lee County, IL","05000US17103","lee-county-il"
2,"Black",2013,"2013",57969,75533,"Livingston County, IL","05000US17105","livingston-county-il"
2,"Black",2013,"2013",15286,14835,"Logan County, IL","05000US17107","logan-county-il"
2,"Black",2013,"2013",25313,12473,"McDonough County, IL","05000US17109","mcdonough-county-il"
2,"Black",2013,"2013",84779,23899,"McHenry County, IL","05000US17111","mchenry-county-il"
2,"Black",2013,"2013",31269,5455,"McLean County, IL","05000US17113","mclean-county-il"
2,"Black",2013,"2013",25561,1432,"Macon County, IL","05000US17115","macon-county-il"
2,"Black",2013,"2013",44792,12479,"Macoupin County, IL","05000US17117","macoupin-county-il"
2,"Black",2013,"2013",30040,4499,"Madison County, IL","05000US17119","madison-county-il"
2,"Black",2013,"2013",33922,16041,"Marion County, IL","05000US17121","marion-county-il"
2,"Black",2013,"2013",25930,10834,"Massac County, IL","05000US17127","massac-county-il"
2,"Black",2013,"2013",26038,4736,"Morgan County, IL","05000US17137","morgan-county-il"
2,"Black",2013,"2013",40125,16969,"Ogle County, IL","05000US17141","ogle-county-il"
2,"Black",2013,"2013",25241,1832,"Peoria County, IL","05000US17143","peoria-county-il"
2,"Black",2013,"2013",45103,26414,"Perry County, IL","05000US17145","perry-county-il"
2,"Black",2013,"2013",29375,6238,"Pulaski County, IL","05000US17153","pulaski-county-il"
2,"Black",2013,"2013",30129,32934,"Randolph County, IL","05000US17157","randolph-county-il"
2,"Black",2013,"2013",29756,2604,"Rock Island County, IL","05000US17161","rock-island-county-il"
2,"Black",2013,"2013",28022,1265,"St. Clair County, IL","05000US17163","st-clair-county-il"
2,"Black",2013,"2013",18583,7398,"Saline County, IL","05000US17165","saline-county-il"
2,"Black",2013,"2013",26799,2795,"Sangamon County, IL","05000US17167","sangamon-county-il"
2,"Black",2013,"2013",26836,9737,"Stephenson County, IL","05000US17177","stephenson-county-il"
2,"Black",2013,"2013",34054,10178,"Tazewell County, IL","05000US17179","tazewell-county-il"
2,"Black",2013,"2013",30938,33172,"Union County, IL","05000US17181","union-county-il"
2,"Black",2013,"2013",19388,3810.0000000000005,"Vermilion County, IL","05000US17183","vermilion-county-il"
2,"Black",2013,"2013",32917,19796,"Warren County, IL","05000US17187","warren-county-il"
2,"Black",2013,"2013",19091,14953,"Washington County, IL","05000US17189","washington-county-il"
2,"Black",2013,"2013",2499,,"Wayne County, IL","05000US17191","wayne-county-il"
2,"Black",2013,"2013",25357,56686.99999999999,"Whiteside County, IL","05000US17195","whiteside-county-il"
2,"Black",2013,"2013",58502,2601,"Will County, IL","05000US17197","will-county-il"
2,"Black",2013,"2013",24750,7361.000000000001,"Williamson County, IL","05000US17199","williamson-county-il"
2,"Black",2013,"2013",24041,1872.0000000000002,"Winnebago County, IL","05000US17201","winnebago-county-il"
3,"Native American",2013,"2013",26250,40419,"Alexander County, IL","05000US17003","alexander-county-il"
3,"Native American",2013,"2013",78512,64150.00000000001,"Bureau County, IL","05000US17011","bureau-county-il"
3,"Native American",2013,"2013",11250,110198,"Cass County, IL","05000US17017","cass-county-il"
3,"Native American",2013,"2013",35714,36131,"Champaign County, IL","05000US17019","champaign-county-il"
3,"Native American",2013,"2013",9600,51538,"Christian County, IL","05000US17021","christian-county-il"
3,"Native American",2013,"2013",38250,11920,"Clay County, IL","05000US17025","clay-county-il"
3,"Native American",2013,"2013",178352,50650,"Clinton County, IL","05000US17027","clinton-county-il"
3,"Native American",2013,"2013",45570,6742,"Cook County, IL","05000US17031","cook-county-il"
3,"Native American",2013,"2013",38702,170,"Crawford County, IL","05000US17033","crawford-county-il"
3,"Native American",2013,"2013",20000,25288,"Cumberland County, IL","05000US17035","cumberland-county-il"
3,"Native American",2013,"2013",21691,87843,"DeKalb County, IL","05000US17037","dekalb-county-il"
3,"Native American",2013,"2013",68281,39461,"Douglas County, IL","05000US17041","douglas-county-il"
3,"Native American",2013,"2013",51667,17283,"DuPage County, IL","05000US17043","dupage-county-il"
3,"Native American",2013,"2013",39712,90172,"Fayette County, IL","05000US17051","fayette-county-il"
3,"Native American",2013,"2013",43816,4862,"Ford County, IL","05000US17053","ford-county-il"
3,"Native American",2013,"2013",38750,38643,"Fulton County, IL","05000US17057","fulton-county-il"
3,"Native American",2013,"2013",100313,127964,"Gallatin County, IL","05000US17059","gallatin-county-il"
3,"Native American",2013,"2013",28125,27785,"Hancock County, IL","05000US17067","hancock-county-il"
3,"Native American",2013,"2013",53229,77633,"Henry County, IL","05000US17073","henry-county-il"
3,"Native American",2013,"2013",28750,30692.999999999996,"Iroquois County, IL","05000US17075","iroquois-county-il"
3,"Native American",2013,"2013",24063,26681,"Jackson County, IL","05000US17077","jackson-county-il"
3,"Native American",2013,"2013",37083,33582,"Jefferson County, IL","05000US17081","jefferson-county-il"
3,"Native American",2013,"2013",43942,25604,"Kane County, IL","05000US17089","kane-county-il"
3,"Native American",2013,"2013",38750,31727.999999999996,"Kankakee County, IL","05000US17091","kankakee-county-il"
3,"Native American",2013,"2013",36331,683,"Kendall County, IL","05000US17093","kendall-county-il"
3,"Native American",2013,"2013",13235,1848,"Knox County, IL","05000US17095","knox-county-il"
3,"Native American",2013,"2013",47050,11946,"Lake County, IL","05000US17097","lake-county-il"
3,"Native American",2013,"2013",71020,815,"LaSalle County, IL","05000US17099","lasalle-county-il"
3,"Native American",2013,"2013",86250,19227,"Logan County, IL","05000US17107","logan-county-il"
3,"Native American",2013,"2013",41250,49461,"McDonough County, IL","05000US17109","mcdonough-county-il"
3,"Native American",2013,"2013",55000,25967,"McHenry County, IL","05000US17111","mchenry-county-il"
3,"Native American",2013,"2013",42344,21284,"McLean County, IL","05000US17113","mclean-county-il"
3,"Native American",2013,"2013",38250,44981,"Macon County, IL","05000US17115","macon-county-il"
3,"Native American",2013,"2013",60313,55850,"Macoupin County, IL","05000US17117","macoupin-county-il"
3,"Native American",2013,"2013",73864,44518,"Madison County, IL","05000US17119","madison-county-il"
3,"Native American",2013,"2013",56250,36122,"Marion County, IL","05000US17121","marion-county-il"
3,"Native American",2013,"2013",9911,184919,"Montgomery County, IL","05000US17135","montgomery-county-il"
3,"Native American",2013,"2013",36250,33526,"Peoria County, IL","05000US17143","peoria-county-il"
3,"Native American",2013,"2013",43750,5834,"Perry County, IL","05000US17145","perry-county-il"
3,"Native American",2013,"2013",9643,49997,"Pike County, IL","05000US17149","pike-county-il"
3,"Native American",2013,"2013",40039,32553,"Rock Island County, IL","05000US17161","rock-island-county-il"
3,"Native American",2013,"2013",44507,46983,"St. Clair County, IL","05000US17163","st-clair-county-il"
3,"Native American",2013,"2013",52540,61102.00000000001,"Sangamon County, IL","05000US17167","sangamon-county-il"
3,"Native American",2013,"2013",26667,59313,"Stephenson County, IL","05000US17177","stephenson-county-il"
3,"Native American",2013,"2013",54028,28133,"Tazewell County, IL","05000US17179","tazewell-county-il"
3,"Native American",2013,"2013",10625,2045,"Union County, IL","05000US17181","union-county-il"
3,"Native American",2013,"2013",8750,38567,"Vermilion County, IL","05000US17183","vermilion-county-il"
3,"Native American",2013,"2013",45714,70035,"Whiteside County, IL","05000US17195","whiteside-county-il"
3,"Native American",2013,"2013",48864,8207,"Will County, IL","05000US17197","will-county-il"
3,"Native American",2013,"2013",2499,,"Williamson County, IL","05000US17199","williamson-county-il"
3,"Native American",2013,"2013",76974,42664,"Winnebago County, IL","05000US17201","winnebago-county-il"
4,"Asian",2013,"2013",81354,59882,"Adams County, IL","05000US17001","adams-county-il"
4,"Asian",2013,"2013",42500,54721,"Alexander County, IL","05000US17003","alexander-county-il"
4,"Asian",2013,"2013",118696,44040,"Boone County, IL","05000US17007","boone-county-il"
4,"Asian",2013,"2013",60208,53653,"Bureau County, IL","05000US17011","bureau-county-il"
4,"Asian",2013,"2013",56875,50465,"Carroll County, IL","05000US17015","carroll-county-il"
4,"Asian",2013,"2013",26615,4229,"Champaign County, IL","05000US17019","champaign-county-il"
4,"Asian",2013,"2013",68633,7986.999999999999,"Clark County, IL","05000US17023","clark-county-il"
4,"Asian",2013,"2013",80192,38499,"Clinton County, IL","05000US17027","clinton-county-il"
4,"Asian",2013,"2013",70694,71025,"Coles County, IL","05000US17029","coles-county-il"
4,"Asian",2013,"2013",68261,1695,"Cook County, IL","05000US17031","cook-county-il"
4,"Asian",2013,"2013",22344,74147,"Crawford County, IL","05000US17033","crawford-county-il"
4,"Asian",2013,"2013",2499,,"Cumberland County, IL","05000US17035","cumberland-county-il"
4,"Asian",2013,"2013",21009,8936,"DeKalb County, IL","05000US17037","dekalb-county-il"
4,"Asian",2013,"2013",16649,21270,"Douglas County, IL","05000US17041","douglas-county-il"
4,"Asian",2013,"2013",93487,2646,"DuPage County, IL","05000US17043","dupage-county-il"
4,"Asian",2013,"2013",250001,,"Effingham County, IL","05000US17049","effingham-county-il"
4,"Asian",2013,"2013",83125,268821,"Ford County, IL","05000US17053","ford-county-il"
4,"Asian",2013,"2013",31635,12186,"Franklin County, IL","05000US17055","franklin-county-il"
4,"Asian",2013,"2013",250001,,"Grundy County, IL","05000US17063","grundy-county-il"
4,"Asian",2013,"2013",82917,80576,"Hancock County, IL","05000US17067","hancock-county-il"
4,"Asian",2013,"2013",60000,92889,"Henry County, IL","05000US17073","henry-county-il"
4,"Asian",2013,"2013",55568,11625,"Iroquois County, IL","05000US17075","iroquois-county-il"
4,"Asian",2013,"2013",17969,15561,"Jackson County, IL","05000US17077","jackson-county-il"
4,"Asian",2013,"2013",71190,34547,"Jefferson County, IL","05000US17081","jefferson-county-il"
4,"Asian",2013,"2013",38542,101089,"Jo Daviess County, IL","05000US17085","jo-daviess-county-il"
4,"Asian",2013,"2013",103241,14636,"Kane County, IL","05000US17089","kane-county-il"
4,"Asian",2013,"2013",81385,12118,"Kankakee County, IL","05000US17091","kankakee-county-il"
4,"Asian",2013,"2013",86552,16377.000000000002,"Kendall County, IL","05000US17093","kendall-county-il"
4,"Asian",2013,"2013",58690,65690,"Knox County, IL","05000US17095","knox-county-il"
4,"Asian",2013,"2013",98301,4014,"Lake County, IL","05000US17097","lake-county-il"
4,"Asian",2013,"2013",59928,14089.000000000002,"LaSalle County, IL","05000US17099","lasalle-county-il"
4,"Asian",2013,"2013",104083,88915,"Lee County, IL","05000US17103","lee-county-il"
4,"Asian",2013,"2013",71071,57935,"Livingston County, IL","05000US17105","livingston-county-il"
4,"Asian",2013,"2013",67125,37541,"Logan County, IL","05000US17107","logan-county-il"
4,"Asian",2013,"2013",22708,36689,"McDonough County, IL","05000US17109","mcdonough-county-il"
4,"Asian",2013,"2013",94694,8680,"McHenry County, IL","05000US17111","mchenry-county-il"
4,"Asian",2013,"2013",78447,9456,"McLean County, IL","05000US17113","mclean-county-il"
4,"Asian",2013,"2013",86711,21478,"Macon County, IL","05000US17115","macon-county-il"
4,"Asian",2013,"2013",47188,46565,"Macoupin County, IL","05000US17117","macoupin-county-il"
4,"Asian",2013,"2013",65000,42521,"Madison County, IL","05000US17119","madison-county-il"
4,"Asian",2013,"2013",62551,31077,"Marion County, IL","05000US17121","marion-county-il"
4,"Asian",2013,"2013",11964,67263,"Marshall County, IL","05000US17123","marshall-county-il"
4,"Asian",2013,"2013",36667,39115,"Massac County, IL","05000US17127","massac-county-il"
4,"Asian",2013,"2013",54875,122094,"Mercer County, IL","05000US17131","mercer-county-il"
4,"Asian",2013,"2013",94545,177979,"Monroe County, IL","05000US17133","monroe-county-il"
4,"Asian",2013,"2013",57024,66094,"Montgomery County, IL","05000US17135","montgomery-county-il"
4,"Asian",2013,"2013",141029,37618,"Ogle County, IL","05000US17141","ogle-county-il"
4,"Asian",2013,"2013",84741,3172,"Peoria County, IL","05000US17143","peoria-county-il"
4,"Asian",2013,"2013",87083,18090,"Perry County, IL","05000US17145","perry-county-il"
4,"Asian",2013,"2013",89107,268677,"Pike County, IL","05000US17149","pike-county-il"
4,"Asian",2013,"2013",76648,9569,"Rock Island County, IL","05000US17161","rock-island-county-il"
4,"Asian",2013,"2013",54625,22674,"St. Clair County, IL","05000US17163","st-clair-county-il"
4,"Asian",2013,"2013",62589,72749,"Saline County, IL","05000US17165","saline-county-il"
4,"Asian",2013,"2013",62443,20174,"Sangamon County, IL","05000US17167","sangamon-county-il"
4,"Asian",2013,"2013",45833,14113,"Shelby County, IL","05000US17173","shelby-county-il"
4,"Asian",2013,"2013",62782,30537,"Stephenson County, IL","05000US17177","stephenson-county-il"
4,"Asian",2013,"2013",73977,26962.000000000004,"Tazewell County, IL","05000US17179","tazewell-county-il"
4,"Asian",2013,"2013",57396,85247,"Vermilion County, IL","05000US17183","vermilion-county-il"
4,"Asian",2013,"2013",73083,56390,"Wabash County, IL","05000US17185","wabash-county-il"
4,"Asian",2013,"2013",50658,38793,"Warren County, IL","05000US17187","warren-county-il"
4,"Asian",2013,"2013",49583,59952,"Whiteside County, IL","05000US17195","whiteside-county-il"
4,"Asian",2013,"2013",104254,7021,"Will County, IL","05000US17197","will-county-il"
4,"Asian",2013,"2013",50938,16739,"Williamson County, IL","05000US17199","williamson-county-il"
4,"Asian",2013,"2013",68750,12167,"Winnebago County, IL","05000US17201","winnebago-county-il"
4,"Asian",2013,"2013",89018,68357,"Woodford County, IL","05000US17203","woodford-county-il"
5,"Pacific Islander",2013,"2013",76563,23571,"Cook County, IL","05000US17031","cook-county-il"
5,"Pacific Islander",2013,"2013",75250,18695,"DuPage County, IL","05000US17043","dupage-county-il"
5,"Pacific Islander",2013,"2013",79643,176341,"Kankakee County, IL","05000US17091","kankakee-county-il"
5,"Pacific Islander",2013,"2013",55875,46580,"Winnebago County, IL","05000US17201","winnebago-county-il"
6,"Other",2013,"2013",61231,6611,"Adams County, IL","05000US17001","adams-county-il"
6,"Other",2013,"2013",36989,39571,"Boone County, IL","05000US17007","boone-county-il"
6,"Other",2013,"2013",41250,24333,"Bureau County, IL","05000US17011","bureau-county-il"
6,"Other",2013,"2013",52188,32712,"Cass County, IL","05000US17017","cass-county-il"
6,"Other",2013,"2013",41581,14692.999999999998,"Champaign County, IL","05000US17019","champaign-county-il"
6,"Other",2013,"2013",160804,195518,"Christian County, IL","05000US17021","christian-county-il"
6,"Other",2013,"2013",96875,76317,"Clinton County, IL","05000US17027","clinton-county-il"
6,"Other",2013,"2013",54375,73120,"Coles County, IL","05000US17029","coles-county-il"
6,"Other",2013,"2013",43743,946.0000000000001,"Cook County, IL","05000US17031","cook-county-il"
6,"Other",2013,"2013",30840,5435,"DeKalb County, IL","05000US17037","dekalb-county-il"
6,"Other",2013,"2013",11950,79215,"De Witt County, IL","05000US17039","de-witt-county-il"
6,"Other",2013,"2013",56063,36818,"Douglas County, IL","05000US17041","douglas-county-il"
6,"Other",2013,"2013",50494,6548,"DuPage County, IL","05000US17043","dupage-county-il"
6,"Other",2013,"2013",39798,71841,"Effingham County, IL","05000US17049","effingham-county-il"
6,"Other",2013,"2013",50625,34866,"Franklin County, IL","05000US17055","franklin-county-il"
6,"Other",2013,"2013",41528,64381.00000000001,"Fulton County, IL","05000US17057","fulton-county-il"
6,"Other",2013,"2013",29846,13449,"Grundy County, IL","05000US17063","grundy-county-il"
6,"Other",2013,"2013",41375,17126,"Henry County, IL","05000US17073","henry-county-il"
6,"Other",2013,"2013",29583,32360,"Iroquois County, IL","05000US17075","iroquois-county-il"
6,"Other",2013,"2013",20417,60989,"Jackson County, IL","05000US17077","jackson-county-il"
6,"Other",2013,"2013",45813,10075,"Jefferson County, IL","05000US17081","jefferson-county-il"
6,"Other",2013,"2013",45333,2879,"Kane County, IL","05000US17089","kane-county-il"
6,"Other",2013,"2013",33625,8009.000000000001,"Kankakee County, IL","05000US17091","kankakee-county-il"
6,"Other",2013,"2013",54209,7054.999999999999,"Kendall County, IL","05000US17093","kendall-county-il"
6,"Other",2013,"2013",40136,18045,"Knox County, IL","05000US17095","knox-county-il"
6,"Other",2013,"2013",49185,2311,"Lake County, IL","05000US17097","lake-county-il"
6,"Other",2013,"2013",56250,8302,"LaSalle County, IL","05000US17099","lasalle-county-il"
6,"Other",2013,"2013",17331,23789,"Lee County, IL","05000US17103","lee-county-il"
6,"Other",2013,"2013",41150,11292,"Livingston County, IL","05000US17105","livingston-county-il"
6,"Other",2013,"2013",71042,41284,"Logan County, IL","05000US17107","logan-county-il"
6,"Other",2013,"2013",55114,99276,"McDonough County, IL","05000US17109","mcdonough-county-il"
6,"Other",2013,"2013",54057,10602,"McHenry County, IL","05000US17111","mchenry-county-il"
6,"Other",2013,"2013",48594,14466,"McLean County, IL","05000US17113","mclean-county-il"
6,"Other",2013,"2013",47431,36903,"Macon County, IL","05000US17115","macon-county-il"
6,"Other",2013,"2013",69286,52240,"Madison County, IL","05000US17119","madison-county-il"
6,"Other",2013,"2013",26875,18222,"Marion County, IL","05000US17121","marion-county-il"
6,"Other",2013,"2013",33125,39593,"Marshall County, IL","05000US17123","marshall-county-il"
6,"Other",2013,"2013",53750,33417,"Ogle County, IL","05000US17141","ogle-county-il"
6,"Other",2013,"2013",41839,5498,"Peoria County, IL","05000US17143","peoria-county-il"
6,"Other",2013,"2013",14405,37640,"Putnam County, IL","05000US17155","putnam-county-il"
6,"Other",2013,"2013",42441,8510,"Rock Island County, IL","05000US17161","rock-island-county-il"
6,"Other",2013,"2013",53750,19792,"St. Clair County, IL","05000US17163","st-clair-county-il"
6,"Other",2013,"2013",14861,2009,"Saline County, IL","05000US17165","saline-county-il"
6,"Other",2013,"2013",43750,50308,"Sangamon County, IL","05000US17167","sangamon-county-il"
6,"Other",2013,"2013",36944,210165,"Stephenson County, IL","05000US17177","stephenson-county-il"
6,"Other",2013,"2013",70417,31521,"Tazewell County, IL","05000US17179","tazewell-county-il"
6,"Other",2013,"2013",40500,29185.000000000004,"Union County, IL","05000US17181","union-county-il"
6,"Other",2013,"2013",44444,23074,"Vermilion County, IL","05000US17183","vermilion-county-il"
6,"Other",2013,"2013",43676,60161,"Warren County, IL","05000US17187","warren-county-il"
6,"Other",2013,"2013",31667,5143,"Washington County, IL","05000US17189","washington-county-il"
6,"Other",2013,"2013",32344,16048.000000000002,"Whiteside County, IL","05000US17195","whiteside-county-il"
6,"Other",2013,"2013",54696,4214,"Will County, IL","05000US17197","will-county-il"
6,"Other",2013,"2013",28750,19309,"Williamson County, IL","05000US17199","williamson-county-il"
6,"Other",2013,"2013",31556,4913,"Winnebago County, IL","05000US17201","winnebago-county-il"
6,"Other",2013,"2013",54375,41463,"Woodford County, IL","05000US17203","woodford-county-il"
7,"Two Or More",2013,"2013",22171,24566,"Adams County, IL","05000US17001","adams-county-il"
7,"Two Or More",2013,"2013",34375,30738,"Alexander County, IL","05000US17003","alexander-county-il"
7,"Two Or More",2013,"2013",23654,76390,"Bond County, IL","05000US17005","bond-county-il"
7,"Two Or More",2013,"2013",85647,55650.99999999999,"Boone County, IL","05000US17007","boone-county-il"
7,"Two Or More",2013,"2013",23875,5398,"Bureau County, IL","05000US17011","bureau-county-il"
7,"Two Or More",2013,"2013",9792,50333,"Calhoun County, IL","05000US17013","calhoun-county-il"
7,"Two Or More",2013,"2013",24135,8071,"Carroll County, IL","05000US17015","carroll-county-il"
7,"Two Or More",2013,"2013",21250,173,"Cass County, IL","05000US17017","cass-county-il"
7,"Two Or More",2013,"2013",40066,12413,"Champaign County, IL","05000US17019","champaign-county-il"
7,"Two Or More",2013,"2013",45750,55458.00000000001,"Christian County, IL","05000US17021","christian-county-il"
7,"Two Or More",2013,"2013",133173,62776.00000000001,"Clark County, IL","05000US17023","clark-county-il"
7,"Two Or More",2013,"2013",6488,822,"Clay County, IL","05000US17025","clay-county-il"
7,"Two Or More",2013,"2013",18289,31072,"Clinton County, IL","05000US17027","clinton-county-il"
7,"Two Or More",2013,"2013",22109,7774.999999999999,"Coles County, IL","05000US17029","coles-county-il"
7,"Two Or More",2013,"2013",51291,2209,"Cook County, IL","05000US17031","cook-county-il"
7,"Two Or More",2013,"2013",25000,28727.000000000004,"Crawford County, IL","05000US17033","crawford-county-il"
7,"Two Or More",2013,"2013",24009,11736,"DeKalb County, IL","05000US17037","dekalb-county-il"
7,"Two Or More",2013,"2013",16250,27999.999999999996,"De Witt County, IL","05000US17039","de-witt-county-il"
7,"Two Or More",2013,"2013",36607,20013,"Douglas County, IL","05000US17041","douglas-county-il"
7,"Two Or More",2013,"2013",64419,8170,"DuPage County, IL","05000US17043","dupage-county-il"
7,"Two Or More",2013,"2013",2499,,"Edgar County, IL","05000US17045","edgar-county-il"
7,"Two Or More",2013,"2013",5417,87181,"Edwards County, IL","05000US17047","edwards-county-il"
7,"Two Or More",2013,"2013",92891,100222,"Effingham County, IL","05000US17049","effingham-county-il"
7,"Two Or More",2013,"2013",4944,61623.99999999999,"Fayette County, IL","05000US17051","fayette-county-il"
7,"Two Or More",2013,"2013",65000,47283,"Ford County, IL","05000US17053","ford-county-il"
7,"Two Or More",2013,"2013",18981,6194,"Franklin County, IL","05000US17055","franklin-county-il"
7,"Two Or More",2013,"2013",58750,45110,"Fulton County, IL","05000US17057","fulton-county-il"
7,"Two Or More",2013,"2013",16528,4313,"Gallatin County, IL","05000US17059","gallatin-county-il"
7,"Two Or More",2013,"2013",38333,14647.999999999998,"Greene County, IL","05000US17061","greene-county-il"
7,"Two Or More",2013,"2013",54129,23829,"Grundy County, IL","05000US17063","grundy-county-il"
7,"Two Or More",2013,"2013",31458,5952,"Hancock County, IL","05000US17067","hancock-county-il"
7,"Two Or More",2013,"2013",49167,351826,"Hardin County, IL","05000US17069","hardin-county-il"
7,"Two Or More",2013,"2013",15938,31977.999999999996,"Henderson County, IL","05000US17071","henderson-county-il"
7,"Two Or More",2013,"2013",95451,107161,"Henry County, IL","05000US17073","henry-county-il"
7,"Two Or More",2013,"2013",51875,17440,"Iroquois County, IL","05000US17075","iroquois-county-il"
7,"Two Or More",2013,"2013",23444,5052,"Jackson County, IL","05000US17077","jackson-county-il"
7,"Two Or More",2013,"2013",26875,20787,"Jasper County, IL","05000US17079","jasper-county-il"
7,"Two Or More",2013,"2013",17468,13453,"Jefferson County, IL","05000US17081","jefferson-county-il"
7,"Two Or More",2013,"2013",77986,20867,"Jersey County, IL","05000US17083","jersey-county-il"
7,"Two Or More",2013,"2013",11094,26933,"Jo Daviess County, IL","05000US17085","jo-daviess-county-il"
7,"Two Or More",2013,"2013",34107,104440,"Johnson County, IL","05000US17087","johnson-county-il"
7,"Two Or More",2013,"2013",59740,14527,"Kane County, IL","05000US17089","kane-county-il"
7,"Two Or More",2013,"2013",34583,20588,"Kankakee County, IL","05000US17091","kankakee-county-il"
7,"Two Or More",2013,"2013",79327,27889.000000000004,"Kendall County, IL","05000US17093","kendall-county-il"
7,"Two Or More",2013,"2013",30089,5481,"Knox County, IL","05000US17095","knox-county-il"
7,"Two Or More",2013,"2013",59825,7102.000000000001,"Lake County, IL","05000US17097","lake-county-il"
7,"Two Or More",2013,"2013",38839,10481,"LaSalle County, IL","05000US17099","lasalle-county-il"
7,"Two Or More",2013,"2013",45489,11095,"Lee County, IL","05000US17103","lee-county-il"
7,"Two Or More",2013,"2013",15144,19353,"Livingston County, IL","05000US17105","livingston-county-il"
7,"Two Or More",2013,"2013",28617,3983,"Logan County, IL","05000US17107","logan-county-il"
7,"Two Or More",2013,"2013",41528,12003,"McDonough County, IL","05000US17109","mcdonough-county-il"
7,"Two Or More",2013,"2013",71250,12359,"McHenry County, IL","05000US17111","mchenry-county-il"
7,"Two Or More",2013,"2013",57500,11744,"McLean County, IL","05000US17113","mclean-county-il"
7,"Two Or More",2013,"2013",30270,4683,"Macon County, IL","05000US17115","macon-county-il"
7,"Two Or More",2013,"2013",38250,19256,"Macoupin County, IL","05000US17117","macoupin-county-il"
7,"Two Or More",2013,"2013",51926,12063,"Madison County, IL","05000US17119","madison-county-il"
7,"Two Or More",2013,"2013",37262,21363,"Marion County, IL","05000US17121","marion-county-il"
7,"Two Or More",2013,"2013",13889,13145,"Marshall County, IL","05000US17123","marshall-county-il"
7,"Two Or More",2013,"2013",60938,45309,"Massac County, IL","05000US17127","massac-county-il"
7,"Two Or More",2013,"2013",21375,101104,"Menard County, IL","05000US17129","menard-county-il"
7,"Two Or More",2013,"2013",42917,51924,"Mercer County, IL","05000US17131","mercer-county-il"
7,"Two Or More",2013,"2013",24821,96979,"Monroe County, IL","05000US17133","monroe-county-il"
7,"Two Or More",2013,"2013",9345,2025,"Montgomery County, IL","05000US17135","montgomery-county-il"
7,"Two Or More",2013,"2013",43077,30898,"Morgan County, IL","05000US17137","morgan-county-il"
7,"Two Or More",2013,"2013",41442,16689,"Ogle County, IL","05000US17141","ogle-county-il"
7,"Two Or More",2013,"2013",32200,8918,"Peoria County, IL","05000US17143","peoria-county-il"
7,"Two Or More",2013,"2013",32560,1989,"Perry County, IL","05000US17145","perry-county-il"
7,"Two Or More",2013,"2013",60417,59645,"Piatt County, IL","05000US17147","piatt-county-il"
7,"Two Or More",2013,"2013",17250,19804,"Pike County, IL","05000US17149","pike-county-il"
7,"Two Or More",2013,"2013",19583,7169.000000000001,"Pulaski County, IL","05000US17153","pulaski-county-il"
7,"Two Or More",2013,"2013",38523,10855,"Randolph County, IL","05000US17157","randolph-county-il"
7,"Two Or More",2013,"2013",51563,10159,"Richland County, IL","05000US17159","richland-county-il"
7,"Two Or More",2013,"2013",34340,7013,"Rock Island County, IL","05000US17161","rock-island-county-il"
7,"Two Or More",2013,"2013",44583,17512,"St. Clair County, IL","05000US17163","st-clair-county-il"
7,"Two Or More",2013,"2013",27778,9746,"Saline County, IL","05000US17165","saline-county-il"
7,"Two Or More",2013,"2013",45568,32493,"Sangamon County, IL","05000US17167","sangamon-county-il"
7,"Two Or More",2013,"2013",29167,111150,"Shelby County, IL","05000US17173","shelby-county-il"
7,"Two Or More",2013,"2013",34688,9394,"Stark County, IL","05000US17175","stark-county-il"
7,"Two Or More",2013,"2013",36500,32415.000000000004,"Stephenson County, IL","05000US17177","stephenson-county-il"
7,"Two Or More",2013,"2013",30809,14094.999999999998,"Tazewell County, IL","05000US17179","tazewell-county-il"
7,"Two Or More",2013,"2013",38292,4458,"Union County, IL","05000US17181","union-county-il"
7,"Two Or More",2013,"2013",22344,15089,"Vermilion County, IL","05000US17183","vermilion-county-il"
7,"Two Or More",2013,"2013",81615,53121,"Wabash County, IL","05000US17185","wabash-county-il"
7,"Two Or More",2013,"2013",53000,74745,"Washington County, IL","05000US17189","washington-county-il"
7,"Two Or More",2013,"2013",21944,42292,"Wayne County, IL","05000US17191","wayne-county-il"
7,"Two Or More",2013,"2013",71375,4184,"White County, IL","05000US17193","white-county-il"
7,"Two Or More",2013,"2013",38546,3922,"Whiteside County, IL","05000US17195","whiteside-county-il"
7,"Two Or More",2013,"2013",67045,14024.000000000002,"Will County, IL","05000US17197","will-county-il"
7,"Two Or More",2013,"2013",32218,19759,"Williamson County, IL","05000US17199","williamson-county-il"
7,"Two Or More",2013,"2013",38313,3386,"Winnebago County, IL","05000US17201","winnebago-county-il"
7,"Two Or More",2013,"2013",38681,7051,"Woodford County, IL","05000US17203","woodford-county-il"
8,"White Non-Hispanic",2013,"2013",45538,1726.9999999999998,"Adams County, IL","05000US17001","adams-county-il"
8,"White Non-Hispanic",2013,"2013",33304,6403,"Alexander County, IL","05000US17003","alexander-county-il"
8,"White Non-Hispanic",2013,"2013",49236,3929.9999999999995,"Bond County, IL","05000US17005","bond-county-il"
8,"White Non-Hispanic",2013,"2013",62281,3502,"Boone County, IL","05000US17007","boone-county-il"
8,"White Non-Hispanic",2013,"2013",43000,6743.000000000001,"Brown County, IL","05000US17009","brown-county-il"
8,"White Non-Hispanic",2013,"2013",49572,1763.0000000000002,"Bureau County, IL","05000US17011","bureau-county-il"
8,"White Non-Hispanic",2013,"2013",50549,3582.0000000000005,"Calhoun County, IL","05000US17013","calhoun-county-il"
8,"White Non-Hispanic",2013,"2013",48741,2754,"Carroll County, IL","05000US17015","carroll-county-il"
8,"White Non-Hispanic",2013,"2013",49305,2234,"Cass County, IL","05000US17017","cass-county-il"
8,"White Non-Hispanic",2013,"2013",52215,1583,"Champaign County, IL","05000US17019","champaign-county-il"
8,"White Non-Hispanic",2013,"2013",45367,1992,"Christian County, IL","05000US17021","christian-county-il"
8,"White Non-Hispanic",2013,"2013",47125,2942,"Clark County, IL","05000US17023","clark-county-il"
8,"White Non-Hispanic",2013,"2013",40565,2903,"Clay County, IL","05000US17025","clay-county-il"
8,"White Non-Hispanic",2013,"2013",62718,2601,"Clinton County, IL","05000US17027","clinton-county-il"
8,"White Non-Hispanic",2013,"2013",37877,1753.0000000000002,"Coles County, IL","05000US17029","coles-county-il"
8,"White Non-Hispanic",2013,"2013",69021,489,"Cook County, IL","05000US17031","cook-county-il"
8,"White Non-Hispanic",2013,"2013",47273,3059,"Crawford County, IL","05000US17033","crawford-county-il"
8,"White Non-Hispanic",2013,"2013",44398,3467,"Cumberland County, IL","05000US17035","cumberland-county-il"
8,"White Non-Hispanic",2013,"2013",57380,1684,"DeKalb County, IL","05000US17037","dekalb-county-il"
8,"White Non-Hispanic",2013,"2013",51339,2007,"De Witt County, IL","05000US17039","de-witt-county-il"
8,"White Non-Hispanic",2013,"2013",53361,2349,"Douglas County, IL","05000US17041","douglas-county-il"
8,"White Non-Hispanic",2013,"2013",82321,761,"DuPage County, IL","05000US17043","dupage-county-il"
8,"White Non-Hispanic",2013,"2013",42048,3036,"Edgar County, IL","05000US17045","edgar-county-il"
8,"White Non-Hispanic",2013,"2013",39110,3764.0000000000005,"Edwards County, IL","05000US17047","edwards-county-il"
8,"White Non-Hispanic",2013,"2013",52142,2089,"Effingham County, IL","05000US17049","effingham-county-il"
8,"White Non-Hispanic",2013,"2013",44896,2893,"Fayette County, IL","05000US17051","fayette-county-il"
8,"White Non-Hispanic",2013,"2013",48847,3174,"Ford County, IL","05000US17053","ford-county-il"
8,"White Non-Hispanic",2013,"2013",36568,1494,"Franklin County, IL","05000US17055","franklin-county-il"
8,"White Non-Hispanic",2013,"2013",45230,1774,"Fulton County, IL","05000US17057","fulton-county-il"
8,"White Non-Hispanic",2013,"2013",40868,3462,"Gallatin County, IL","05000US17059","gallatin-county-il"
8,"White Non-Hispanic",2013,"2013",43725,1969.9999999999998,"Greene County, IL","05000US17061","greene-county-il"
8,"White Non-Hispanic",2013,"2013",66238,2950,"Grundy County, IL","05000US17063","grundy-county-il"
8,"White Non-Hispanic",2013,"2013",37878,3484.9999999999995,"Hamilton County, IL","05000US17065","hamilton-county-il"
8,"White Non-Hispanic",2013,"2013",43989,2913,"Hancock County, IL","05000US17067","hancock-county-il"
8,"White Non-Hispanic",2013,"2013",36429,7365,"Hardin County, IL","05000US17069","hardin-county-il"
8,"White Non-Hispanic",2013,"2013",49250,5833,"Henderson County, IL","05000US17071","henderson-county-il"
8,"White Non-Hispanic",2013,"2013",53344,1472,"Henry County, IL","05000US17073","henry-county-il"
8,"White Non-Hispanic",2013,"2013",47953,2464,"Iroquois County, IL","05000US17075","iroquois-county-il"
8,"White Non-Hispanic",2013,"2013",38852,1662,"Jackson County, IL","05000US17077","jackson-county-il"
8,"White Non-Hispanic",2013,"2013",52627,3521.0000000000005,"Jasper County, IL","05000US17079","jasper-county-il"
8,"White Non-Hispanic",2013,"2013",44598,1737,"Jefferson County, IL","05000US17081","jefferson-county-il"
8,"White Non-Hispanic",2013,"2013",53712,2415,"Jersey County, IL","05000US17083","jersey-county-il"
8,"White Non-Hispanic",2013,"2013",51164,2427,"Jo Daviess County, IL","05000US17085","jo-daviess-county-il"
8,"White Non-Hispanic",2013,"2013",40906,2063,"Johnson County, IL","05000US17087","johnson-county-il"
8,"White Non-Hispanic",2013,"2013",81550,1326,"Kane County, IL","05000US17089","kane-county-il"
8,"White Non-Hispanic",2013,"2013",56332,1996.0000000000002,"Kankakee County, IL","05000US17091","kankakee-county-il"
8,"White Non-Hispanic",2013,"2013",85957,3856,"Kendall County, IL","05000US17093","kendall-county-il"
8,"White Non-Hispanic",2013,"2013",41964,1693.9999999999998,"Knox County, IL","05000US17095","knox-county-il"
8,"White Non-Hispanic",2013,"2013",87685,1262,"Lake County, IL","05000US17097","lake-county-il"
8,"White Non-Hispanic",2013,"2013",52981,1509,"LaSalle County, IL","05000US17099","lasalle-county-il"
8,"White Non-Hispanic",2013,"2013",40193,2795,"Lawrence County, IL","05000US17101","lawrence-county-il"
8,"White Non-Hispanic",2013,"2013",51362,1881,"Lee County, IL","05000US17103","lee-county-il"
8,"White Non-Hispanic",2013,"2013",54985,1944,"Livingston County, IL","05000US17105","livingston-county-il"
8,"White Non-Hispanic",2013,"2013",49175,2806,"Logan County, IL","05000US17107","logan-county-il"
8,"White Non-Hispanic",2013,"2013",36908,2955,"McDonough County, IL","05000US17109","mcdonough-county-il"
8,"White Non-Hispanic",2013,"2013",77893,1816.0000000000002,"McHenry County, IL","05000US17111","mchenry-county-il"
8,"White Non-Hispanic",2013,"2013",64280,1364,"McLean County, IL","05000US17113","mclean-county-il"
8,"White Non-Hispanic",2013,"2013",50952,1353,"Macon County, IL","05000US17115","macon-county-il"
8,"White Non-Hispanic",2013,"2013",49755,2063,"Macoupin County, IL","05000US17117","macoupin-county-il"
8,"White Non-Hispanic",2013,"2013",55869,1063,"Madison County, IL","05000US17119","madison-county-il"
8,"White Non-Hispanic",2013,"2013",41380,1780,"Marion County, IL","05000US17121","marion-county-il"
8,"White Non-Hispanic",2013,"2013",51901,2056,"Marshall County, IL","05000US17123","marshall-county-il"
8,"White Non-Hispanic",2013,"2013",41959,2329,"Mason County, IL","05000US17125","mason-county-il"
8,"White Non-Hispanic",2013,"2013",45039,2403,"Massac County, IL","05000US17127","massac-county-il"
8,"White Non-Hispanic",2013,"2013",58516,3934,"Menard County, IL","05000US17129","menard-county-il"
8,"White Non-Hispanic",2013,"2013",53160,4533,"Mercer County, IL","05000US17131","mercer-county-il"
8,"White Non-Hispanic",2013,"2013",68800,3671,"Monroe County, IL","05000US17133","monroe-county-il"
8,"White Non-Hispanic",2013,"2013",41718,2298,"Montgomery County, IL","05000US17135","montgomery-county-il"
8,"White Non-Hispanic",2013,"2013",49299,2622,"Morgan County, IL","05000US17137","morgan-county-il"
8,"White Non-Hispanic",2013,"2013",46971,3977.0000000000005,"Moultrie County, IL","05000US17139","moultrie-county-il"
8,"White Non-Hispanic",2013,"2013",56642,2055,"Ogle County, IL","05000US17141","ogle-county-il"
8,"White Non-Hispanic",2013,"2013",56516,1748.0000000000002,"Peoria County, IL","05000US17143","peoria-county-il"
8,"White Non-Hispanic",2013,"2013",42110,3403,"Perry County, IL","05000US17145","perry-county-il"
8,"White Non-Hispanic",2013,"2013",63168,2710,"Piatt County, IL","05000US17147","piatt-county-il"
8,"White Non-Hispanic",2013,"2013",39983,2051,"Pike County, IL","05000US17149","pike-county-il"
8,"White Non-Hispanic",2013,"2013",38244,2694,"Pope County, IL","05000US17151","pope-county-il"
8,"White Non-Hispanic",2013,"2013",40518,4059,"Pulaski County, IL","05000US17153","pulaski-county-il"
8,"White Non-Hispanic",2013,"2013",54732,5067,"Putnam County, IL","05000US17155","putnam-county-il"
8,"White Non-Hispanic",2013,"2013",47748,2166,"Randolph County, IL","05000US17157","randolph-county-il"
8,"White Non-Hispanic",2013,"2013",44083,1370,"Richland County, IL","05000US17159","richland-county-il"
8,"White Non-Hispanic",2013,"2013",52036,1281,"Rock Island County, IL","05000US17161","rock-island-county-il"
8,"White Non-Hispanic",2013,"2013",61203,1405,"St. Clair County, IL","05000US17163","st-clair-county-il"
8,"White Non-Hispanic",2013,"2013",38876,1913,"Saline County, IL","05000US17165","saline-county-il"
8,"White Non-Hispanic",2013,"2013",59985,1290,"Sangamon County, IL","05000US17167","sangamon-county-il"
8,"White Non-Hispanic",2013,"2013",47582,5034,"Schuyler County, IL","05000US17169","schuyler-county-il"
8,"White Non-Hispanic",2013,"2013",49706,4185,"Scott County, IL","05000US17171","scott-county-il"
8,"White Non-Hispanic",2013,"2013",47292,3508,"Shelby County, IL","05000US17173","shelby-county-il"
8,"White Non-Hispanic",2013,"2013",54728,4303,"Stark County, IL","05000US17175","stark-county-il"
8,"White Non-Hispanic",2013,"2013",45553,1776,"Stephenson County, IL","05000US17177","stephenson-county-il"
8,"White Non-Hispanic",2013,"2013",56493,1595,"Tazewell County, IL","05000US17179","tazewell-county-il"
8,"White Non-Hispanic",2013,"2013",42583,3828,"Union County, IL","05000US17181","union-county-il"
8,"White Non-Hispanic",2013,"2013",44382,1233,"Vermilion County, IL","05000US17183","vermilion-county-il"
8,"White Non-Hispanic",2013,"2013",47150,4174,"Wabash County, IL","05000US17185","wabash-county-il"
8,"White Non-Hispanic",2013,"2013",43819,2772,"Warren County, IL","05000US17187","warren-county-il"
8,"White Non-Hispanic",2013,"2013",53171,2946,"Washington County, IL","05000US17189","washington-county-il"
8,"White Non-Hispanic",2013,"2013",44149,2716,"Wayne County, IL","05000US17191","wayne-county-il"
8,"White Non-Hispanic",2013,"2013",42697,4288,"White County, IL","05000US17193","white-county-il"
8,"White Non-Hispanic",2013,"2013",48434,1752,"Whiteside County, IL","05000US17195","whiteside-county-il"
8,"White Non-Hispanic",2013,"2013",80670,908.9999999999999,"Will County, IL","05000US17197","will-county-il"
8,"White Non-Hispanic",2013,"2013",44238,1863.9999999999998,"Williamson County, IL","05000US17199","williamson-county-il"
8,"White Non-Hispanic",2013,"2013",52350,1098,"Winnebago County, IL","05000US17201","winnebago-county-il"
8,"White Non-Hispanic",2013,"2013",66743,2979,"Woodford County, IL","05000US17203","woodford-county-il"
9,"Hispanic",2013,"2013",61269,8058,"Adams County, IL","05000US17001","adams-county-il"
9,"Hispanic",2013,"2013",29375,28467.999999999996,"Alexander County, IL","05000US17003","alexander-county-il"
9,"Hispanic",2013,"2013",44000,52751,"Bond County, IL","05000US17005","bond-county-il"
9,"Hispanic",2013,"2013",52536,11786,"Boone County, IL","05000US17007","boone-county-il"
9,"Hispanic",2013,"2013",33043,3379.0000000000005,"Bureau County, IL","05000US17011","bureau-county-il"
9,"Hispanic",2013,"2013",34773,10442,"Carroll County, IL","05000US17015","carroll-county-il"
9,"Hispanic",2013,"2013",37138,7288,"Cass County, IL","05000US17017","cass-county-il"
9,"Hispanic",2013,"2013",37267,9403,"Champaign County, IL","05000US17019","champaign-county-il"
9,"Hispanic",2013,"2013",41250,88465,"Christian County, IL","05000US17021","christian-county-il"
9,"Hispanic",2013,"2013",56250,14258.000000000002,"Clay County, IL","05000US17025","clay-county-il"
9,"Hispanic",2013,"2013",48750,56866,"Clinton County, IL","05000US17027","clinton-county-il"
9,"Hispanic",2013,"2013",17083,29155.000000000004,"Coles County, IL","05000US17029","coles-county-il"
9,"Hispanic",2013,"2013",44883,608,"Cook County, IL","05000US17031","cook-county-il"
9,"Hispanic",2013,"2013",14052,1131,"Crawford County, IL","05000US17033","crawford-county-il"
9,"Hispanic",2013,"2013",31316,5387,"DeKalb County, IL","05000US17037","dekalb-county-il"
9,"Hispanic",2013,"2013",40885,13316,"De Witt County, IL","05000US17039","de-witt-county-il"
9,"Hispanic",2013,"2013",39492,17730,"Douglas County, IL","05000US17041","douglas-county-il"
9,"Hispanic",2013,"2013",56222,2813,"DuPage County, IL","05000US17043","dupage-county-il"
9,"Hispanic",2013,"2013",14444,69195,"Edgar County, IL","05000US17045","edgar-county-il"
9,"Hispanic",2013,"2013",48500,52525,"Effingham County, IL","05000US17049","effingham-county-il"
9,"Hispanic",2013,"2013",21667,177222,"Fayette County, IL","05000US17051","fayette-county-il"
9,"Hispanic",2013,"2013",48750,39731,"Ford County, IL","05000US17053","ford-county-il"
9,"Hispanic",2013,"2013",31389,13016,"Franklin County, IL","05000US17055","franklin-county-il"
9,"Hispanic",2013,"2013",33958,46621,"Fulton County, IL","05000US17057","fulton-county-il"
9,"Hispanic",2013,"2013",15625,30544,"Greene County, IL","05000US17061","greene-county-il"
9,"Hispanic",2013,"2013",53603,26284,"Grundy County, IL","05000US17063","grundy-county-il"
9,"Hispanic",2013,"2013",54135,17550,"Hamilton County, IL","05000US17065","hamilton-county-il"
9,"Hispanic",2013,"2013",53000,5849,"Hancock County, IL","05000US17067","hancock-county-il"
9,"Hispanic",2013,"2013",121500,31629.999999999996,"Henderson County, IL","05000US17071","henderson-county-il"
9,"Hispanic",2013,"2013",44500,11456,"Henry County, IL","05000US17073","henry-county-il"
9,"Hispanic",2013,"2013",37269,4005,"Iroquois County, IL","05000US17075","iroquois-county-il"
9,"Hispanic",2013,"2013",21935,24340,"Jackson County, IL","05000US17077","jackson-county-il"
9,"Hispanic",2013,"2013",95568,63795.99999999999,"Jasper County, IL","05000US17079","jasper-county-il"
9,"Hispanic",2013,"2013",39688,21291,"Jefferson County, IL","05000US17081","jefferson-county-il"
9,"Hispanic",2013,"2013",52727,68587,"Jersey County, IL","05000US17083","jersey-county-il"
9,"Hispanic",2013,"2013",35705,8868,"Jo Daviess County, IL","05000US17085","jo-daviess-county-il"
9,"Hispanic",2013,"2013",26250,23160,"Johnson County, IL","05000US17087","johnson-county-il"
9,"Hispanic",2013,"2013",48439,1743.0000000000002,"Kane County, IL","05000US17089","kane-county-il"
9,"Hispanic",2013,"2013",43189,6271,"Kankakee County, IL","05000US17091","kankakee-county-il"
9,"Hispanic",2013,"2013",58924,6775.999999999999,"Kendall County, IL","05000US17093","kendall-county-il"
9,"Hispanic",2013,"2013",31633,7923,"Knox County, IL","05000US17095","knox-county-il"
9,"Hispanic",2013,"2013",49607,1385,"Lake County, IL","05000US17097","lake-county-il"
9,"Hispanic",2013,"2013",49618,7148,"LaSalle County, IL","05000US17099","lasalle-county-il"
9,"Hispanic",2013,"2013",51094,50893,"Lawrence County, IL","05000US17101","lawrence-county-il"
9,"Hispanic",2013,"2013",38975,8081,"Lee County, IL","05000US17103","lee-county-il"
9,"Hispanic",2013,"2013",42105,13237,"Livingston County, IL","05000US17105","livingston-county-il"
9,"Hispanic",2013,"2013",55000,32207.999999999996,"Logan County, IL","05000US17107","logan-county-il"
9,"Hispanic",2013,"2013",33750,38607,"McDonough County, IL","05000US17109","mcdonough-county-il"
9,"Hispanic",2013,"2013",56495,4233,"McHenry County, IL","05000US17111","mchenry-county-il"
9,"Hispanic",2013,"2013",41825,5498,"McLean County, IL","05000US17113","mclean-county-il"
9,"Hispanic",2013,"2013",40625,19180,"Macon County, IL","05000US17115","macon-county-il"
9,"Hispanic",2013,"2013",41875,30302.999999999996,"Macoupin County, IL","05000US17117","macoupin-county-il"
9,"Hispanic",2013,"2013",46902,12264,"Madison County, IL","05000US17119","madison-county-il"
9,"Hispanic",2013,"2013",38182,12104,"Marion County, IL","05000US17121","marion-county-il"
9,"Hispanic",2013,"2013",46750,27305,"Marshall County, IL","05000US17123","marshall-county-il"
9,"Hispanic",2013,"2013",103036,15151.999999999998,"Mason County, IL","05000US17125","mason-county-il"
9,"Hispanic",2013,"2013",81786,48525,"Massac County, IL","05000US17127","massac-county-il"
9,"Hispanic",2013,"2013",51136,36612,"Menard County, IL","05000US17129","menard-county-il"
9,"Hispanic",2013,"2013",45536,31079.999999999996,"Mercer County, IL","05000US17131","mercer-county-il"
9,"Hispanic",2013,"2013",57321,12677,"Monroe County, IL","05000US17133","monroe-county-il"
9,"Hispanic",2013,"2013",61250,45067,"Montgomery County, IL","05000US17135","montgomery-county-il"
9,"Hispanic",2013,"2013",22396,26435,"Morgan County, IL","05000US17137","morgan-county-il"
9,"Hispanic",2013,"2013",29853,2814,"Moultrie County, IL","05000US17139","moultrie-county-il"
9,"Hispanic",2013,"2013",36680,6805.000000000001,"Ogle County, IL","05000US17141","ogle-county-il"
9,"Hispanic",2013,"2013",41166,4149,"Peoria County, IL","05000US17143","peoria-county-il"
9,"Hispanic",2013,"2013",46875,53370,"Perry County, IL","05000US17145","perry-county-il"
9,"Hispanic",2013,"2013",60536,6192,"Piatt County, IL","05000US17147","piatt-county-il"
9,"Hispanic",2013,"2013",21250,30622.999999999996,"Pike County, IL","05000US17149","pike-county-il"
9,"Hispanic",2013,"2013",46141,363,"Pope County, IL","05000US17151","pope-county-il"
9,"Hispanic",2013,"2013",16641,6301,"Pulaski County, IL","05000US17153","pulaski-county-il"
9,"Hispanic",2013,"2013",40833,30272.999999999996,"Putnam County, IL","05000US17155","putnam-county-il"
9,"Hispanic",2013,"2013",62143,24503,"Randolph County, IL","05000US17157","randolph-county-il"
9,"Hispanic",2013,"2013",38978,2209,"Rock Island County, IL","05000US17161","rock-island-county-il"
9,"Hispanic",2013,"2013",42581,3519,"St. Clair County, IL","05000US17163","st-clair-county-il"
9,"Hispanic",2013,"2013",46250,92579,"Saline County, IL","05000US17165","saline-county-il"
9,"Hispanic",2013,"2013",39360,10105,"Sangamon County, IL","05000US17167","sangamon-county-il"
9,"Hispanic",2013,"2013",58646,43506,"Schuyler County, IL","05000US17169","schuyler-county-il"
9,"Hispanic",2013,"2013",61375,18263,"Shelby County, IL","05000US17173","shelby-county-il"
9,"Hispanic",2013,"2013",33661,11970,"Stephenson County, IL","05000US17177","stephenson-county-il"
9,"Hispanic",2013,"2013",60208,32845,"Tazewell County, IL","05000US17179","tazewell-county-il"
9,"Hispanic",2013,"2013",40800,6769,"Union County, IL","05000US17181","union-county-il"
9,"Hispanic",2013,"2013",34970,6213,"Vermilion County, IL","05000US17183","vermilion-county-il"
9,"Hispanic",2013,"2013",2499,,"Wabash County, IL","05000US17185","wabash-county-il"
9,"Hispanic",2013,"2013",44044,19771,"Warren County, IL","05000US17187","warren-county-il"
9,"Hispanic",2013,"2013",34063,5418,"Washington County, IL","05000US17189","washington-county-il"
9,"Hispanic",2013,"2013",26667,8563,"Wayne County, IL","05000US17191","wayne-county-il"
9,"Hispanic",2013,"2013",78750,132891,"White County, IL","05000US17193","white-county-il"
9,"Hispanic",2013,"2013",38935,7838,"Whiteside County, IL","05000US17195","whiteside-county-il"
9,"Hispanic",2013,"2013",61218,1958.0000000000002,"Will County, IL","05000US17197","will-county-il"
9,"Hispanic",2013,"2013",39083,30552.999999999996,"Williamson County, IL","05000US17199","williamson-county-il"
9,"Hispanic",2013,"2013",35944,2393,"Winnebago County, IL","05000US17201","winnebago-county-il"
9,"Hispanic",2013,"2013",53125,41168,"Woodford County, IL","05000US17203","woodford-county-il"